tier,country,language,language_basis,name,domain,catalogue_sources_in_country,catalogue_sources_in_language,flags
T1,ai,en,export,The Anguillian,theanguillian.com,0,2327,
T1,aw,,,24ora,24ora.com,0,,
T1,aw,nl,export,DAGonline,dagonline.nl,0,24,
T1,aw,,,Telearuba,telearuba.com,0,,
T1,bq,,,Q139798986,megahitfm.com,0,,
T1,cw,nl,export,Curaçao.nu,curacao.nu,0,24,
T1,cw,,,Radio Hoyer,radiohoyer.com,0,,
T1,fk,,,Falkland Islands Television,fitv.co.fk,0,,
T1,gi,en,export,Gibraltar Chronicle,chronicle.gi,0,2327,
T1,gl,,,Myggbukta,isaaffik.org,0,,
T1,gl,da,export,Sermitsiaq,sermitsiaq.ag,0,8,
T1,ky,en,export,daily.ky,daily.ky,0,2327,
T1,mo,,,Canal Macau,tdm.com.mo,0,,
T1,mo,,,Macau Asia Satellite Television,mastv.cc,0,,
T1,nu,,,Broadcasting Corporation of Niue,tvniue.com,0,,
T1,vg,,,ZCBN-FM,tradewinds923.com,0,,
T1,ye,en,export,Childhood,chd.sagepub.com,0,2327,
T1,ye,,,Civilization University journal,journals.civilizationuniv.edu.ye,0,,deep_host
T1,ye,ar,export,Khabar Agency,khbr.me,0,51,
T1,ye,en,export,Q133514431,quni.edu.ye,0,2327,
T1,ye,,,Q138961092,yementdy.com,0,,
T1,ye,,,Q139935123,hesj.org,0,,
T1,ye,,,Q139935270,taiz.edu.ye,0,,
T1,ye,,,Q139935270,tuahj.org,0,,
T1,ye,ar,export,Q139990366,aden-univ.net,0,51,
T1,ye,,,Q6833046,sanaaradio.net,0,,
T1,ye,,,Queen Arwa University journal,journal.qau.edu.ye,0,,deep_host
T1,ye,ar,export,Saba News Agency,saba.ye,0,51,
T1,ye,ar,export,Saba News Agency,sabanew.net,0,51,
T1,ye,,,Yemen TV,yementv.tv,0,,
T2,ad,ca,export,7dies,7dies.net,2,2,
T2,ad,,,Agència de Notícies Andorrana,ana.ad,2,,
T2,ad,,,Andorra Televisió,andorradifusio.ad,2,,
T2,ad,ca,export,Bondia,bondia.ad,2,2,
T2,ad,,,Cadena Dial,cadenadial.com,2,,
T2,ad,ca,export,Diari d'Andorra,diariandorra.ad,2,2,
T2,ad,en,export,El Confiable,elconfiable.com,2,2327,
T2,ad,ca,export,El Periòdic d'Andorra,elperiodic.ad,2,2,
T2,ad,es,export,Europa FM,europafm.com,2,195,
T2,ad,ca,export,La Valira,lavalira.eu,2,2,
T2,ad,,,Q131178555,cadenaser.com,2,,
T2,ad,,,Q136398874,altaveu.com,2,,
T2,ad,ca,export,Q20105618,forum.ad,2,2,
T2,ad,,,Ràdio i Televisió d'Andorra,rtva.ad,2,,
T2,ad,,,Ràdio Valira,radiovalira.ad,2,,
T2,af,,,1TV,1tvmedia.com,4,,
T2,af,,,Afghan TV,boxelet.com,4,,
T2,af,,,Arezo TV,arezo.news,4,,
T2,af,,,ARIA TV,aria.af,4,,
T2,af,,,Bakhtar News Agency,bakhtarnews.af,4,,
T2,af,,,Daily Afghanistan,dailyafghanistan.com,4,,
T2,af,,,Emrooz TV,emroztv.com,4,,
T2,af,,,Eslah TV,eslah.tv,4,,
T2,af,,,FARSI1,farsi1.tv,4,,
T2,af,en,export,Kabul Weekly,kw.af,4,2327,
T2,af,,,Lemar TV,lemar.tv,4,,
T2,af,,,Maihan TV,maihantv.wordpress.com,4,,
T2,af,en,export,Pajhwok Afghan News,pajhwok.com,4,2327,
T2,af,,,Pashto TV,pashtotv.tv,4,,
T2,af,,,Q5679623,mandegardaily.com,4,,
T2,af,,,Radio Azadi,azadiradio.org,4,,
T2,af,,,Radio Begum,begum.fm,4,,
T2,af,,,Radio Television Afghanistan,rta.af,4,,
T2,af,,,Rah-e-Farda,farda.af,4,,
T2,af,,,Sharq,shaiqnetwork.com,4,,
T2,af,,,Spogmai FM,spogmairadio.com,4,,
T2,af,ps,export,Tatobay,tatobaynews.com,4,0,
T2,af,,,The Daily Outlook Afghanistan,outlookafghanistan.net,4,,
T2,af,,,Tolo TV,tolo.tv,4,,
T2,af,,,ZAWIA,zawia.af,4,,
T2,af,,,Zhwandoon TV,zhwandoon.tv,4,,
T2,ag,,,Antigua and Barbuda Broadcasting Services,abstvradio.com,3,,
T2,ag,en,export,CoinGeek,coingeek.com,3,2327,
T2,al,,,ABC News,abcnews.al,3,,
T2,al,sq,export,Agon,gazeta-agon.al,3,2,
T2,al,en,export,Albania Today,albtoday.com,3,2327,
T2,al,,,Albanian Radio Television,rtsh.al,3,,
T2,al,,,Albanian Screen,albanianscreen.tv,3,,
T2,al,,,Albanian Telegraphic Agency,ata.gov.al,3,,
T2,al,,,AMC Love Radio,amcloveradio.net,3,,
T2,al,sq,export,Beder University Journal of Educational Sciences,bjes.beder.edu.al,3,2,deep_host
T2,al,,,Channel One TV,channel-one.al,3,,
T2,al,,,"Club FM, Tirana",clubfm.net,3,,
T2,al,,,Digiplus,digitalb.al,3,,
T2,al,sq,export,Gazeta 55,gazeta55.net,3,2,
T2,al,sq,export,Gazeta Shqip,gazeta-shqip.com,3,2,
T2,al,sq,export,Gazeta Shqiptare,gsh.al,3,2,
T2,al,sq,export,Gazeta Telegraf,gazetatelegraf.com,3,2,
T2,al,sq,export,Gazeta Tema,gazetatema.net,3,2,
T2,al,sq,export,Hylli i Dritës,hyllidrites.com,3,2,
T2,al,sq,export,Klan,revistaklan.com,3,2,
T2,al,sq,export,Koha Jonë,kohajone.com,3,2,
T2,al,sq,export,Korrieri,korrieri.com,3,2,
T2,al,,,Laiko Vima,laikovima.com,3,,
T2,al,,,News 24,news24.al,3,,
T2,al,,,Partizani Channel,tv.partizani.al,3,,
T2,al,,,Plus 2 Radio,plus2radio.com.al,3,,
T2,al,,,POLIS,uet.edu.al,3,,
T2,al,sq,export,Përlindja e Shqipërisë,pdiu.al,3,2,
T2,al,,,Radio Tirana International,rti.rtsh.al,3,,
T2,al,sq,export,Republika,gazetarepublika.al,3,2,
T2,al,sq,export,Rilindja Demokratike,rilindjademokratike.com,3,2,
T2,al,,,RTSH 1,tv.rtsh.al,3,,
T2,al,,,RTV Ora News,oranews.tv,3,,
T2,al,sq,export,Shekulli,shekulli.com.al,3,2,
T2,al,sq,export,Studime historike,ih-revista.edu.al,3,2,
T2,al,,,Syri Television,syri.net,3,,
T2,al,en,export,Tirana Times,tiranatimes.com,3,2327,
T2,al,sq,export,Top Albania Radio,topalbaniaradio.com,3,2,
T2,al,,,Top Channel,top-channel.tv,3,,
T2,al,,,TV Klan,tvklan.al,3,,
T2,al,,,Tëvë 1,teve1.info,3,,
T2,al,,,Vizion Plus,vizionplus.tv,3,,
T2,al,sq,export,Zëri i Popullit,zeri-popullit.com,3,2,
T2,am,hy,export,A1plus,a1plus.am,4,1,
T2,am,hy,export,Aravot,aravot.am,4,1,
T2,am,hy,export,Armenia 2,tv.am,4,1,
T2,am,hy,export,Armenia TV,armeniatv.am,4,1,
T2,am,en,export,Armenian Folia Anglistika,journals.ysu.am,4,2327,
T2,am,,,ArmeniaNow,armenianow.com,4,,
T2,am,hy,export,ATV,atv.am,4,1,
T2,am,hy,export,Azg,azg.am,4,1,
T2,am,,,Cultural Channel,armculturalchannel.com,4,,
T2,am,hy,export,Droshak,droshak.am,4,1,
T2,am,en,export,EVN Report,evnreport.com,4,2327,
T2,am,en,export,Fundamental Armenology,fundamentalarmenology.am,4,2327,
T2,am,ru,export,Golos Armenii,golosarmenii.am,4,38,
T2,am,hy,export,Grakan tert,grakantert.am,4,1,
T2,am,hy,export,Hayastani Hanrapetutyun,hhpress.am,4,1,
T2,am,hy,export,Haykakan zhamanak,armtimes.com,4,1,
T2,am,hy,export,Lav Radio,lavradio.am,4,1,
T2,am,en,export,Lraber Hasarakakan Gitutyunneri,lraber.sci.am,4,2327,
T2,am,en,export,Mediamax news agency,mediamax.am,4,2327,
T2,am,en,export,PanARMENIAN.Net,pan.am,4,2327,
T2,am,hy,export,Public Radio of Armenia,armradio.am,4,1,
T2,am,hy,export,Q114760288,haygithimnadram.am,4,1,
T2,am,en,export,Q13052094,flib.sci.am,4,2327,
T2,am,hy,export,Q13052168,lawinstitute.am,4,1,
T2,am,hy,export,Q13052527,geghamatv.am,4,1,
T2,am,hy,export,Q13052605,gretert.com,4,1,
T2,am,hy,export,Q13052722,ysu.am,4,1,
T2,am,hy,export,Q13053070,loritv.am,4,1,
T2,am,,,Q13053170,khustup.tv,4,,
T2,am,hy,export,Q13053358,jcp.sci.am,4,1,
T2,am,hy,export,Q13053472,rau.am,4,1,
T2,am,hy,export,Q13053736,apnet.am,4,1,
T2,am,hy,export,Q13053919,math.seua.am,4,1,
T2,am,en,export,Q137262807,reopen.media,4,2327,
T2,am,hy,export,Q16364089,168.am,4,1,
T2,am,hy,export,Q16398531,aniedu.am,4,1,
T2,am,hy,export,Q20517511,avangard.am,4,1,
T2,am,hy,export,Q47492335,press.polytechnic.am,4,1,
T2,am,hy,export,Radio Arevik,arevik.armradio.am,4,1,
T2,am,hy,export,Radio Mariam Armenia,radiomariam.am,4,1,
T2,am,ru,export,Respublika Armenia,ra.am,4,38,
T2,am,,,Shant TV,shanttv.com,4,,
T2,am,hy,export,Shoghakat TV,shoghakat.am,4,1,
T2,am,en,export,Tert.am,tert.am,4,2327,
T2,am,hy,export,Vorotan,vorotantert.am,4,1,
T2,am,hy,export,Yerevan,imyerevan.com,4,1,
T2,am,en,export,Yerkir,yerkir.am,4,2327,
T2,az,az,export,"""Azerbaijan muallimi"" newspaper",muallim.edu.az,4,2,
T2,az,,,ANS Radio,ansradio.ws,4,,
T2,az,,,ANS TV,anstv.ws,4,,
T2,az,,,APA TV,apa.tv,4,,
T2,az,az,export,ARB,arbtv.az,4,2,
T2,az,az,export,ARB Cənub,cenub.arbtv.az,4,2,
T2,az,az,export,ARB Günəş,gunesh.arbtv.az,4,2,
T2,az,az,export,ARB Ulduz,alternativtv.az,4,2,
T2,az,az,export,ASAN Radio,asanradio.az,4,2,
T2,az,az,export,Azad Azerbaijan International TV,atv.az,4,2,
T2,az,az,export,Azadliq,azadliq.org,4,2,
T2,az,az,export,Azadliq,azadliq.info,4,2,
T2,az,az,export,Azerbaijan State News Agency,azertag.az,4,2,
T2,az,az,export,"Azerbaycan (newspaper, 1992)",azerbaijan-news.az,4,2,
T2,az,en,export,AzerNews,azernews.az,4,2327,
T2,az,az,export,AzTV,aztv.az,4,2,
T2,az,ru,export,Bakinski Rabochi,br.az,4,38,
T2,az,en,export,Baku Dialogues,bakudialogues.ada.edu.az,4,2327,deep_host
T2,az,az,export,Birja,birja.com,4,2,
T2,az,ru,export,Caliber.az,caliber.az,4,38,
T2,az,ru,export,CBC Azerbaijan,cbc.az,4,38,
T2,az,az,export,CBC Sport,cbcsport.az,4,2,
T2,az,az,export,Dalğa TV,dalga.az,4,2,
T2,az,ru,export,Dîplomata Kurdî,diplomata-kurdi.com,4,38,
T2,az,az,export,Dünya TV,dunyatv.az,4,2,
T2,az,az,export,Haqqın nuru,qafqazislam.com,4,2,
T2,az,az,export,Idman Azerbaijan TV,idmantv.az,4,2,
T2,az,,,IRS Heritage,irs-az.com,4,,
T2,az,az,export,İctimai Radio,ictimairadio.az,4,2,
T2,az,az,export,İctimai Television,itv.az,4,2,
T2,az,az,export,Journal of Azerbaijan Archaeology,jaa.khazar.org,4,2,
T2,az,az,export,Khazar TV,xezertv.az,4,2,
T2,az,az,export,Kəpəz TV,kepeztv.az,4,2,
T2,az,,,Lider TV,lidertv.com,4,,
T2,az,az,export,Medeniyyet TV,medeniyyettv.az,4,2,
T2,az,en,export,Metafizika,metafizikajurnali.az,4,2327,
T2,az,az,export,Mikroskop Media,mikroskopmedia.com,4,2,
T2,az,az,export,Naxçıvan TV,naxcivantv.az,4,2,
T2,az,en,export,Problems of Arts and Culture,pac.az,4,2327,
T2,az,az,export,Q121094525,cljournal.az,4,2,
T2,az,az,export,Q12835176,525.az,4,2,
T2,az,,,Q12837275,baki-xeber.com,4,,
T2,az,az,export,Q12837927,butov.az,4,2,
T2,az,az,export,Q16378554,edebiyyatqazeti.az,4,2,
T2,az,az,export,Q16415703,abiturient.az,4,2,
T2,az,en,export,Q4467669,turkologiya.org,4,2327,
T2,az,az,export,Q65279892,modern.az,4,2,
T2,az,en,export,Q90105925,azerbaijantoday.az,4,2327,
T2,az,az,export,Qafqaz TV,qafqaztv.az,4,2,
T2,az,ru,export,Qafqazinfo,qafqazinfo.az,4,38,
T2,az,tr,export,Show TV,showtv.com.tr,4,26,
T2,az,az,export,Space TV,spacetv.az,4,2,
T2,az,tr,export,Star TV,startv.com.tr,4,26,
T2,az,,,TMB TV,tmb.tv,4,,
T2,az,en,export,Trend News Agency,trend.az,4,2327,
T2,az,en,export,Trend News Agency,az.trend.az,4,2327,
T2,az,en,export,Trend News Agency,ru.trend.az,4,2327,
T2,az,az,export,Xalq qəzeti,xalqqazeti.com,4,2,
T2,az,az,export,Yeni Müsavat,musavat.com,4,2,
T2,ba,bs,export,A Priori,casopisapriori.com,4,3,
T2,ba,en,export,Acta Medica Academica,ama.ba,4,2327,
T2,ba,,,Al Jazeera Balkans,balkans.aljazeera.com,4,,subdomain_of_catalogue_domain
T2,ba,,,Alternativna TV,atvbl.com,4,,
T2,ba,,,AXN Spin,axnspin.com,4,,
T2,ba,,,BIR TV,tv.bir.ba,4,,
T2,ba,sr,export,BN Radio,radiobn.net,4,10,
T2,ba,,,BN Televizija,rtvbn.tv,4,,
T2,ba,sr,export,Bobar Radio,radiobobar.com,4,10,
T2,ba,en,export,Bosnian Journal of Basic Medical Sciences,bjbms.org,4,2327,
T2,ba,,,Catholic Press Agency of the Bishops' Conference of Bosnia and Herzegovina,ktabkbih.net,4,,
T2,ba,,,Center for Investigative Reporting,cin.ba,4,,
T2,ba,hr,export,Crkva na kamenu,cnak.ba,4,9,
T2,ba,,,Dani,bhdani.ba,4,,
T2,ba,bs,export,Dnevni avaz,avaz.ba,4,3,
T2,ba,,,Economics (Bijeljina),oikosinstitut.org,4,,
T2,ba,,,Electronics,els-journal.net,4,,
T2,ba,,,Eon TV,eon.tv,4,,
T2,ba,en,export,Epiphany,epiphany.ius.edu.ba,4,2327,deep_host
T2,ba,,,Federal News Agency,fena.ba,4,,
T2,ba,bs,export,Federalni Radio,rtvfbih.ba,4,3,
T2,ba,sr,export,Filolog,doisrpska.nub.rs,4,10,
T2,ba,sr,export,Filolog,filolog.rs.ba,4,10,
T2,ba,bs,export,Geodetski Glasnik,glasnik.suggsbih.ba,4,3,
T2,ba,sr,export,Glas Srpske,glassrpske.com,4,10,
T2,ba,,,Godišnjak Centra za balkanološka ispitivanja,anubih.ba,4,,
T2,ba,,,Godišnjak Centra za balkanološka ispitivanja,godisnjak.anubih.ba,4,,
T2,ba,en,export,Hercegovina,hercegovina.ff.sum.ba,4,2327,deep_host
T2,ba,en,export,Historijska Misao,drustvohistoricaratk.com,4,2327,
T2,ba,en,export,Human Research in Rehabilitation,human.ba,4,2327,
T2,ba,en,export,Journal of Health Sciences,jhsci.ba,4,2327,
T2,ba,hr,export,Katolički tjednik,nedjelja.ba,4,9,
T2,ba,bs,export,"Medicinski glasnik : official publication of the Medical Association of Zenica-Doboj Canton, Bosnia and Herzegovina",ljkzedo.com.ba,4,3,
T2,ba,bs,export,"Medicinski glasnik : official publication of the Medical Association of Zenica-Doboj Canton, Bosnia and Herzegovina",ljkzedo.ba,4,3,
T2,ba,bs,export,Naša riječ,nasarijec.ba,4,3,
T2,ba,,,Nova (Bosnia and Herzegovina),novabh.tv,4,,
T2,ba,,,NTV Hayat,hayat.ba,4,,
T2,ba,,,O Kanal,okanal.oslobodjenje.ba,4,,
T2,ba,,,ONASA,onasa.com.ba,4,,
T2,ba,bs,export,Oslobođenje,oslobodjenje.ba,4,3,
T2,ba,en,export,Periodicals of Engineering and Natural Sciences (PEN),pen.ius.edu.ba,4,2327,deep_host
T2,ba,sr,export,Pink Soap,pink.rs,4,10,
T2,ba,,,Plenum,plenum.ba,4,,
T2,ba,sr,export,Q124369090,bijeljina.org,4,10,
T2,ba,,,Q139620581,abrasradio.info,4,,
T2,ba,bs,export,Radio 8,radio8.ba,4,3,
T2,ba,,,Radio and Television of Bosnia and Herzegovina,bhrt.ba,4,,
T2,ba,bs,export,Radio BIR,bir.ba,4,3,
T2,ba,,,Radio Brčko District,radiobrcko.ba,4,,
T2,ba,bs,export,Radio M,radiom.ba,4,3,
T2,ba,bs,export,Radio Mix,radiomix.ba,4,3,
T2,ba,hr,export,Radio Rama,radio-rama.info,4,9,
T2,ba,bs,export,Radio Ritam Sarajevo,radioritam.ba,4,3,
T2,ba,bs,export,Radio Sarajevo,radiosarajevo.ba,4,3,
T2,ba,en,export,"Radio Station ""Mir"" Međugorje",radio-medjugorje.com,4,2327,
T2,ba,sr,export,Radio Television of Republika Srpska,rtrs.tv,4,10,
T2,ba,,,Radio-Television of the Federation of Bosnia and Herzegovina,federalna.ba,4,,
T2,ba,,,Radiotelevision of Herzeg-Bosnia,rtv-hb.com,4,,
T2,ba,en,export,Scripta Medica,scriptamedica.com,4,2327,
T2,ba,sr,export,Sportske Nauke i Zdravlje,siz-au.com,4,10,
T2,ba,sr,export,SRNA,srna.rs,4,10,
T2,ba,sr,export,Srpski Istorijski Časopis,srpskiistorijskicasopis.com,4,10,
T2,ba,,,Televizija 5,televizija5.ba,4,,
T2,ba,,,TVSA,tvsa.ba,4,,
T2,ba,,,Veterinaria,veterinaria-sarajevo.com,4,,
T2,bb,,,Caribbean News Agency,cananewsonline.com,3,,
T2,bb,,,CaribVision,caribvision.tv,3,,
T2,bb,,,CBC Radio,947fm.bb,3,,
T2,bb,,,CBC TV 8,cbc.bb,3,,
T2,bb,,,Gone Viral TV,goneviraltv.com,3,,
T2,bb,,,Official Gazette,governmentprintery.gov.bb,3,,
T2,bh,ar,export,Akhbar Al Khaleej,akhbar-alkhaleej.com,3,51,
T2,bh,ar,export,Al Ayam,alayam.com,3,51,
T2,bh,ar,export,Al Bilad,albiladpress.com,3,51,
T2,bh,ar,export,Al-Waqt,alwaqt.com,3,51,
T2,bh,ar,export,Al-Wasat,alwasatnews.com,3,51,
T2,bh,ar,export,Al-Watan,alwatannews.net,3,51,
T2,bh,,,Alarab News Channel,alarabtv.net,3,,
T2,bh,ar,export,Bahrain News Agency,bna.bh,3,51,
T2,bh,en,export,Gulf Daily News,gulf-daily-news.com,3,2327,
T2,bi,,,BeTV,betvburundi.com,2,,
T2,bi,,,Radio Publique Africaine,rpa-radiyoyacu.org,2,,
T2,bj,,,Agence Bénin Presse,abp.gouv.bj,4,,
T2,bj,fr,export,Banouto,banouto.bj,4,205,
T2,bj,fr,export,Boulevard des Infos,boulevard-des-infos.com,4,205,
T2,bj,fr,export,Bénin Intelligent,beninintelligent.com,4,205,
T2,bj,fr,export,Fraternité,fraternitebj.info,4,205,
T2,bj,fr,export,Islam Hebdo,islamhebdonews.net,4,205,
T2,bj,fr,export,L'autre vision,lautrevisionmag.com,4,205,
T2,bj,fr,export,L'Événement Précis,levenementprecis.com,4,205,
T2,bj,fr,export,La Croix du Bénin,lacroixdubenin.com,4,205,
T2,bj,fr,export,La Gazette du Golfe,golfegroupe.com,4,205,
T2,bj,fr,export,La Nation,elodia.intnet.bj,4,205,
T2,bj,fr,export,La Nation,lanation.bj,4,205,
T2,bj,fr,export,Le Matinal,lematinal.bj,4,205,
T2,bj,fr,export,Matin Libre,matinlibre.com,4,205,
T2,bj,,,Q108117905,radiotokpa.info,4,,
T2,bj,fr,export,Q109312593,cappfm.com,4,205,
T2,bj,,,Q139504013,infos229.groupecrytalnews.com,4,,
T2,bj,,,Q139816904,africawebradio.bj,4,,
T2,bj,,,Q78994737,soleilfmbenin.com,4,,
T2,bj,,,Écran Bénin,ecranbenin.net,4,,
T2,bn,en,export,Borneo Bulletin,borneobulletin.com.bn,2,2327,
T2,bn,en,export,Brunei Direct,brudirect.com,2,2327,
T2,bn,,,Kristal-Astro,kristalastro.com,2,,
T2,bn,ms,export,Media Permata,mediapermata.com.bn,2,4,
T2,bn,ms,export,Pelita Brunei,pelitabrunei.gov.bn,2,4,
T2,bn,ms,export,Radio Televisyen Brunei,rtb.gov.bn,2,4,
T2,bn,,,UBD FM,ubdfm.blogspot.com,2,,
T2,bs,en,export,International Journal of Bahamian Studies,journals.sfu.ca,2,2327,
T2,bs,,,The Tribune,tribune242.com,2,,
T2,bs,en,export,ZNS-1,znsbahamas.com,2,2327,
T2,bt,,,Bhutan News Service,bhutannewsservice.com,2,,
T2,bt,en,export,Bhutan Times,bhutantimes.bt,2,2327,
T2,bt,en,export,Kuensel,kuensel.com.bt,2,2327,
T2,bt,dz,export,The Bhutanese,thebhutanese.bt,2,0,
T2,bw,,,Gabz FM,gabzfm.com,3,,
T2,bw,en,export,The Patriot on Sunday,thepatriot.co.bw,3,2327,
T2,bw,,,Yarona FM,yaronafm.co.bw,3,,
T2,by,ru,export,7Art,7art.ru,4,38,
T2,by,ru,export,Alfa Radio,alfaradio.by,4,38,
T2,by,be,export,ARCHE Pachatak,arche.by,4,1,
T2,by,ru,export,Belarus 1,tvr.by,4,38,
T2,by,ru,export,Belarus 2,belarus2.by,4,38,
T2,by,ru,export,Belarus 24,belarus24.by,4,38,
T2,by,be,export,Belarusian folklore. Data and research,ethnoby.org,4,1,
T2,by,en,export,Belarusian Telegraph Agency,belta.by,4,2327,
T2,by,ru,export,Belaruskaya dumka,beldumka.belta.by,4,38,
T2,by,ru,export,Bobruyskiy Kurier,babruysk.by,4,38,
T2,by,ru,export,Brestskiy Kurier,bk-brest.by,4,38,
T2,by,ru,export,Channel «Culture» of Belarusian Radio,radiokultura.by,4,38,
T2,by,ru,export,Flagshtok,flagshtok.info,4,38,
T2,by,be,export,Głos znad Niemna,zpb.org.pl,4,1,
T2,by,ru,export,Informatika,inf.grid.by,4,38,
T2,by,ru,export,Jazz-квадрат,jazzquad.ru,4,38,
T2,by,ru,export,Journal of Engineering Physics and Thermophysics,itmo.by,4,38,
T2,by,be,export,Journal of the Belarusian State University History,journals.bsu.by,4,1,
T2,by,ru,export,Komsomolskaya Pravda in Belarus,kp.by,4,38,
T2,by,be,export,Mastactva,kimpress.by,4,1,
T2,by,en,export,Minsk Dialogue Council on International Relations,minskdialogue.by,4,2327,
T2,by,ru,export,Minskaya Prawda,mlyn.by,4,38,
T2,by,ru,export,Minsknews,minsknews.by,4,38,
T2,by,ru,export,Miorskiya naviny,mijory.by,4,38,
T2,by,en,export,Narodnaja Volya,nv-online.info,4,2327,
T2,by,ru,export,Narodnya Naviny Vitsebska,vitebsk.cc,4,38,
T2,by,be,export,Nastaŭnickaja hazieta,nastgaz.by,4,1,
T2,by,ru,export,National State Television and Radio Company of the Republic of Belarus,news.by,4,38,
T2,by,ru,export,Nauka i Tehnika,sat.bntu.by,4,38,
T2,by,en,export,Nexta,nexta.tv,4,2327,
T2,by,ru,export,Obshchenatsional'noe Televidenie,ont.by,4,38,
T2,by,ru,export,Perspective,rgazeta.by,4,38,
T2,by,be,export,Prajdzisvet,prajdzisvet.org,4,1,
T2,by,ru,export,pressball.by,pressball.by,4,38,
T2,by,ru,export,Pribory i Metody Izmerenij,pimi.bntu.by,4,38,
T2,by,ru,export,Prydnyaprowskaya niva,pniva.by,4,38,
T2,by,ru,export,Q100301853,pramen-news.by,4,38,
T2,by,ru,export,Q101064541,osh.by,4,38,
T2,by,ru,export,Q104889640,maiak.by,4,38,
T2,by,ru,export,Q107286947,catholicnews.by,4,38,
T2,by,ru,export,Q109174118,p-shkola.by,4,38,
T2,by,ru,export,Q110560448,edinstvo.by,4,38,
T2,by,ru,export,Q111722519,kv.by,4,38,
T2,by,ru,export,Q111983046,polese.by,4,38,
T2,by,ru,export,Q111986684,rodniva.by,4,38,
T2,by,ru,export,Q111986692,krugloe.by,4,38,
T2,by,ru,export,Q111986702,klich.by,4,38,
T2,by,ru,export,Q111986714,krichevlive.by,4,38,
T2,by,ru,export,Q111986791,gorkiv.by,4,38,
T2,by,ru,export,Q111986872,kirovsk.by,4,38,
T2,by,ru,export,Q111986895,slavgorod.by,4,38,
T2,by,ru,export,Q111986929,chausynews.by,4,38,
T2,by,ru,export,Q111986971,knews.by,4,38,
T2,by,ru,export,Q111987142,kleck.by,4,38,
T2,by,,,Q113585561,ganc-chas.com,4,,
T2,by,ru,export,Q118291380,shklovinfo.by,4,38,
T2,by,ru,export,Q120031064,vayar.mil.by,4,38,
T2,by,ru,export,Q12150328,gazetaby.com,4,38,
T2,by,be,export,Q124173601,kultura-info.by,4,1,
T2,by,be,export,Q13027898,ave-maria.by,4,1,
T2,by,be,export,Q13028880,dompressy.by,4,1,
T2,by,be,export,Q13031747,n-asveta.by,4,1,
T2,by,be,export,Q13032461,dokshitsy.by,4,1,
T2,by,be,export,Q13133273,dziejaslou.by,4,1,
T2,by,ru,export,Q134611521,babruisk.info,4,38,
T2,by,ru,export,Q137474882,drogichin.by,4,38,
T2,by,be,export,Q140354325,mrb.ave-maria.by,4,1,
T2,by,ru,export,Q140388015,vrgames.by,4,38,
T2,by,ru,export,Q18690085,praleska-red.by,4,38,
T2,by,be,export,Q3656361,mastlit.by,4,1,
T2,by,,,Q4126761,8channel.tv,4,,
T2,by,ru,export,Q4299201,mogpravda.by,4,38,
T2,by,ru,export,Q43373785,polotsk-psv.by,4,38,
T2,by,,,Q4362793,pilotfm.com,4,,
T2,by,ru,export,Q4438122,sportpanorama.by,4,38,
T2,by,ru,export,Q52766526,gorka.by,4,38,
T2,by,be,export,Q6466011,bobrlife.by,4,1,
T2,by,be,export,Q6520849,media.catholic.by,4,1,
T2,by,ru,export,Q6541380,tribunapracy.by,4,38,
T2,by,ru,export,Q67193219,zarya.by,4,38,
T2,by,ru,export,Q67198069,vg-gazeta.by,4,38,
T2,by,ru,export,Q67199660,zara.by,4,38,
T2,by,ru,export,Q75535638,lluban.by,4,38,
T2,by,ru,export,Q83615977,senno.by,4,38,
T2,by,ru,export,Q85398871,orshanka.by,4,38,
T2,by,ru,export,Q85411781,braslav-star.by,4,38,
T2,by,ru,export,Q85430553,d-p.by,4,38,
T2,by,ru,export,Q85476391,dubrovno.by,4,38,
T2,by,ru,export,Q85487916,pridvinje.by,4,38,
T2,by,ru,export,Q85506138,gztzara.by,4,38,
T2,by,ru,export,Q85596863,lepel-kraj.by,4,38,
T2,by,be,export,Q85621160,natal.by,4,1,
T2,by,ru,export,Q85621540,novaya.by,4,38,
T2,by,ru,export,Q85663754,postawy.by,4,38,
T2,by,ru,export,Q85685608,pvestnik.by,4,38,
T2,by,ru,export,Q86053952,chashnikinews.by,4,38,
T2,by,ru,export,Q88866593,shumilino.by,4,38,
T2,by,ru,export,Q89268322,belpatriot.by,4,38,
T2,by,pl,export,Q9250151,echapolesia.pl,4,19,
T2,by,ru,export,Q94413171,cherikovnews.by,4,38,
T2,bz,,,Great Belize Television,channel5belize.com,2,,
T2,bz,,,LOVE FM,lovefm.com,2,,
T2,bz,,,WAVE Radio,belizeweb.com,2,,
T2,cf,,,Radio Ndeke Luka,radiondekeluka.org,1,,
T2,cg,,,Africanews,fr.africanews.com,2,,subdomain_of_catalogue_domain
T2,cg,fr,export,La Semaine africaine,lasemaineafricaine.net,2,205,
T2,cg,,,Radio Maria Congo,radiomaria.cg,2,,
T2,cm,en,export,Africa Presse,africapresse.com,3,2327,
T2,cm,,,Balafon Radio,radiobalafon.net,3,,
T2,cm,,,Balafon TV,balafontv.net,3,,
T2,cm,en,export,Cameroon Tribune,cameroon-tribune.cm,3,2327,
T2,cm,,,canal 2 International,canal2international.net,3,,
T2,cm,,,CRTV-Télé,crtv.cm,3,,
T2,cm,,,Health Sciences and Diseases,hsd-fmsb.org,3,,
T2,cv,,,Inforpress,inforpress.publ.cv,4,,
T2,cv,,,Jornal Horizonte,jhorizonte.com,4,,
T2,cv,pt,export,Jornal O Cidadão,hostultra.com,4,55,
T2,cv,,,RecordTV Cabo Verde,recordeuropa.com,4,,
T2,cv,,,Rádio Morabeza,radiomorabeza.cv,4,,
T2,cy,el,export,ANT1,antenna.gr,3,13,
T2,cy,,,Cypriot Journal of Educational Sciences,world-education-center.org,3,,
T2,cy,,,Cyprus News Agency,cna.org.cy,3,,
T2,cy,tr,export,Folklor/Edebiyat,folkloredebiyat.org,3,26,
T2,cy,,,Haravgi,haravgi.com.cy,3,,
T2,cy,,,Logos Radio,megatv.com.cy,3,,
T2,cy,,,Politis,politis.com.cy,3,,
T2,cy,,,Q3567002,ant1iwo.com,3,,
T2,cy,ru,export,Q4345341,cinetv.ru,3,38,
T2,cy,,,Q61741880,alphacyprus.com.cy,3,,
T2,cy,,,Q6841364,metv.org,3,,
T2,cy,,,Radio Astra,dialogos.com.cy,3,,
T2,cy,,,Radio Proto,radioproto.com.cy,3,,
T2,cy,,,RIK 1,cybc.com.cy,3,,
T2,cy,,,Sat 7 Arabic,sat7.org,3,,
T2,cy,,,Sat 7 Arabic,sat7arabic.com,3,,
T2,cy,,,Sat 7 Kids,sat7kids.com,3,,
T2,cy,,,Sat 7 Pars,sat7pars.com,3,,
T2,cy,,,Sigma TV,sigmalive.com,3,,
T2,cy,,,Sigma TV,sigmatv.com,3,,
T2,cy,,,World Journal on Educational Technology,wj-et.eu,3,,
T2,cy,,,World Journal on Educational Technology,sproc.org,3,,
T2,dj,ar,export,Al Qarn,alqarn.dj,1,51,
T2,dj,,,Q106463747,adi.dj,1,,
T2,dj,,,Radiodiffusion Télévision de Djibouti,rtd.dj,1,,
T2,do,,,Antena 7,antena7.com.do,3,,
T2,do,,,Atardecer.com.do,atardecer.com.do,3,,
T2,do,,,CDN 37 - News TV Station,cdn.com.do,3,,
T2,do,es,export,Ciencia Y Sociedad,revistas.intec.edu.do,3,195,deep_host
T2,do,,,El Nacional,elnacional.com.do,3,,
T2,do,,,Hoy,hoy.com.do,3,,
T2,do,es,export,Kilig News,kilignews.com,3,195,
T2,do,,,Listín Diario,listindiario.com,3,,
T2,do,,,Los 40 República Dominicana,los40.do,3,,
T2,do,es,export,Montecristi News,montecristinews.com,3,195,
T2,do,es,export,Noticia.do,noticia.do,3,195,
T2,do,es,export,Q138244907,eldia.com.do,3,195,
T2,do,es,export,Ranking Latinos,rankinglatinos.es,3,195,
T2,do,,,SuperCanal,supercanal.com,3,,
T2,ee,et,export,3+,3plus.tv3.ee,4,3,
T2,ee,lt,export,3+,tv3.lt,4,3,
T2,ee,lv,export,3+,tv3.lv,4,3,
T2,ee,en,export,Acta Baltica Historiae et Philosophiae Scientiarum,bahps.org,4,2327,
T2,ee,et,export,Agraarteadus,agrt.emu.ee,4,3,
T2,ee,et,export,Agraarteadus,dspace.emu.ee,4,3,
T2,ee,et,export,Ajalooline Ajakiri,ojs.utlib.ee,4,3,
T2,ee,et,export,Ajalooline Ajakiri,kleio.ee,4,3,
T2,ee,et,export,Akadeemia,akad.ee,4,3,
T2,ee,en,export,Baltic Journal of European Studies,ies.ee,4,2327,
T2,ee,et,export,Baltic News Service,bns.ee,4,3,
T2,ee,lt,export,Baltic News Service,bns.lt,4,3,
T2,ee,lv,export,Baltic News Service,bns.lv,4,3,
T2,ee,ru,export,Delovõje Vedomosti,dv.ee,4,38,
T2,ee,da,export,Disney XD,disneyxd.disney.dk,4,8,
T2,ee,no,export,Disney XD,disneyxd.disney.no,4,0,
T2,ee,sv,export,Disney XD,disneyxd.disney.se,4,12,
T2,ee,fi,export,Disney XD,disney.fi,4,4,
T2,ee,et,export,Duo 4,kanal11.ee,4,3,
T2,ee,et,export,Duo 5,kanal12.ee,4,3,
T2,ee,et,export,Eesti Ekspress,dea.digar.ee,4,3,
T2,ee,et,export,Eesti Ekspress,ekspress.delfi.ee,4,3,subdomain_of_catalogue_domain
T2,ee,et,export,Eesti Ekspress,digar.ee,4,3,
T2,ee,et,export,Eesti Ekspress,ekspress.ee,4,3,
T2,ee,et,export,Eesti Loodus,loodusajakiri.ee,4,3,
T2,ee,et,export,Eesti Majanduspoliitilised Väitlused,www-1.mtk.ut.ee,4,3,deep_host
T2,ee,et,export,Eesti Majanduspoliitilised Väitlused,mattimar.ee,4,3,
T2,ee,et,export,Eesti Päevaleht,epl.delfi.ee,4,3,subdomain_of_catalogue_domain
T2,ee,en,export,Eesti Rakenduslingvistika Ühingu Aastaraamat / Estonian Papers in Applied Linguistics,rakenduslingvistika.ee,4,2327,
T2,ee,en,export,Estonian Journal of Archaeology,eap.ee,4,2327,
T2,ee,en,export,Estonian Journal of Ecology,kirj.ee,4,2327,
T2,ee,et,export,Estonian Journal of Education,eha.ut.ee,4,3,
T2,ee,en,export,Estonian Journal of Engineering,books.google.ee,4,2327,
T2,ee,et,export,Estonian Public Broadcasting,err.ee,4,3,
T2,ee,et,export,ETV+,etvpluss.err.ee,4,3,
T2,ee,et,export,ETV2,etv2.err.ee,4,3,
T2,ee,et,export,Grüüne,gryyne.ee,4,3,
T2,ee,en,export,Interlitteraria,tyk.ee,4,2327,
T2,ee,en,export,Journal of Ethnology and Folkloristics,jef.ee,4,2327,
T2,ee,en,export,Juridica International,juridicainternational.eu,4,2327,
T2,ee,et,export,Järva Teataja,jarvateataja.postimees.ee,4,3,subdomain_of_catalogue_domain
T2,ee,et,export,Kesknädal,kesknadal.ee,4,3,
T2,ee,et,export,KidZone Max,kidzonemax.ee,4,3,
T2,ee,,,Kohviradio,kohviradio.com,4,,
T2,ee,et,export,Kroonika,kroonika.ee,4,3,
T2,ee,et,export,Linnaleht,linnaleht.ee,4,3,
T2,ee,et,export,Looming,digar.nlib.ee,4,3,
T2,ee,et,export,Looming,kl.ee,4,3,
T2,ee,et,export,Looming,looming.ee,4,3,
T2,ee,et,export,Lääne Elu,online.le.ee,4,3,
T2,ee,et,export,Methis: Studia Humaniora Estonica,methis.ee,4,3,
T2,ee,ru,export,Molodjož Estonii,moles.ee,4,38,
T2,ee,et,export,Muhulane,muhu.ee,4,3,
T2,ee,et,export,Ninniku,eki.ee,4,3,
T2,ee,,,Orsent TV,orsent.eu,4,,
T2,ee,et,export,Power Hit Radio,power.tv3.ee,4,3,
T2,ee,et,export,Purjetaja,puri.ee,4,3,
T2,ee,et,export,Q113319212,sss-radio.ee,4,3,
T2,ee,et,export,Q113320012,jumorfm.ee,4,3,
T2,ee,et,export,Raadio 2,r2.err.ee,4,3,
T2,ee,ru,export,Raadio 4,r4.err.ee,4,38,
T2,ee,et,export,Raadio 7,raadio7.ee,4,3,
T2,ee,et,export,Radio Kuku,kuku.ee,4,3,
T2,ee,et,export,Radio Nostalgia,radionostalgia.ee,4,3,
T2,ee,,,Seitse,seitse.tv,4,,
T2,ee,en,export,Sign Systems Studies,portaal.nlib.ee,4,2327,
T2,ee,en,export,Sign Systems Studies,sss.ut.ee,4,2327,
T2,ee,en,export,Sign Systems Studies,ut.ee,4,2327,
T2,ee,,,Sky Plus,skyplus.fm,4,,
T2,ee,,,SKY Radio,sky-radio.fm,4,,
T2,ee,et,export,Star FM,starfm.tv3.ee,4,3,
T2,ee,en,export,Studia Philosophica Estonica,spe.ut.ee,4,2327,
T2,ee,en,export,Studies of Transition States and Societies,tlu.ee,4,2327,
T2,ee,fi,export,Tallinna24,helsinginuutiset.fi,4,4,
T2,ee,et,export,Uma Leht,umaleht.ee,4,3,
T2,ee,et,export,Universitas Tartuensis,ajakiri.ut.ee,4,3,
T2,ee,et,export,Vikerraadio,vikerraadio.err.ee,4,3,
T2,ee,en,export,Yearbook of Balkan and Baltic Studies,folklore.ee,4,2327,
T2,ee,et,export,Äripäev,ap3.ee,4,3,
T2,ee,et,export,Äripäev,aripaev.ee,4,3,
T2,ee,et,export,Õiguskeel,just.ee,4,3,
T2,fm,,,East Coast FM,eastcoast.fm,1,,
T2,fm,en,export,Mood 92.0 FM,mood.fm,1,2327,
T2,fm,ms,export,Sinar FM,sinar.fm,1,4,
T2,fo,,,Kringvarp Føroya,kvf.fo,1,,
T2,fo,,,Kvinna,kvinna.fo,1,,
T2,fo,fo,export,Q2511003,mentanarrit.fo,1,0,
T2,fo,fo,export,Sosialurin,sosialurin.fo,1,0,
T2,fo,,,Vikublaðið,vikublad.fo,1,,
T2,ga,,,Africa Nº1,africaradio.com,2,,
T2,ga,,,Gabon Press Agency,agpgabon.ga,2,,
T2,gm,,,Journal of Integrated Sciences,jis.iou.edu.gm,2,,deep_host
T2,gm,en,export,The Point,thepoint.gm,2,2327,
T2,gn,fr,export,Africaguinee,africaguinee.com,2,205,
T2,gn,,,Espace TV,espacetvguinee.info,2,,
T2,gn,,,Guinean Press Agency,agpguinee.com,2,,
T2,gn,fr,export,Le Lynx,lelynx.net,2,205,
T2,gn,fr,export,Le Révélateur 224,lerevelateur224.com,2,205,
T2,gn,,,Ledjely,ledjely.com,2,,
T2,gn,fr,export,Mediaguinee,mediaguinee.org,2,205,
T2,gn,,,Q133838686,kadifm.com,2,,
T2,gn,,,Q25388214,journalhoroya.info,2,,
T2,gn,,,Radio télévision guinéenne,rtgguinee.info,2,,
T2,gn,fr,export,Vision Guinee,visionguinee.info,2,205,
T2,gq,,,Asonga TV,asongartv.com,1,,
T2,gq,,,Radio Nacional de Guinea Equatorial,radiomalabo.com,1,,
T2,gq,,,TVGE,tvgelive.gq,1,,
T2,gw,,,Guinea-Bissau Television,tgb.gw,1,,
T2,gw,,,National Broadcasting of Guinea-Bissau,rdngbissau.gw,1,,
T2,gw,,,Q48879330,ang.gw,1,,
T2,hn,,,Azteca Honduras,aztecahonduras.com,4,,
T2,hn,,,CampusTV,campushd.tv,4,,
T2,hn,,,Canal 3 Quimistan,canal3quimistan.com,4,,
T2,hn,,,Canal 7,fibexplay.tv,4,,
T2,hn,,,Canal 8 Honduras,tnh.gob.hn,4,,
T2,hn,,,CBC TV,canal6hn.com,4,,
T2,hn,,,El Periódico,elperiodico.hn,4,,
T2,hn,es,export,El Tiempo,tiempo.hn,4,195,
T2,hn,,,HCH,hch.tv,4,,
T2,hn,,,HRCV-TV,televicentro.hn,4,,
T2,hn,,,HRYW,panamericanafm.com,4,,
T2,hn,es,export,La Gaceta,lagaceta.hn,4,195,
T2,hn,es,export,La Tribuna,latribuna.hn,4,195,
T2,hn,es,export,Q5822091,elheraldo.hn,4,195,
T2,hn,,,Q61883227,oncenoticias.hn,4,,
T2,hn,,,Telecadena,televicentro.com,4,,
T2,hn,,,Todo Deportes TV,tododeportestv.com,4,,
T2,hn,,,VTV,vtv.com.hn,4,,
T2,jm,,,CVM Television,cvmtv.com,4,,
T2,jm,,,Gospel JA FM,gospelja.com,4,,
T2,jm,,,Public Broadcasting Corporation of Jamaica,pbcjamaica.org,4,,
T2,jm,,,Television Jamaica,televisionjamaica.com,4,,
T2,kg,ru,export,AKIpress News Agency,akipress.org,4,38,
T2,kg,ky,export,Azattyk,rus.azattyk.org,4,0,
T2,kg,ky,export,Azattyk,azattyk.org,4,0,
T2,kg,en,export,Eurasian Journal of Business and Economics,ejbe.org,4,2327,
T2,kg,,,Heart Vessels and Transplantation,hvt-journal.com,4,,
T2,kg,en,export,Kabar,kabar.kg,4,2327,
T2,kg,en,export,Kabar,ru.kabar.kg,4,2327,
T2,kg,en,export,Kabar,en.kabar.kg,4,2327,
T2,kg,en,export,Kabar,tr.kabar.kg,4,2327,
T2,kg,en,export,Kabar,ar.kabar.kg,4,2327,
T2,kg,en,export,Kabar,cn.kabar.kg,4,2327,
T2,kg,,,MANAS : Journal of Engineering,journals.manas.edu.kg,4,,deep_host
T2,kg,,,Q104665933,mp.kg,4,,
T2,kg,,,Q104889693,dv.kg,4,,
T2,kg,ru,export,Q63981498,msn.kg,4,38,
T2,kg,,,Super Info,super.kg,4,,
T2,kg,ru,export,Vecherniy Bishkek,vb.kg,4,38,
T2,kh,,,Agence Kampuchea Press,akp.gov.kh,3,,
T2,kh,,,Cambodian Television Network,ctn.com.kh,3,,
T2,kh,,,Hang Meas HDTV,hangmeas.com.kh,3,,
T2,kh,,,Phnom Penh Cable Television,ppctv.com.kh,3,,
T2,kh,en,export,The Cambodia Daily,cambodiadaily.com,3,2327,
T2,kh,en,export,The Phnom Penh Post,postkhmer.com,3,2327,
T2,kh,,,TV5 Cambodia,tv5hd.com,3,,
T2,kh,,,Voice of Democracy,vodenglish.news,3,,
T2,kh,,,Voice of Democracy,vodkhmer.news,3,,
T2,km,fr,export,Al-Watwan,alwatwan.net,2,205,
T2,kp,ko,export,Chongnyon Jonwi,youth.rep.kp,2,10,
T2,kp,ko,export,Korean Central News Agency,kcna.kp,2,10,
T2,kp,en,export,North Korean Review,mcfarlandpub.com,2,2327,
T2,kp,en,export,North Korean Review,metapress.com,2,2327,
T2,kp,en,export,North Korean Review,northkoreanreview.com,2,2327,
T2,kp,ko,export,Rodong Sinmun,rodong.rep.kp,2,10,
T2,kp,en,export,The Pyongyang Times,pyongyangtimes.com.kp,2,2327,
T2,kp,,,Uriminzokkiri,uriminzokkiri.com,2,,
T2,kp,ko,export,Vantage Point: Developments in North Korea,english.yonhapnews.co.kr,2,10,deep_host
T2,la,,,Khaosan Pathet Lao,kpl.gov.la,2,,
T2,la,,,Lao National Radio,lnr.org.la,2,,
T2,la,,,Lao National Television,lntv.gov.la,2,,
T2,la,lo,export,Pasaxon,pasaxon.org.la,2,0,
T2,la,en,export,Vientiane Times,vientianetimes.org.la,2,2327,
T2,la,en,export,Vientiane Times,vientianetimeslao.la,2,2327,
T2,lc,,,Radio Caraïbes International,rci.fm,3,,
T2,li,,,1FLTV,1fl.li,1,,
T2,li,de,export,Liechtensteiner Vaterland,vaterland.li,1,62,
T2,li,de,export,Liechtensteiner Volksblatt,volksblatt.li,1,62,
T2,li,de,export,Neue Liewo,liewo.li,1,62,
T2,li,,,Radio Liechtenstein,radio.li,1,,
T2,li,,,Sport Report Liechtenstein,sport-report.li,1,,
T2,lr,en,export,The Analyst,analystliberiaonline.com,3,2327,
T2,lr,en,export,The Inquirer,theinquirer.com.lr,3,2327,
T2,ls,en,export,The Silo,thesilo.co.ls,2,2327,
T2,lt,lt,export,2TV,liukstv.lt,4,3,
T2,lt,lt,export,Acta Academiae Artium Vilnensis,aaav.vda.lt,4,3,
T2,lt,en,export,Acta Historica Universitatis Klaipedensis,briai.ku.lt,4,2327,
T2,lt,lt,export,Atžalynas,atzalynas.kedainiai.lm.lt,4,3,deep_host
T2,lt,lt,export,AVVA,avva.lt,4,3,
T2,lt,en,export,Baltistica,eia.libis.lt,4,2327,
T2,lt,en,export,Baltistica,baltistica.lt,4,2327,
T2,lt,lt,export,Bendrinė Kalba,bendrinekalba.lt,4,3,
T2,lt,lt,export,BTV,btv.lt,4,3,
T2,lt,lt,export,Business: Theory and Practice,btp.vgtu.lt,4,3,
T2,lt,lt,export,Business: Theory and Practice,journals.vilniustech.lt,4,3,
T2,lt,pt,export,Cibertextualidades,cibertextualidades.ufp.edu.pt,4,55,deep_host
T2,lt,lt,export,"Coactivity: Philology, Educology",vb.vilniustech.lt,4,3,
T2,lt,en,export,Computational Science and Techniques,e-journals.ku.lt,4,2327,
T2,lt,lt,export,ELTA,elta.lt,4,3,
T2,lt,en,export,Entrepreneurship and Sustainability Issues,jssidoi.org,4,2327,
T2,lt,lv,export,European Hit Radio,ehrhiti.lv,4,3,
T2,lt,lt,export,European Hit Radio,europeanhitradio.lt,4,3,
T2,lt,en,export,European Integration Studies,eis.ktu.lt,4,2327,
T2,lt,lt,export,Flintas,flintas.lt,4,3,
T2,lt,lt,export,Geografija ir Edukacija,lgd.lt,4,3,
T2,lt,lt,export,Geras FM,gerasfm.lt,4,3,
T2,lt,lt,export,Health Policy and Management,ojs.mruni.eu,4,3,
T2,lt,lt,export,Informatics in Education,infedu.vu.lt,4,3,
T2,lt,lt,export,International Journal of Psychology: A Biopsychosocial Approach,vdu.lt,4,3,
T2,lt,en,export,Journal of Business Economics and Management,journals.vgtu.lt,4,2327,
T2,lt,en,export,Journal of Civil Engineering and Management,tandf.co.uk,4,2327,
T2,lt,en,export,Journal of Vibroengineering,jvejournals.com,4,2327,
T2,lt,en,export,Journal of Vibroengineering,extrica.com,4,2327,
T2,lt,,,Jurisprudence,jurisprudencija.mruni.eu,4,,
T2,lt,lt,export,Kauno diena,kaunodiena.lt,4,3,
T2,lt,lt,export,Kauno diena,kauno.diena.lt,4,3,
T2,lt,,,KTU radio Gaudeamus,gaudeamus.fm,4,,
T2,lt,lt,export,Laluna,laluna.lt,4,3,
T2,lt,lt,export,Lietuvos Archaeologija,ei.libis.lt,4,3,
T2,lt,lt,export,Lietuvos istorijos metraštis,istorija.lt,4,3,
T2,lt,lt,export,Lietuvos rytas,lrytas.lt,4,3,
T2,lt,lt,export,Lietuvos rytas TV,tv.lrytas.lt,4,3,
T2,lt,lt,export,Lietuvos žinios,lzinios.lt,4,3,
T2,lt,ru,export,Litovskij kurjer,kurier.lt,4,38,
T2,lt,en,export,Lituanistica,lmaleidykla.lt,4,2327,
T2,lt,lt,export,LNK,lnk.lt,4,3,
T2,lt,,,M1,m-1.fm,4,,
T2,lt,lt,export,Management Theory and Studies for Rural Business and Infrastructure Development,ejournals.vdu.lt,4,3,
T2,lt,lt,export,Mano namai,manonamai.lt,4,3,
T2,lt,lt,export,Medžiagotyra,matsc.ktu.lt,4,3,
T2,lt,lt,export,Nonlinear Analysis,journals.vu.lt,4,3,
T2,lt,lt,export,Play Radio,playradio.lt,4,3,
T2,lt,lt,export,Power Hit Radio,powerhitradio.lt,4,3,
T2,lt,lt,export,Problemos,zurnalai.vu.lt,4,3,
T2,lt,en,export,Public Policy and Administration,ppa.sagepub.com,4,2327,
T2,lt,lt,export,Q113623682,relaxfm.lt,4,3,
T2,lt,lt,export,Q12674682,tau.lt,4,3,
T2,lt,lt,export,Q16457939,15min.lt,4,3,
T2,lt,lt,export,Radijas 9,radijas9.lt,4,3,
T2,lt,lt,export,Radiocentras,rc.lt,4,3,
T2,lt,lt,export,Raduga,raduga.lt,4,3,
T2,lt,en,export,Social Transformations in Contemporary Society,stics.mruni.eu,4,2327,
T2,lt,,,Socialinis Darbas,mruni.eu,4,,
T2,lt,,,Socialinis Darbas,www3.mruni.eu,4,,
T2,lt,lt,export,Socialinis Darbas: Patirtis ir Metodai,sd.vdu.lt,4,3,
T2,lt,lt,export,Sport1,sport1.lt,4,3,
T2,lt,lt,export,Tautosakos Darbai,llti.lt,4,3,
T2,lt,lt,export,Tavo vaikas,tavovaikas.lt,4,3,
T2,lt,lt,export,TV1,tv1.lt,4,3,
T2,lt,,,TV3 Group,tv3group.eu,4,,
T2,lt,lt,export,TV6,tv6.tv3.lt,4,3,
T2,lt,lt,export,TV8,tv8.lt,4,3,
T2,lt,pl,export,TVP Wilno,wilno.tvp.pl,4,19,
T2,lt,lt,export,Vakarų ekspresas,ve.lt,4,3,
T2,lt,lt,export,Verslo žinios,vz.lt,4,3,
T2,lt,lt,export,Vox Maris,voxmaris.lt,4,3,
T2,lt,lt,export,Zemdirbyste: Agriculture,zemdirbyste-agriculture.lt,4,3,
T2,lt,lt,export,Zip FM,zipfm.lt,4,3,
T2,lt,lt,export,Žinių radijas,ziniuradijas.lt,4,3,
T2,ly,,,218TV,218tv.net,1,,
T2,ly,,,Aljamahiriya TV,lj-bc.tv,1,,
T2,ly,,,Alwatania TV,ltv.ly,1,,
T2,ly,en,export,International Journal of English Language and Translation Studies,eltsjournal.org,1,2327,
T2,ly,,,Jamahiriya News Agency,lana.gov.ly,1,,
T2,ly,,,Journal of pure & applied sciences,sebhau.edu.ly,1,,
T2,ly,,,Libya Al Ahrar TV,libyaalahrar.tv,1,,
T2,ly,,,Libya Alrasmia Channel,alrasmia.ly,1,,
T2,ly,,,Libya Panorama Channel,lpc.ly,1,,
T2,ly,ar,export,Libya's Channel,libyaschannel.com,1,51,
T2,ly,,,Libyan Business TV,libyanbusiness.tv,1,,
T2,ly,,,Libyan Jamahiriya Broadcasting Corporation,ljbc.tv,1,,
T2,ly,en,export,Open veterinary journal,openveterinaryjournal.com,1,2327,
T2,ly,,,Wasat TV,alwasat.ly,1,,
T2,mc,,,Radio Monaco,radio-monaco.com,3,,
T2,mc,,,Riviera Radio,rivieraradio.mc,3,,
T2,mc,,,RMC,rmc.bfmtv.com,3,,subdomain_of_catalogue_domain
T2,mc,,,Superyacht TV,superyacht.tv,3,,
T2,mc,fr,export,TMC,tf1.fr,3,205,
T2,mc,,,TVMONACO,tvmonaco.com,3,,
T2,md,ro,export,"Akademos: Revista de Știință, Inovare, Cultură și Artă",akademos.asm.md,4,14,
T2,md,,,Ana Sözü,anasozu.com,4,,
T2,md,ro,export,Archiva Moldaviae,archivamoldaviae.ro,4,14,
T2,md,,,Axial TV,axialtv.md,4,,
T2,md,,,BTV,btv.md,4,,
T2,md,,,Canal 3,canal3.md,4,,
T2,md,en,export,"Chemistry Journal of Moldova: General, Industrial and Ecological Chemistry",cjm.asm.md,4,2327,
T2,md,en,export,Computer Science Journal of Moldova,math.md,4,2327,
T2,md,ro,export,Contrafort,contrafort.md,4,14,
T2,md,en,export,CSIE Working Papers Series,csei.ase.md,4,2327,
T2,md,,,DTV,dtv.md,4,,
T2,md,,,Eco FM,ecofm.md,4,,
T2,md,en,export,Economy and Sociology,es.ince.md,4,2327,
T2,md,,,Inter FM,inter-fm.com,4,,
T2,md,ro,export,"Journal of Research on Trade, Management and Economic Development",jrtmed.uccm.md,4,14,
T2,md,,,Jurnal FM,jurnalfm.md,4,,
T2,md,,,Jurnal TV,jurnaltv.md,4,,
T2,md,,,Limbaj si Context,usarb.md,4,,
T2,md,ro,export,Observatorul de Nord,observatorul.md,4,14,
T2,md,,,"Plural: History, Culture, Society",plural.upsc.md,4,,
T2,md,ro,export,Problems of the Regional Energetics,journal.ie.asm.md,4,14,deep_host
T2,md,ro,export,Psihologia. Pedagogia specială. Asistența socială,psihologie.upsc.md,4,14,
T2,md,ro,export,Psihologie,key.upsc.md,4,14,
T2,md,,,Publika TV,publika.md,4,,
T2,md,ro,export,Q118947373,muzeu.md,4,14,
T2,md,ro,export,Q122030528,natura.md,4,14,
T2,md,ro,export,Q16486879,it-moldova.md,4,14,
T2,md,,,Q23828072,hitfm.md,4,,
T2,md,,,Radio Chișinău,m.radiochisinau.md,4,,
T2,md,,,Radio Moldova Muzical,trm.md,4,,
T2,md,,,Radio Noroc,radionoroc.md,4,,
T2,md,ro,export,Revista Arheologică,archaeology.asm.md,4,14,
T2,md,ro,export,Revista de Etnologie și Culturologie,ethnology.asm.md,4,14,
T2,md,,,RTR Moldova,rtr.md,4,,
T2,md,ru,export,Rusin,journals.tsu.ru,4,38,
T2,md,,,Stiinta Agricola,sa.uasm.md,4,,
T2,md,ro,export,Stratum Plus,ant.md,4,14,
T2,md,,,Studia Universitatis Moldaviae: Stiinte ale Educatiei,usm.md,4,,
T2,md,ro,export,"Studiul Artelor și Culturologie: Istorie, Teorie, Practică",revista.amtap.md,4,14,
T2,md,en,export,The Moldovan Medical Journal,moldmedjournal.md,4,2327,
T2,md,,,TV6,tv6.live,4,,
T2,md,,,TV8,tv8.md,4,,
T2,md,,,TVR Moldova,tvrmoldova.md,4,,
T2,md,ro,export,Tyragetia,nationalmuseum.md,4,14,
T2,md,,,Vocea Basarabiei,voceabasarabiei.md,4,,
T2,md,,,Yam,news.yam.md,4,,
T2,me,,,Adria TV,adria.tv,2,,
T2,me,sr,export,Agriculture and Forestry,agricultforest.ac.me,2,10,
T2,me,en,export,Akropolis: Journal of Hellenic Studies,helenskestudije.me,2,2327,
T2,me,sr,export,Ekonomist,ekonomist.me,2,10,
T2,me,,,Journal of Anthropology of Sport and Physical Education,jaspe.ac.me,2,,
T2,me,,,Logos et Littera: Interdisciplinary Approaches to Text,ll.ac.me,2,,
T2,me,en,export,Meer,meer.com,2,2327,
T2,me,,,Montenegrin Journal of Sports Science and Medicine,mjssm.me,2,,
T2,me,,,Montenegrin News Agency,mina.news,2,,
T2,me,,,Nova (Montenegro),novam.tv,2,,
T2,me,,,Radio Antena M,antenam.net,2,,
T2,me,,,Radio Skadar Lake,radioskadar.me,2,,
T2,me,sr,export,Sport Mont Journal,sportmont.ucg.ac.me,2,10,deep_host
T2,me,,,TV In,rtvin.com,2,,
T2,mg,fr,export,L'Écho du Sud,lechodusud.com,3,205,
T2,mg,fr,export,Parotsa,parotsa.com,3,205,
T2,mk,,,24 Vesti,24vesti.mk,3,,
T2,mk,id,export,"BASINDO: Jurnal Kajian Bahasa, Sastra Indonesia, dan Pembelajarannya",journal2.um.ac.id,3,18,deep_host
T2,mk,en,export,Journal of Balkan Studies,balkanjournal.net,3,2327,
T2,mk,en,export,Journal of Balkan Studies,balkanjournal.org,3,2327,
T2,mk,en,export,Journal of Liberty and International Affairs,e-jlia.com,3,2327,
T2,mk,en,export,Journal of Special Education and Rehabilitation,jser.fzf.ukim.edu.mk,3,2327,deep_host
T2,mk,,,Kanal 5 plus,kanal5.com.mk,3,,
T2,mk,,,Kultura (Skopje),journals.cultcenter.net,3,,
T2,mk,,,Macedonian veterinary review,macvetrev.mk,3,,
T2,mk,mk,export,Makedonski arhivist,arhiv.gov.mk,3,1,
T2,mk,,,Makedonsko Farmacevtski Bilten,bulletin.mfd.org.mk,3,,deep_host
T2,mk,,,Makfax,makfax.mk,3,,
T2,mk,en,export,Open access Macedonian journal of medical sciences,id-press.eu,3,2327,
T2,mk,en,export,Open access Macedonian journal of medical sciences,oamjms.eu,3,2327,
T2,mk,en,export,Prilozi: Makedonska Akdemija na Naukite i Umetnostite. Oddelenie za Prirodno-matematički i Biotehnički Nauki,manu.edu.mk,3,2327,
T2,mk,,,Q14747908,mrt.com.mk,3,,
T2,mk,,,Roma Press,romapress.mk,3,,
T2,mk,mk,export,Sloboden Pechat,slobodenpecat.mk,3,1,
T2,mk,,,TV 21,mk.tv21.tv,3,,
T2,mk,,,TV Nova,tvnova.mk,3,,
T2,mk,,,TV Plus,tvplus.mk,3,,
T2,mk,,,TV Telma,telma.com.mk,3,,
T2,mk,en,export,UTMS Journal of Economics,utmsjoe.mk,3,2327,
T2,mk,,,Ziva Antika,antiquitasviva.com,3,,
T2,ml,,,Kayes Rural Radio,radioruraledekayes.net,3,,
T2,ml,,,Le Journal du Mali,journaldumali.com,3,,
T2,ml,fr,export,Les Échos,lesechos.ml,3,205,
T2,ml,,,M7 Télévision,m7tv.ml,3,,
T2,ml,,,Malijet,malijet.com,3,,
T2,ml,,,Malitribune,malitribune.com,3,,
T2,ml,,,Malivision,malivision.com,3,,
T2,ml,fr,export,Office de Radiodiffusion-Télévision du Mali,ortm.ml,3,205,
T2,mn,mn,export,C1 Television,c1.mn,3,1,
T2,mn,en,export,Central Asian Journal of Medical Science,cajms.mn,3,2327,
T2,mn,mn,export,Central Television,centraltv.mn,3,1,
T2,mn,mn,export,Edutainment TV,edutv.mn,3,1,
T2,mn,mn,export,Khumuun Bichig,khumuunbichig.montsame.mn,3,1,subdomain_of_catalogue_domain
T2,mn,,,MGLRADIO 88.3,mglradio.com,3,,
T2,mn,mn,export,MNB (TV channel),mnb.mn,3,1,
T2,mn,en,export,Mongolian Journal of Biological Sciences,antbase.de,3,2327,
T2,mn,en,export,Mongolian Journal of Chemistry,mongoliajol.info,3,2327,
T2,mn,mn,export,News.mn,news.mn,3,1,
T2,mn,mn,export,NTV,ntv.mn,3,1,
T2,mn,mn,export,Star TV (Mongolia),startv.mn,3,1,
T2,mn,mn,export,Suld TV,suldtv.mn,3,1,
T2,mn,en,export,The UB Post,theubposts.com,3,2327,
T2,mn,mn,export,TV5,tv5.mn,3,1,
T2,mn,mn,export,Voice of Mongolia,vom.mn,3,1,
T2,mr,fr,export,Al Akhbar,alakhbar.info,1,205,
T2,mr,,,Al Barlemania,tv.parlement.mr,1,,
T2,mr,,,Al-Tawary,tawary.com,1,,
T2,mr,,,alhaqaiq,alhaqaiq.info,1,,
T2,mr,,,Initiatives News,initiativesnews.com,1,,
T2,mr,,,Journal Tahalil,journaltahalil.com,1,,
T2,mr,,,L'Authentique (Mauritania),lauthentic.info,1,,
T2,mr,,,Le Calame,lecalame.info,1,,
T2,mr,en,export,Mauritanian Information Agency,ami.mr,1,2327,
T2,mr,,,MauriWeb,mauriweb.info,1,,
T2,mr,,,Q136346520,amap.ml,1,,
T2,mr,fr,export,Q138589118,fr.saharamedias.net,1,205,
T2,mr,fr,export,Q5972100,lequotidien.mr,1,205,
T2,mr,,,Radio Mauritanie,radiomauritanie.mr,1,,
T2,mr,,,Taqadoum info,taqadoum.mr,1,,
T2,mr,,,Television of Mauritania,tvm.mr,1,,
T2,mt,en,export,Malta Journal of Health Sciences,um.edu.mt,4,2327,
T2,mt,,,NET,nettv.com.mt,4,,
T2,mt,,,One Radio,one.com.mt,4,,
T2,mt,,,Parliament TV,parlament.mt,4,,
T2,mt,,,Radio 101,radio101.com.mt,4,,
T2,mt,,,TVM,tvm.com.mt,4,,
T2,mu,,,MBC 2,mbcradio.tv,3,,
T2,mu,,,Radio One,r1.mu,3,,
T2,mu,fr,export,Radio Plus,radioplus.defimedia.info,3,205,
T2,mv,en,export,Adhadhu,adhadhu.com,2,2327,
T2,mv,en,export,Avas,avas.mv,2,2327,
T2,mv,en,export,International Journal of Climate Resilience & Governance (Enviro),resiliencemaldives.org,2,2327,
T2,mv,,,Television Maldives,one.mnbc.com.mv,2,,deep_host
T2,mv,en,export,The Edition,edition.mv,2,2327,
T2,mw,en,export,Malawi Medical Journal,mmj.mw,3,2327,
T2,mw,,,MBC 2,mbc.mw,3,,
T2,mz,,,Agência de Informação de Moçambique,aim.org.mz,4,,
T2,mz,pt,export,Boletim da República,portaldogoverno.gov.mz,4,55,
T2,mz,,,Rádio Moçambique,rm.co.mz,4,,
T2,mz,,,Televisão de Moçambique,tvm.co.mz,4,,
T2,mz,,,Vida Imobiliária,vidaimobiliaria.com,4,,
T2,na,de,export,Allgemeine Zeitung,az.com.na,3,62,
T2,na,en,export,Die Republikein,republikein.com.na,3,2327,
T2,na,en,export,Government Gazette of the Republic of Namibia,parliament.na,3,2327,
T2,na,,,Hitradio Namibia,hitradio.com.na,3,,
T2,na,,,Kanaal 7/Channel 7,k7.com.na,3,,
T2,na,,,Namibia Press Agency,nampa.org,3,,
T2,na,,,Namibian Broadcasting Corporation,nbc.na,3,,
T2,na,,,Namibian Sun,sun.com.na,3,,
T2,na,en,export,Windhoek Observer,observer.com.na,3,2327,
T2,nc,fr,export,Q3416635,djiido.tech,1,205,
T2,ne,,,Agence Nigérienne de Presse,anp.ne,2,,
T2,ne,,,Le Sahel,lesahel.org,2,,
T2,ne,,,Office of Radio and Television of Niger,ortn.ne,2,,
T2,ne,,,Q3546560,telesahel.rtn.ne,2,,
T2,ne,,,Tal TV,taltv.rtn.ne,2,,
T2,ni,,,Canal 15,100noticias.com.ni,3,,
T2,ni,,,Canal 4,canal4.com.ni,3,,
T2,ni,,,Canal 6,canal6.com.ni,3,,
T2,ni,,,Canal 9,canal9.com.ni,3,,
T2,ni,es,export,Ciencia e Interculturalidad,camjol.info,3,195,
T2,ni,,,Confidencial,confidencial.com.ni,3,,
T2,ni,,,El 19,el19digital.com,3,,
T2,ni,es,export,El Nuevo Diario,elnuevodiario.com.ni,3,195,
T2,ni,,,Encuentro,revistasnicaragua.cnu.edu.ni,3,,deep_host
T2,ni,es,export,La Gaceta,lagaceta.gob.ni,3,195,
T2,ni,,,La Nueva Radio YA,nuevaya.com.ni,3,,
T2,ni,es,export,La Prensa,laprensani.com,3,195,
T2,ni,es,export,Nexo,revistas.uni.edu.ni,3,195,deep_host
T2,ni,,,Nicavisión,canal12.com.ni,3,,
T2,ni,,,Radio Stéreo Luz 89.7 fm,stereoluzfmes.wordpress.com,3,,
T2,ni,es,export,Revista Iberoamericana de Bioeconomía y Cambio Climàtico,revista.unanleon.edu.ni,3,195,deep_host
T2,ni,es,export,Revista Iberoamericana de Bioeconomía y Cambio Climàtico,lamjol.info,3,195,
T2,ni,,,TN8,tn8.tv,3,,
T2,ni,,,Vos TV,vostv.com.ni,3,,
T2,om,,,Al Wisal,wisal.fm,3,,
T2,om,,,Hi FM,hifmradio.com,3,,
T2,om,,,Journal of Agricultural and Marine Sciences,journals.squ.edu.om,3,,deep_host
T2,om,en,export,Management Science and Information Technology,msit.refconf.com,3,2327,
T2,om,,,Merge 104.8,radiomerge.fm,3,,
T2,om,en,export,Oman Medical Journal,omjournal.org,3,2327,
T2,om,,,Oman News Agency,omannews.gov.om,3,,
T2,om,,,Oman TV,omaninfo.om,3,,
T2,om,en,export,Sultan Qaboos University medical journal,web.squ.edu.om,3,2327,deep_host
T2,om,en,export,The Journal of Engineering Research,tjer.net,3,2327,
T2,om,en,export,Theweek,theweek.co.om,3,2327,
T2,om,,,Virgin Radio Oman,virginradiooman.com,3,,
T2,pa,es,export,Crítica Libre,critica.com.pa,3,195,
T2,pa,es,export,El Siglo,elsiglo.com,3,195,
T2,pa,es,export,La Estrella de Panamá,laestrella.com.pa,3,195,
T2,pa,es,export,Mi Diario,midiario.com,3,195,
T2,pa,,,NEX Panama,nexpanama.com,3,,
T2,pa,,,Q20015470,cableondasports.com,3,,
T2,pa,,,Radio Panama,radiopanama.com.pa,3,,
T2,pa,,,RCP TV,rpctv.com,3,,
T2,pa,es,export,Talingo,talingo.com,3,195,
T2,pa,,,TVMax,tvmax-9.com,3,,
T2,pg,,,EM TV,emtv.com.pg,3,,
T2,pg,,,National Gazette,pngiportal.org,3,,
T2,pr,es,export,El Vocero,vocero.com,3,195,
T2,pr,es,export,El Vocero,elvocero.com,3,195,
T2,pr,en,export,Fórum Empresarial,forum-empresarial.uprrp.edu,3,2327,
T2,pr,en,export,Fórum Empresarial,revistas.upr.edu,3,2327,
T2,pr,en,export,International Journal of Educational Excellence,suagm.edu,3,2327,
T2,pr,en,export,International Journal of Educational Excellence,uagm.edu,3,2327,
T2,pr,es,export,Milenio: Revista de Artes y Ciencias,uprb.edu,3,195,
T2,pr,es,export,Milenio: Revista de Artes y Ciencias,milenio.uprb.edu,3,195,
T2,pr,,,Puerto Rico Public Broadcasting Corporation,wipr.pr,3,,
T2,pr,en,export,Q124801962,demografia.rcm.upr.edu,3,2327,deep_host
T2,pr,es,export,Revista Umbral,umbral.uprrp.edu,3,195,
T2,pr,es,export,Visión Doble: revista de Crítica e Historia del Arte,visiondoble.net,3,195,
T2,pr,,,WKAQ,wkaq580.com,3,,
T2,pw,en,export,Island Times,islandtimes.org,1,2327,
T2,py,,,Diario Extra,extra.com.py,4,,
T2,py,es,export,Estudios paraguayos,epy.dreamhosters.com,4,195,
T2,py,es,export,La Nación,lanacion.com.py,4,195,
T2,py,,,La Tele (Paraguayan TV channel),latele.com.py,4,,
T2,py,,,La Tribu 650 AM,latribu650am.com,4,,
T2,py,es,export,Memorias del Instituto de Investigaciones en Ciencias de la Salud,ins.gov.py,4,195,
T2,py,es,export,Memorias del Instituto de Investigaciones en Ciencias de la Salud,una.py,4,195,
T2,py,es,export,Memorias del Instituto de Investigaciones en Ciencias de la Salud,revistascientificas.una.py,4,195,
T2,py,,,Paravisión,paravision.com.py,4,,
T2,py,,,Radio Caritas AM 680,caritas.com.py,4,,
T2,py,,,Radio Monumental 1080 AM,monumental.com.py,4,,
T2,py,,,Radio Ñandutí,nanduti.com.py,4,,
T2,py,,,Red Guaraní,redguarani.com.py,4,,
T2,py,,,Revista de la Secretaría del Tribunal Permanente de Revisión,revistastpr.com,4,,
T2,py,es,export,Revista Virtual de la Sociedad Paraguaya de Medicina Interna,revistaspmi.org.py,4,195,
T2,py,es,export,Revista Virtual de Posgrado de la Facultad de Medicina de la Universidad Nacional de Itapua,revista.medicinauni.edu.py,4,195,deep_host
T2,py,,,RPT TV,trece.com.py,4,,
T2,py,,,Telefuturo,telefuturo.com.py,4,,
T2,py,,,Tigo Sports,tigosports.com.py,4,,
T2,rw,,,City Radio -Rwanda,cityradio.rw,3,,
T2,rw,,,Energy Radio Rwanda,energy.rw,3,,
T2,rw,en,export,Igihe,igihe.com,3,2327,
T2,rw,rw,export,Imvaho Nshya,imvahonshya.co.rw,3,0,
T2,rw,rw,export,Inyarwanda,inyarwanda.com,3,0,
T2,rw,,,Isango star  Radio,isangostar.rw,3,,
T2,rw,rw,export,Kigali Today,kigalitoday.com,3,0,
T2,rw,,,KT Radio Rwanda,ktradio.rw,3,,
T2,rw,,,Radio 10 Rwanda,radiotv10.rw,3,,
T2,rw,,,Radio Flash FM Rwanda,flash.rw,3,,
T2,rw,,,Radio Huguka,radiohuguka.rw,3,,
T2,rw,,,Radio Maria Rwanda,radiomariakibeho.rw,3,,
T2,rw,,,Radio Salus,salus.ur.ac.rw,3,,deep_host
T2,rw,,,Rwanda Broadcasting Agency,rba.co.rw,3,,
T2,rw,en,export,Taarifa,taarifa.rw,3,2327,
T2,rw,rw,export,Umuryango,umuryango.rw,3,0,
T2,rw,rw,export,Umuseke,umuseke.rw,3,0,
T2,sc,,,Seychelles Nation,nation.sc,2,,
T2,sd,ar,export,Al-Mushahid Al-riyadiya,mushahidsd.net,3,51,
T2,sd,ar,export,Al-Sadda,alsadda.net,3,51,
T2,sd,ar,export,Al-Sudani,alsudani.sd,3,51,
T2,sd,ar,export,Al-tayar,al-tayar.net,3,51,
T2,sd,ar,export,Assayha,assayha.net,3,51,
T2,sd,,,Q12183740,sudanradio.info,3,,
T2,sd,,,Radio Dabanga,radiodabanga.org,3,,
T2,sd,,,Sudan TV,sudantv.net,3,,
T2,sd,,,White Nil radio station,whitenileradio.info,3,,
T2,si,en,export,Acta Chimica Slovenica,acta.chem-soc.si,4,2327,
T2,si,en,export,Acta Historiae Artis Slovenica,uifs1.zrc-sazu.si,4,2327,
T2,si,en,export,Acta Historiae Artis Slovenica,zrc-sazu.si,4,2327,
T2,si,sl,export,Acta Histriae,zdjp.si,4,3,
T2,si,sl,export,Acta Neophilologica,journals.uni-lj.si,4,3,
T2,si,sl,export,Annales Kinesiologiae,ojs.zrs-kp.si,4,3,
T2,si,sl,export,"AR: Arhitektura, Raziskave",fa.uni-lj.si,4,3,
T2,si,sl,export,Arheoloski Vestnik,av.zrc-sazu.si,4,3,
T2,si,sl,export,Arheoloski Vestnik,ojs.zrc-sazu.si,4,3,
T2,si,sl,export,Ars,ars.rtvslo.si,4,3,subdomain_of_catalogue_domain
T2,si,sl,export,Bim Bam,bimbam.si,4,3,
T2,si,sl,export,Brio (TV channel),popnonstop.si,4,3,
T2,si,en,export,Center for Educational Policy Studies Journal,cepsj.si,4,2327,
T2,si,sl,export,Contributions to Contemporary History,ojs.inz.si,4,3,
T2,si,sl,export,Contributions to Contemporary History,sistory.si,4,3,
T2,si,sl,export,Delo,delo.si,4,3,
T2,si,sl,export,Dodo,revijadodo.si,4,3,
T2,si,sl,export,Dolenjski list,dolenjskilist.si,4,3,
T2,si,sl,export,Družboslovne Razprave,druzboslovnerazprave.org,4,3,
T2,si,sl,export,Dynamic Relationships Management Journal (DRMJ),sam-d.si,4,3,
T2,si,sl,export,Ekipa,ekipa.svet24.si,4,3,
T2,si,sl,export,Finance,finance.si,4,3,
T2,si,de,export,Folx TV,folx.tv,4,62,
T2,si,sl,export,Geodetski vestnik,geodetski-vestnik.com,4,3,
T2,si,sl,export,Geografski obzornik,zgs.zrc-sazu.si,4,3,
T2,si,sl,export,Golica TV,golica.si,4,3,
T2,si,sl,export,Gorenjski glas,gorenjskiglas.si,4,3,
T2,si,en,export,Historical Review,zgodovinskicasopis.si,4,2327,
T2,si,sl,export,Igra Ustvarjalnosti,iu-cg.org,4,3,
T2,si,en,export,Image Analysis and Stereology,ias-iss.org,4,2327,
T2,si,en,export,Informatica,informatica.si,4,2327,
T2,si,en,export,Innovative Issues and Approaches in Social Sciences,iiass.com,4,2327,
T2,si,en,export,International Journal of Euro-Mediterranean Studies,emuni.si,4,2327,
T2,si,sl,export,"International Journal of Management, Knowledge and Learning",ijmkl.si,4,3,
T2,si,sl,export,Isis,mf.uni-lj.si,4,3,
T2,si,sl,export,Isis,zdravniskazbornica.si,4,3,
T2,si,en,export,It's Psychedelic Baby! Magazine,psychedelicbabymag.com,4,2327,
T2,si,sl,export,Izzivi Prihodnosti,fos.unm.si,4,3,
T2,si,sl,export,Kanal A,kanal-a.si,4,3,
T2,si,sl,export,Katedra,katedra-on.net,4,3,
T2,si,,,Kemija v šoli in družbi,kemija.net,4,,
T2,si,sl,export,"Kronika (Ljubljana, Slovenia)",kronika.zzds.si,4,3,
T2,si,sl,export,Logistics & Sustainable Transport,jlst.fl.uni-mb.si,4,3,deep_host
T2,si,sl,export,Mariborski radio študent,radiomars.si,4,3,
T2,si,,,Medicinski razgledi,medrazgl.org,4,,
T2,si,sl,export,Moja Slovenija,mojaslovenija.net,4,3,
T2,si,sl,export,Naše Gospodarstvo,epf.uni-mb.si,4,3,
T2,si,sl,export,Novi Tednik,nt-rc.si,4,3,
T2,si,sl,export,Obzornik zdravstvene nege,obzornik.zbornica-zveza.si,4,3,
T2,si,sl,export,Official Gazette of the Republic of Slovenia,uradni-list.si,4,3,
T2,si,,,One Music Television,folx.network,4,,
T2,si,sl,export,Organizacija,organizacija.fov.uni-mb.si,4,3,deep_host
T2,si,,,OTO,24ur.com,4,,
T2,si,sl,export,Pink SI,tvpink.si,4,3,
T2,si,,,Planet TV,siol.net,4,,
T2,si,sl,export,POP TV,pro-plus.si,4,3,
T2,si,sl,export,Posavski obzornik,posavskiobzornik.si,4,3,
T2,si,sl,export,Presek,presek.si,4,3,
T2,si,sl,export,Psihološka Obzorja,psiholoska-obzorja.si,4,3,
T2,si,,,Q105671669,nacionalnata.com,4,,
T2,si,sl,export,Q107863407,telex.si,4,3,
T2,si,sl,export,Q108776143,stajerskival.si,4,3,
T2,si,sl,export,Q12627048,anthropos.si,4,3,
T2,si,sl,export,Q12786983,mladinska-knjiga.si,4,3,
T2,si,sl,export,Q12796405,rockhard.si,4,3,
T2,si,sl,export,Q12798812,pil.si,4,3,
T2,si,sl,export,Q12800128,obramba.com,4,3,
T2,si,sl,export,Q12803183,astronomska-revija-spika.si,4,3,
T2,si,sl,export,Q131683188,radio80.si,4,3,
T2,si,sl,export,Q139665902,robin.si,4,3,
T2,si,sl,export,Q139885815,reporter.si,4,3,
T2,si,sl,export,Q16568424,sazu.si,4,3,
T2,si,sl,export,Q19934243,revije.ff.uni-lj.si,4,3,deep_host
T2,si,sl,export,Q19936153,radio94.si,4,3,
T2,si,,,Q20521792,zmajcek.net,4,,
T2,si,,,Q20522824,kriptogram.com,4,,
T2,si,sl,export,Q20523162,erast.si,4,3,
T2,si,,,Q25498387,likovnebesede.org,4,,
T2,si,sl,export,Q28750688,rockradio.si,4,3,
T2,si,sl,export,Q3928757,radiokoper.rtvslo.si,4,3,subdomain_of_catalogue_domain
T2,si,sl,export,Q61355689,spehnakruhu.com,4,3,
T2,si,sl,export,Q61359919,cld.si,4,3,
T2,si,sl,export,Radio Aktual,radioaktual.si,4,3,
T2,si,sl,export,Radio Bob,radiobob.svet24.si,4,3,
T2,si,sl,export,Radio Capodistria,radiocapodistria.rtvslo.si,4,3,subdomain_of_catalogue_domain
T2,si,sl,export,Radio Capris,radiocapris.si,4,3,
T2,si,sl,export,"Radio City, Maribor",radiocity.si,4,3,
T2,si,sl,export,Radio Ekspres,radioekspres.si,4,3,
T2,si,sl,export,Radio Kranj,radio-kranj.si,4,3,
T2,si,sl,export,Radio Maribor,radiomaribor.rtvslo.si,4,3,subdomain_of_catalogue_domain
T2,si,,,Radio Odeon,radio-odeon.com,4,,
T2,si,sl,export,Radio Ognjišče,radio.ognjisce.si,4,3,
T2,si,sl,export,Radio Prvi,radioprvi.rtvslo.si,4,3,subdomain_of_catalogue_domain
T2,si,sl,export,Radio Salomon,radiosalomon.si,4,3,
T2,si,sl,export,Radio Val 202,val202.rtvslo.si,4,3,subdomain_of_catalogue_domain
T2,si,,,Radio Velenje,radiovelenje.com,4,,
T2,si,sl,export,Radio Veseljak,veseljak.si,4,3,
T2,si,sl,export,Radio Študent,radiostudent.si,4,3,
T2,si,sl,export,Računalniške novice,racunalniske-novice.com,4,3,
T2,si,sl,export,Revija za Elementarno Izobraževanje,rei.pef.um.si,4,3,deep_host
T2,sl,,,Capital Radio Sierra Leone,capitalradio.sl,2,,
T2,sl,,,Sierra Leone Broadcasting Corporation,slbc.sl,2,,
T2,sm,it,export,Q119134436,libertas.sm,2,30,
T2,so,,,Bilan Media,bilan.media,3,,
T2,so,so,export,Ogaal Newspaper,ogaalnews.net,3,0,
T2,so,,,Puntland TV and Radio,puntlandtvradio.net,3,,
T2,so,so,export,Radio Gaalkacyo,allradiogaalkacyo.com,3,0,
T2,so,,,Radio Mogadishu,radiomuqdisho.net,3,,
T2,so,,,Shabelle Media Network,shabellemedia.com,3,,
T2,so,,,Somali Broadcasting Corporation,allsbc.com,3,,
T2,so,,,Somali National News Agency,sonna.so,3,,
T2,so,,,Somali National Television,sntv.so,3,,
T2,so,so,export,Somalia Report,somaliareport.com,3,0,
T2,sr,nl,export,Ampie's Broadcasting Corporation,abcsuriname.com,2,24,
T2,sr,,,ATV,atv.sr,2,,
T2,sr,,,Dagblad Suriname,dbsuriname.com,2,,
T2,sr,nl,export,De Ware Tijd,dwtonline.com,2,24,
T2,sr,,,De West,dagbladdewest.com,2,,
T2,sr,nl,export,GFC Nieuws,gfcnieuws.com,2,24,
T2,sr,,,Q2652808,radiosrs.com,2,,
T2,sr,,,Radio 10,radio10.sr,2,,
T2,sr,nl,export,Radio Apintie,apintie.sr,2,24,
T2,sr,,,SCCN,sccn.tv,2,,
T2,sr,,,Shalom Radio en Televisie,shalomsuriname.com,2,,
T2,sr,,,STVS,stvs.sr,2,,
T2,sr,nl,export,Waterkant,waterkant.net,2,24,
T2,ss,en,export,South Sudan Medical Journal,southsudanmedicaljournal.com,3,2327,
T2,ss,en,export,The Citizen,citizen-news.net,3,2327,
T2,st,,,STP-Press,stp-press.st,1,,
T2,sz,,,Swazi Observer,observer.org.sz,3,,
T2,td,,,Q128639959,lendjampost.com,2,,
T2,td,,,Q140299769,fmlibertetd.org,2,,
T2,td,,,Tchadinfos,tchadinfos.com,2,,
T2,tg,,,Forum de la Semaine,forumdelasemaine.tg,3,,
T2,tg,fr,export,Journal Liberté,libertetogo.info,3,205,
T2,tg,fr,export,L'Alternative,lalternative.info,3,205,
T2,tg,,,New World TV,newworldtv.com,3,,
T2,tg,,,Q140444821,radiolome.tg,3,,
T2,tg,,,Radio Kara,radiokara.tg,3,,
T2,tg,,,Sika'a,sikaajournal.tg,3,,
T2,tg,fr,export,Togo - Presse,togopresse.tg,3,205,
T2,tg,,,Togolese Press Agency,atop.tg,3,,
T2,tj,,,Asia-Plus news agency,asiaplus.news,2,,
T2,tj,tg,export,Bulletin of the Pedagogical University,vestnik.tgpu.tj,2,0,
T2,tj,tg,export,Jumhuriyat,jumhuriyat.tj,2,0,
T2,tj,ar,export,Khovar,khovar.tj,2,51,
T2,tj,,,Q13200812,tojnews.org,2,,
T2,tj,,,Q81194321,hamsado.tj,2,,
T2,tj,,,Tajikistan TV,tvt.tj,2,,
T2,tl,,,Rádio e Televisão de Timor-Leste,rttlep.tl,1,,
T2,tl,,,Tatoli,antil.tl,1,,
T2,tm,en,export,Journal of Economics and Financial Analysis,ojs.tripaledu.com,3,2327,
T2,tm,tk,export,Turkmenistan State News Agency,tdh.gov.tm,3,0,
T2,tv,,,Humsay,humsay.tv,1,,
T2,tv,,,Q3820620,la6.tv,1,,
T2,uz,,,Erkin Qaraqalpaqstan,erkinkarakalpak.uz,4,,
T2,uz,,,Futbol TV,futboltv.uz,4,,
T2,uz,,,International Journal of Philosophical Studies and Social Sciences,ijpsss.iscience.uz,4,,
T2,uz,ru,export,Karakalpakstan news agency,kknews.uz,4,38,
T2,uz,,,Milliy TV,milliy.tv,4,,
T2,uz,,,Oriat FM,oriatfm.uz,4,,
T2,uz,,,Sevimli TV,splay.uz,4,,
T2,uz,,,Sport,mtrk.uz,4,,
T2,uz,es,export,Uzbekistan National News Agency,uza.uz,4,195,
T2,uz,,,Uzreport TV,uzreport.uz,4,,
T2,uz,,,Yoshlar,yoshlartv.uz,4,,
T2,va,,,Agenzia Fides,fides.org,1,,
T2,va,it,export,Annuario Pontificio,libreriaeditricevaticana.va,1,30,
T2,va,it,export,Annuario Pontificio,annuariopontificio.catholic,1,30,
T2,va,it,export,AsiaNews,asianews.it,1,30,
T2,va,fr,export,Dolentium Hominum,humandevelopment.va,1,205,
T2,va,en,export,Inside the Vatican,insidethevatican.com,1,2327,
T2,va,,,Q124488378,imedia.news,1,,
T2,va,,,Silere non possum,silerenonpossum.com,1,,
T2,va,,,Vatican Media,vaticannews.va,1,,
T2,va,it,export,"Women, Church, World",osservatoreromano.va,1,30,
T2,vc,,,Praise FM,praisefmsvg.com,2,,
T2,vu,de,export,Q1195857,zenon-verlag.de.vu,3,62,
T2,ws,,,TV1 Samoa,tv1samoa.com,2,,
T2,ws,,,TV3 Samoa,tv3samoa.net,2,,
T2,zm,en,export,Kwacha News,kwachanews.com,4,2327,
T2,zm,,,Zambian News Agency,zanis.org.zm,4,,
T3,ae,ml,export,Hit 96.7,hit967.ae,11,6,
T3,ae,hi,export,Hum FM,humfm.com,11,7,
T3,ar,ko,export,Christian Music Television,ccmtv.co.kr,13,10,
T3,ar,uk,export,Ukrainske Slovo,prosvita.org.ar,13,14,
T3,at,la,export,Prodromus Systematis Aroidearum,books.google.com.ar,11,0,deep_host
T3,at,la,export,Q17563420,books.google.com.au,11,0,deep_host
T3,at,la,export,Q17629009,fig.lib.harvard.edu,11,0,deep_host
T3,bd,bn,export,ABC Radio,abcradio.fm,20,15,
T3,bd,bn,export,Ajker Patrika,ajkerpatrika.com,20,15,
T3,bd,bn,export,Amader Shomoy,dainikamadershomoy.com,20,15,
T3,bd,bn,export,Amar Barta,amarbarta.com,20,15,
T3,bd,bn,export,Amar Desh,dailyamardesh.com,20,15,
T3,bd,bn,export,Amar Sangbad,amarsangbad.com,20,15,
T3,bd,bn,export,Bangladesh Bulletin,bd-bulletin.com,20,15,
T3,bd,bn,export,Bangladesh Pratidin,bd-pratidin.com,20,15,
T3,bd,bn,export,City FM 96.0 FM,cityfm96.fm,20,15,
T3,bd,bn,export,Daily Ajker Darpon,ajkerdarpon.com,20,15,
T3,bd,bn,export,Daily Bajroshakti,bajroshakti.com,20,15,
T3,bd,bn,export,Daily Sabuj Sylhet,sobujsylhet.com,20,15,
T3,bd,bn,export,Dainik Azadi,dainikazadi.net,20,15,
T3,bd,bn,export,Dainik Janata,dainikjanata.net,20,15,
T3,bd,bn,export,Dainik Purbokone,dainikpurbokone.net,20,15,
T3,bd,bn,export,Dainik Purbokone,edainikpurbokone.net,20,15,
T3,bd,bn,export,Dainik Target,dainiktarget.com,20,15,
T3,bd,bn,export,Dhaka Mail,dhakamail.com,20,15,
T3,bd,bn,export,Jaijaidin,jaijaidin.net,20,15,
T3,bd,bn,export,Jaijaidin,jaijaidin.news,20,15,
T3,bd,bn,export,Just News BD,justnewsbd.com,20,15,
T3,bd,bn,export,Peoples Radio 91.6 FM,peoplesradio.fm,20,15,
T3,bd,bn,export,Protidiner Bangladesh,epaper.protidinerbangladesh.com,20,15,
T3,bd,bn,export,Protidiner Bangladesh,protidinerbangladesh.com,20,15,
T3,bd,bn,export,Radio Aamar,radioaamar.com,20,15,
T3,bd,bn,export,Sheershanews.com,sheershanews.com,20,15,
T3,bd,bn,export,The Daily Dinkal,dainikdinkal.net,20,15,
T3,bd,bn,export,The Daily Karatoa,dailykaratoa.com,20,15,
T3,bd,bn,export,The Daily Sangram,dailysangram.com,20,15,
T3,bd,bn,export,WikiBarta,wikibarta.wikimedia.org.bd,20,15,deep_host
T3,be,is,export,Associated Whistleblowing Press,awp.is,19,5,
T3,be,ro,export,Lumina,luminaconsult.eu,19,14,
T3,be,da,export,Passage,ojs.statsbiblioteket.dk,19,8,
T3,be,da,export,Passage,unipress.dk,19,8,
T3,bg,bg,export,Agro TV,agrotv.bg,7,5,
T3,bg,bg,export,BG Radio,bgradio.bg,7,5,
T3,bg,bg,export,Bloomberg TV Bulgaria,bloombergtv.bg,7,5,
T3,bg,bg,export,BNT 2,bnt.bg,7,5,
T3,bg,bg,export,bTV,btv.bg,7,5,
T3,bg,bg,export,bTV Radio,btvradio.bg,7,5,
T3,bg,bg,export,Bulgaria Оn Аir,bgonair.bg,7,5,
T3,bg,bg,export,Bulgarian National Radio,bnrnews.bg,7,5,
T3,bg,bg,export,Bulgarian News Agency,bta.bg,7,5,
T3,bg,bg,export,Bʺlgarska nauka,issuu.com,7,5,
T3,bg,bg,export,Bʺlgarska nauka,nauka.bg,7,5,
T3,bg,bg,export,Capital,capital.bg,7,5,
T3,bg,bg,export,City TV,city.bg,7,5,
T3,bg,bg,export,Darik Radio,darikradio.bg,7,5,
T3,bg,bg,export,Diema,diema.bg,7,5,
T3,bg,bg,export,Diema Family,diemafamily.novatv.bg,7,5,
T3,bg,bg,export,Diema Sport,diemasport.bg,7,5,
T3,bg,bg,export,Disney Channel,disney.bg,7,5,
T3,bg,bg,export,Duma,duma.bg,7,5,
T3,bg,bg,export,Ecologia Balkanica,eb.bio.uni-plovdiv.bg,7,5,deep_host
T3,bg,bg,export,Energy,radioenergy.bg,7,5,
T3,bg,bg,export,Fen TV,fentv.bg,7,5,
T3,bg,pl,export,FilmBox+ Comedy,filmboxextra.pl,7,19,
T3,bg,bg,export,HBO Bulgaria,hbo.bg,7,5,
T3,bg,bg,export,Horizont,bnr.bg,7,5,
T3,bg,bg,export,Hot FM,tv-vratsa.bg,7,5,
T3,bg,bg,export,Ikonomika i Kompûtʺrni Nauki,eknigibg.net,7,5,
T3,bg,bg,export,Jazz FM,jazzfm.bg,7,5,
T3,bg,bg,export,Kanal 3,kanal3.bg,7,5,
T3,bg,bg,export,Kino Nova,kinonova.bg,7,5,
T3,bg,bg,export,Literary Club,litclub.com,7,5,
T3,bg,bg,export,Literary Club,litclub.bg,7,5,
T3,bg,bg,export,Literaturna Misul,litmis.eu,7,5,
T3,bg,bg,export,Literaturna Misul,ceeol.com,7,5,
T3,bg,bg,export,Mах Sport,a1.bg,7,5,
T3,bg,bg,export,N-JOY,njoy.bg,7,5,
T3,bg,bg,export,News7,news7.bg,7,5,
T3,bg,bg,export,Nova,nova.bg,7,5,
T3,bg,bg,export,Nova Sport,sport.novatv.bg,7,5,
T3,bg,bg,export,Novo Znanie,science.uard.bg,7,5,
T3,bg,bg,export,Novo Znanie,uard.bg,7,5,
T3,bg,bg,export,PC Mania,pcmania.bg,7,5,
T3,bg,bg,export,Plovdiv24.bg,plovdiv24.bg,7,5,
T3,bg,bg,export,Power FM,powerfm.bg,7,5,
T3,bg,bg,export,Q104439169,pro-rock.net,7,5,
T3,bg,bg,export,Q106498127,sbp.bg,7,5,
T3,bg,bg,export,Q12274279,balgarskiezik.eu,7,5,
T3,bg,bg,export,Q12275576,armymedia.bg,7,5,
T3,bg,bg,export,Q20500623,bulgarianstudies.nbu.bg,7,5,
T3,bg,bg,export,Q26214965,panairenvestnik.com,7,5,
T3,bg,bg,export,Q2650623,litvestnik.com,7,5,
T3,bg,bg,export,Q28104797,catholic-bg.org,7,5,
T3,bg,bg,export,Q28104814,abagar1.com,7,5,
T3,bg,bg,export,Q56071721,toppresa.bg,7,5,
T3,bg,bg,export,Q59681937,toest.bg,7,5,
T3,bg,bg,export,Q82701151,avtoradio.bg,7,5,
T3,bg,bg,export,Q94724542,nula32.bg,7,5,
T3,bg,bg,export,Radio Nova,radionova.bg,7,5,
T3,bg,bg,export,Radio NOVA NEWS,radionovanews.bg,7,5,
T3,bg,bg,export,Radio Veselina,radioveselina.bg,7,5,
T3,bg,bg,export,SKAT,skat.bg,7,5,
T3,bg,bg,export,Sport7,sport7.bg,7,5,
T3,bg,bg,export,Standart,standartnews.com,7,5,
T3,bg,bg,export,Starshel (newspaper),starshel.bg,7,5,
T3,bg,bg,export,SuperToons,supertoons.bg,7,5,
T3,bg,bg,export,The Voice,thevoice.bg,7,5,
T3,bg,bg,export,Trud,trud.bg,7,5,
T3,bg,bg,export,TV+,tvplus.bg,7,5,
T3,bg,bg,export,TV1,tv1.bg,7,5,
T3,bg,bg,export,TV7,tv7.bg,7,5,
T3,bg,bg,export,ZooNotes,zoonotes.bio.uni-plovdiv.bg,7,5,deep_host
T3,br,ja,export,Diário Brasil Nippou,brasilnippou.com,30,13,
T3,br,ja,export,Nikkey Shimbun,nikkeyshimbun.jp,30,13,
T3,br,hy,export,Super Rádio Tupi,tupi.am,30,1,
T3,ca,hi,export,Halla Bol! Kids TV,hallabol.ca,42,7,
T3,ca,fi,export,Kanadan Sanomat,finnishcanadian.com,42,4,
T3,ca,fi,export,Vapaa Sana,vapaasana.com,42,4,
T3,ch,rm,export,La Quotidiana,suedostschweiz.ch,18,0,
T3,cn,ja,export,Hong Kong Post,hkmn.jp,70,13,
T3,cn,vi,export,Mango TV,mangoplus.vn,70,8,
T3,cz,cs,export,A2,advojka.cz,11,9,
T3,cz,cs,export,ABC,abc.blesk.cz,11,9,
T3,cz,cs,export,ABC,abicko.cz,11,9,
T3,cz,sl,export,Acta Informatica Pragensia,aip.vse.cz,11,3,
T3,cz,cs,export,Acta Oeconomica Pragensia,aop.vse.cz,11,9,
T3,cz,cs,export,ACTA VŠFS,vsfs.cz,11,9,
T3,cz,cs,export,Aha!,ahaonline.cz,11,9,
T3,cz,cs,export,AntropoWebzin,antropoweb.cz,11,9,
T3,cz,cs,export,Archeologicke Rozhledy,archeologickerozhledy.cz,11,9,
T3,cz,cs,export,Black Hornet,bhradio.cz,11,9,
T3,cz,cs,export,Blesk,blesk.cz,11,9,
T3,cz,cs,export,BUDLive,budlive.cz,11,9,
T3,cz,hu,export,C8,c8tv.hu,11,12,
T3,cz,hu,export,Cartoon Network,cartoonnetwork.hu,11,12,
T3,cz,cs,export,Central European Political Studies Review,journals.muni.cz,11,9,
T3,cz,cs,export,ChristNet,christnet.eu,11,9,
T3,cz,cs,export,Cinepur,cinepur.cz,11,9,
T3,cz,cs,export,Classic Praha,classicpraha.cz,11,9,
T3,cz,cs,export,CNN Prima News,cnn.iprima.cz,11,9,
T3,cz,cs,export,Contemporary History,usd.cas.cz,11,9,
T3,cz,cs,export,Contemporary History,sd.usd.cas.cz,11,9,deep_host
T3,cz,cs,export,Cornova,asjournals.lib.cas.cz,11,9,deep_host
T3,cz,cs,export,Country radio,countryradio.cz,11,9,
T3,cz,cs,export,CS Film,csfilm.cz,11,9,
T3,cz,cs,export,CS History,csmystery.joj.cz,11,9,
T3,cz,cs,export,Czech News Agency,ctk.cz,11,9,
T3,cz,cs,export,Czech Radio,portal.rozhlas.cz,11,9,
T3,cz,cs,export,Czech Radio Hradec Králové,hradec.rozhlas.cz,11,9,
T3,cz,cs,export,Deník Alarm,denikalarm.cz,11,9,
T3,cz,cs,export,Deník.cz,denik.cz,11,9,
T3,cz,cs,export,Divadelní noviny,divadelni-noviny.cz,11,9,
T3,cz,cs,export,E-psychologie,e-psycholog.eu,11,9,
T3,cz,cs,export,e15,e15.cz,11,9,
T3,cz,cs,export,Echo des Etudes Romanes,eer.cz,11,9,
T3,cz,cs,export,EDUzín,eduzin.cz,11,9,
T3,cz,cs,export,Elateridarium,elateridae.com,11,9,
T3,cz,cs,export,Envigogika,envigogika.cuni.cz,11,9,
T3,cz,cs,export,Ergo,tc.cz,11,9,
T3,cz,cs,export,Euro,tydenikeuro.cz,11,9,
T3,cz,cs,export,euro.cz,euro.cz,11,9,
T3,cz,cs,export,Evropa 2,evropa2.cz,11,9,
T3,cz,cs,export,Expres FM,expresfm.cz,11,9,
T3,cz,cs,export,FilmBox+ One,sledujfilmbox.cz,11,9,
T3,cz,cs,export,Folia Historica Bohemica,hiu.cas.cz,11,9,
T3,cz,cs,export,Fotograf Magazine,fotografmagazine.cz,11,9,
T3,cz,cs,export,Frekvence 1,frekvence1.cz,11,9,
T3,cz,cs,export,Galerie,tvgalerie24.cz,11,9,
T3,cz,cs,export,Genus Plus,genusplus.cz,11,9,
T3,cz,cs,export,HD+,hdplus.cz,11,9,
T3,cz,cs,export,Hey Radio,heyradio.cz,11,9,
T3,cz,cs,export,high-voltage.cz,high-voltage.cz,11,9,
T3,cz,cs,export,Historia scholastica,historiascholastica.com,11,9,
T3,cz,cs,export,Historica (Ostrava),katedry.osu.cz,11,9,
T3,cz,cs,export,Historica Olomucensia,historie.upol.cz,11,9,
T3,cz,cs,export,Historica Olomucensia,historica.upol.cz,11,9,
T3,cz,cs,export,Historická demografie,historickademografie.avcr.cz,11,9,
T3,cz,cs,export,History – Questions – Issues,historieotazkyproblemy.ff.cuni.cz,11,9,deep_host
T3,cz,cs,export,Hitrádio Faktor,hitradiofaktor.cz,11,9,
T3,cz,cs,export,Hitrádio Orion,hitradioorion.cz,11,9,
T3,cz,cs,export,HN.cz,ihned.cz,11,9,
T3,cz,cs,export,Hospodářské noviny,hn.cz,11,9,
T3,cz,cs,export,Host,casopis.hostbrno.cz,11,9,
T3,cz,cs,export,Jihočeská televize,jihoceskatelevize.cz,11,9,
T3,cz,cs,export,JOJ Family,jojfamily.blesk.cz,11,9,
T3,cz,cs,export,Journal of Competitiveness,cjournal.cz,11,9,
T3,cz,cs,export,Journal of Metallomics and Nanotechnologies,web2.mendelu.cz,11,9,
T3,cz,cs,export,Katolický týdeník,katyd.cz,11,9,
T3,cz,cs,export,Kinobox,kinobox.cz,11,9,
T3,cz,cs,export,Klenot TV,klenottv.cz,11,9,
T3,cz,cs,export,Knihovna: knihovnická revue,knihovnarevue.nkp.cz,11,9,
T3,cz,cs,export,Kontakt,kont.zsf.jcu.cz,11,9,deep_host
T3,cz,cs,export,Kulturní Studia,kulturnistudia.cz,11,9,
T3,cz,cs,export,Kvasný průmysl,kvasnyprumysl.eu,11,9,
T3,cz,cs,export,Lidové noviny,lidovky.cz,11,9,
T3,cz,cs,export,Listy,listy.cz,11,9,
T3,cz,cs,export,Listy filologické,ics.cas.cz,11,9,
T3,cz,cs,export,Litteraria Pragensia: studies in literature and culture,litteraria-pragensia.ff.cuni.cz,11,9,deep_host
T3,cz,cs,export,lupa.cz,lupa.cz,11,9,
T3,cz,sk,export,Malacologica Bohemoslovaca,mollusca.sav.sk,11,5,
T3,cz,cs,export,Mediaguru,mediaguru.cz,11,9,
T3,cz,cs,export,Mladá fronta DNES,mfdnes.cz,11,9,
T3,cz,cs,export,MovieZone,moviezone.cz,11,9,
T3,cz,cs,export,NaCestu,nacestu.cz,11,9,
T3,cz,cs,export,Narodopisny vestnik,narodopisnyvestnik.cz,11,9,
T3,cz,cs,export,Naše Praha,nasepraha.cz,11,9,
T3,cz,cs,export,Naše pravda,nasepravda.cz,11,9,
T3,cz,cs,export,Neovlivní.cz,neovlivni.cz,11,9,
T3,cz,cs,export,Netro Life Radio,netroliferadio.cz,11,9,
T3,cz,cs,export,Nova Fun,smichov.nova.cz,11,9,
T3,cz,cs,export,Nova Sport,tn.nova.cz,11,9,
T3,cz,cs,export,Obrana a strategie,defenceandstrategy.eu,11,9,
T3,cz,cs,export,Obrana a strategie,obranaastrategie.cz,11,9,
T3,cz,cs,export,OK TV,oktv.cz,11,9,
T3,cz,cs,export,Open Content blog,opencontent.cz,11,9,
T3,cz,hy,export,Orer,orer.eu,11,1,
T3,cz,cs,export,Prague Bulletin of Mathematical Linguistics,ufal.mff.cuni.cz,11,9,deep_host
T3,cz,cs,export,Prague Tribune,prague-tribune.cz,11,9,
T3,cz,cs,export,Pravý Břeh,pravybreh.cz,11,9,
T3,cz,cs,export,Prima,iprima.cz,11,9,
T3,cz,sk,export,Právník,ilaw.cas.cz,11,5,
T3,dk,da,export,6'eren,6-eren.dk,10,8,
T3,dk,da,export,AdvokatWatch,advokatwatch.dk,10,8,
T3,dk,da,export,Allt om Historia,alltomhistoria.se,10,8,
T3,dk,da,export,Allt om Historia,historianet.nl,10,8,
T3,dk,da,export,Allt om Historia,historienet.dk,10,8,
T3,dk,da,export,Alt for Damerne,altfordamerne.dk,10,8,
T3,dk,no,export,Altinget,altinget.no,10,0,
T3,dk,da,export,Arbejderen,arbejderen.dk,10,8,
T3,dk,da,export,Atlas,atlasmag.dk,10,8,
T3,dk,da,export,Bornholms Tidende,bornholmstidende.dk,10,8,
T3,dk,da,export,Campo,campo.dk,10,8,
T3,dk,da,export,Cepra-Striben,journals.ucn.dk,10,8,
T3,dk,da,export,Dagbladet Børsen,borsen.dk,10,8,
T3,dk,da,export,Dagens Medicin,dagensmedicin.dk,10,8,
T3,dk,da,export,Danish Journal of Plant and Soil Science,dca.au.dk,10,8,
T3,dk,da,export,Danish medical bulletin,danmedbul.dk,10,8,
T3,dk,da,export,Dansk Sociologi,dansksociologi.dk,10,8,
T3,dk,da,export,Danske Magazin,danskeselskab.dk,10,8,
T3,dk,da,export,Den Korte Avis,denkorteavis.dk,10,8,
T3,dk,da,export,dk4,dk4.dk,10,8,
T3,dk,da,export,Ekstra Bladet,ekstrabladet.dk,10,8,
T3,dk,da,export,Epsilon,tidsskriftet-epsilon.dk,10,8,
T3,dk,da,export,Euroman,euroman.dk,10,8,
T3,dk,da,export,Faxenyt,faxenyt.dk,10,8,
T3,dk,da,export,FinansWatch,finanswatch.dk,10,8,
T3,dk,da,export,Flora og Fauna,jydsknaturhistorisk.dk,10,8,
T3,dk,da,export,Foenix,foenix1976.dk,10,8,
T3,dk,da,export,Folketingstidende,folketingstidende.dk,10,8,
T3,dk,da,export,Frihedsbrevet,frihedsbrevet.dk,10,8,
T3,dk,da,export,Fyns Amts Avis,fyens.dk,10,8,
T3,dk,da,export,FødevareWatch,fodevarewatch.dk,10,8,
T3,dk,da,export,Føljeton,foljeton.dk,10,8,
T3,dk,da,export,Gamereactor Denmark,gamereactor.dk,10,8,
T3,dk,da,export,Geoforum Perspektiv,geoforum.dk,10,8,
T3,dk,da,export,Geografisk tidskrift,rdgs.dk,10,8,
T3,dk,da,export,Hendes Verden,hendesverden.dk,10,8,
T3,dk,da,export,Her & Nu,herognu.dk,10,8,
T3,dk,da,export,Herning Folkeblad,herningfolkeblad.dk,10,8,
T3,dk,da,export,Historisk Tidsskrift,historisktidsskrift.dk,10,8,
T3,dk,da,export,Hjemmet,hjemmet.dk,10,8,
T3,dk,da,export,Idényt,idenyt.dk,10,8,
T3,dk,da,export,Illustreret Tidende,illustrerettidende.kb.dk,10,8,
T3,dk,da,export,Ingeniøren,ing.dk,10,8,
T3,dk,da,export,Journalisten,journalisten.dk,10,8,
T3,dk,da,export,JuniorMedia News,juniornyt.dk,10,8,
T3,dk,da,export,JydskeVestkysten,jv.dk,10,8,
T3,dk,da,export,Kanal 1,kanal-1.dk,10,8,
T3,dk,da,export,Kanal 4,kanal4.dk,10,8,
T3,dk,da,export,Kanal København,kanalkobenhavn.dk,10,8,
T3,dk,da,export,Kino.dk,kino.dk,10,8,
T3,dk,da,export,Kontrast,kontrast.dk,10,8,
T3,dk,da,export,Kristeligt Dagblad,kristeligt-dagblad.dk,10,8,
T3,dk,da,export,Kulturstudier,tidsskriftetkulturstudier.dk,10,8,
T3,dk,da,export,Kvinden & Samfundet,danskkvindesamfund.dk,10,8,
T3,dk,da,export,Landbrugsavisen,landbrugsavisen.dk,10,8,
T3,dk,da,export,Local Eyes,localeyes.dk,10,8,
T3,dk,da,export,Lolland-Falsters Folketidende,folketidende.dk,10,8,
T3,dk,da,export,Lovtidende,lovtidende.dk,10,8,
T3,dk,da,export,Lyngby Radio,tdc.dk,10,8,
T3,dk,da,export,M!,mmm.dk,10,8,
T3,dk,da,export,Magasinet Europa,magasineteuropa.dk,10,8,
T3,dk,da,export,Maskinbladet,maskinbladet.dk,10,8,
T3,dk,da,export,metroxpress,mx.dk,10,8,
T3,dk,da,export,Midtjyllands Avis,mja.dk,10,8,
T3,dk,da,export,modkraft.dk,modkraft.dk,10,8,
T3,dk,da,export,Netavisen Pio,piopio.dk,10,8,
T3,dk,da,export,Nordjyske Stiftstidende,nordjyske.dk,10,8,
T3,dk,da,export,Noter,emu.dk,10,8,
T3,dk,da,export,Nyhedsavisen,avisen.dk,10,8,
T3,dk,sv,export,Q10404144,agi.se,10,12,
T3,dk,da,export,Q108541648,trappetusind.dk,10,8,
T3,dk,da,export,Q113496878,paradoks.nu,10,8,
T3,dk,da,export,Q122665349,kulturinformation.org,10,8,
T3,dk,da,export,Q12300892,albertslundradio.dk,10,8,
T3,dk,da,export,Q12301217,amagerbladet.dk,10,8,
T3,dk,da,export,Q12303427,bilmagasinet.dk,10,8,
T3,dk,da,export,Q12306998,dagbladene.dk,10,8,
T3,dk,da,export,Q12307078,voxliberalis.dk,10,8,
T3,dk,da,export,Q12307424,danskfolkeparti.dk,10,8,
T3,dk,da,export,Q12307640,danskekommuner.dk,10,8,
T3,dk,da,export,Q12321212,kanalfrederikshavn.dk,10,8,
T3,dk,da,export,Q12323417,uniradioen.dk,10,8,
T3,dk,da,export,Q12325399,radiolvn.dk,10,8,
T3,dk,da,export,Q12328549,netavisen-sjaelland.dk,10,8,
T3,dk,da,export,Q12332735,radioglobus.dk,10,8,
T3,dk,da,export,Q12332737,radiohsr.dk,10,8,
T3,dk,da,export,Q12332739,radio-koege.dk,10,8,
T3,dk,da,export,Q12332750,radioviborg.dk,10,8,
T3,dk,da,export,Q12333297,retorikforlaget.se,10,8,
T3,dk,da,export,Q12335683,skivefolkeblad.dk,10,8,
T3,dk,da,export,Q12336257,socialdemokratiet.dk,10,8,
T3,dk,da,export,Q12338664,tv2regionerne.dk,10,8,
T3,dk,ia,export,Q12344611,interlingua.dk,10,0,
T3,dk,da,export,Q124159768,uddannelsesbladet.dk,10,8,
T3,dk,da,export,Q124737142,seinmag.dk,10,8,
T3,dk,da,export,Q131763978,ditfjends.dk,10,8,
T3,dk,da,export,Q135314690,retsrapport.dk,10,8,
T3,dk,da,export,Q137661582,junikredsen.wordpress.com,10,8,
T3,dk,da,export,Q137661622,reaktionaererefleksioner.wordpress.com,10,8,
T3,dk,da,export,Q138745785,verdensbedstenyheder.dk,10,8,
T3,es,gl,export,A Voz de Vilalba,avozdevilalba.gal,40,0,
T3,es,eu,export,ahotsa.info,ahotsa.info,40,1,
T3,es,ca,export,Alcúdia Ràdio,alcudiaradio.com,40,2,
T3,es,eu,export,Andra,andra.eus,40,1,
T3,es,eu,export,Antxeta Irratia,antxetamedia.eus,40,1,
T3,es,ca,export,ARA Balears,arabalears.cat,40,2,
T3,es,eu,export,Argia,argia.eus,40,1,
T3,es,eu,export,Argia,w390w.gipuzkoa.net,40,1,
T3,es,ca,export,Arxius de Miscel·lània Zoològica,bcn.es,40,2,
T3,es,ca,export,Arxius de Miscel·lània Zoològica,museucienciesjournals.cat,40,2,
T3,es,eu,export,Busturialdeko Hitza,busturialdea.hitza.eus,40,1,
T3,es,ca,export,Canal 21 Ebre,canal21ebre.com,40,2,
T3,es,ca,export,Catalunya diari,catalunyadiari.com,40,2,
T3,es,ca,export,Catorze,catorze.cat,40,2,
T3,es,ca,export,Cavall Fort,cavallfort.cat,40,2,
T3,es,ca,export,Celsona Informació,celsona.com,40,2,
T3,es,gl,export,Cuac FM,cuacfm.org,40,0,
T3,es,gl,export,Cuadernos de Estudios Gallegos,estudiosgallegos.revistas.csic.es,40,0,deep_host
T3,es,gl,export,Código Cero,codigocero.com,40,0,
T3,es,ca,export,DBalears,dbalears.cat,40,2,
T3,es,eu,export,Deia,deia.com,40,1,
T3,es,ca,export,Descobrir Catalunya,descobrir.cat,40,2,
T3,es,ca,export,Diari de Girona,diaridegirona.cat,40,2,
T3,es,ca,export,Diari de Terrassa,diarideterrassa.com,40,2,
T3,es,ca,export,Diari de Vilanova,diaridevilanova.cat,40,2,
T3,es,ca,export,Diari el Jardí de Sant Gervasi i Sarrià,diarieljardi.cat,40,2,
T3,es,ca,export,Directa,directa.cat,40,2,
T3,es,ca,export,Ecodiari,ecodiari.cat,40,2,
T3,es,eu,export,Eguzki Irratia,eguzki.eus,40,1,
T3,es,ca,export,El 9 esportiu,lesportiudecatalunya.cat,40,2,
T3,es,ca,export,El Cinèfil,elcinefil.cat,40,2,
T3,es,ca,export,El món d'ahir,elmondahir.cat,40,2,
T3,es,ca,export,El Punt,elpunt.cat,40,2,
T3,es,ca,export,El Punt Avui,elpuntavui.cat,40,2,
T3,es,ca,export,El Temps,eltemps.cat,40,2,
T3,es,ca,export,El Triangle,eltriangle.eu,40,2,
T3,es,ca,export,Empordà,emporda.info,40,2,
T3,es,ca,export,Enderrock,enderrock.cat,40,2,
T3,es,eu,export,EnpresaBIDEA,enpresabidea.eus,40,1,
T3,es,ca,export,Esplugues.digital,esplugues.digital,40,2,
T3,es,eu,export,Eta Kitto,etakitto.eus,40,1,
T3,es,eu,export,Euskera,euskera-ikerketa.euskaltzaindia.eus,40,1,
T3,es,ca,export,Faventia (Online Edition): revista de filologia classica,ddd.uab.cat,40,2,
T3,es,ca,export,Faventia (Online Edition): revista de filologia classica,revistes.uab.cat,40,2,
T3,es,ca,export,Fields of Educational Psychology and Counseling,ambitsaaf.cat,40,2,
T3,es,fi,export,Fuengirola.fi,fuengirola.fi,40,4,
T3,es,gl,export,Galicia Hoxe,galiciahoxe.com,40,0,
T3,es,eu,export,Gara,naiz.eus,40,1,
T3,es,eu,export,Gaztezulo,gaztezulo.eus,40,1,
T3,es,eu,export,Hiruka,hiruka.eus,40,1,
T3,es,eu,export,Irria,irrienlagunak.eus,40,1,
T3,es,ca,export,iSabadell,isabadell.cat,40,2,
T3,es,ca,export,La Campana de Gràcia,arca.bnc.cat,40,2,
T3,es,ca,export,La Comarca d’Olot,lacomarca.cat,40,2,
T3,es,ca,export,lletraferit,drassana.net,40,2,
T3,es,eu,export,"Munibe, Antropologia-Arkeologia",aranzadi-zientziak.org,40,1,
T3,es,eu,export,"Munibe, Antropologia-Arkeologia",aranzadi.eus,40,1,
T3,es,ca,export,Mètode,metode.cat,40,2,
T3,es,ca,export,Nació Digital,naciodigital.cat,40,2,
T3,es,eu,export,Pikara Magazine,pikaramagazine.com,40,1,
T3,es,eu,export,Pil-pilean,plaentxia.eus,40,1,
T3,es,gl,export,praza.gal,praza.gal,40,0,
T3,es,eu,export,Prest!,uriola.eus,40,1,
T3,es,ca,export,Principal.cat,principal.cat,40,2,
T3,es,gl,export,Q10267573,gz.diarioliberdade.org,40,0,
T3,es,gl,export,Q103904457,publicacions.academia.gal,40,0,
T3,es,gl,export,Q103904457,publicacionsperiodicas.academia.gal,40,0,
T3,es,eu,export,Q11003135,hemeroketa.eus,40,1,
T3,es,ca,export,Q11284275,auriga.cat,40,2,
T3,es,eu,export,Q114452038,alava.net,40,1,
T3,es,ca,export,Q11909606,bonart.cat,40,2,
T3,es,ca,export,Q11918649,elvallenc.com,40,2,
T3,es,ca,export,Q11942463,portaveu.cat,40,2,
T3,es,gl,export,Q120541603,roucoson.com,40,0,
T3,es,eo,export,Q12062640,esperanto.es,40,0,
T3,es,eu,export,Q12253455,anboto.org,40,1,
T3,es,eu,export,Q12254720,baleike.eus,40,1,
T3,es,gl,export,Q12386773,cronica3.com,40,0,
T3,es,gl,export,Q12387123,disquecool.com,40,0,
T3,es,gl,export,Q12401016,temposdixital.gal,40,0,
T3,es,gl,export,Q12401064,tetractismonelos.blogspot.com,40,0,
T3,es,ca,export,Q124704906,orgull.barcelona,40,2,
T3,es,ca,export,Q125517482,marfanta.com,40,2,
T3,es,gl,export,Q130254920,revistainviable.gal,40,0,
T3,es,gl,export,Q131370482,usc.gal,40,0,
T3,es,gl,export,Q136441448,rge.gal,40,0,
T3,es,gl,export,Q136452243,asnosas.gal,40,0,
T3,es,eu,export,Q137918562,egoitza.gipuzkoa.eus,40,1,
T3,es,eu,export,Q16517526,hikhasi.eus,40,1,
T3,es,ca,export,Q20107836,catalunyareligio.cat,40,2,
T3,es,gl,export,Q20541350,galiciaconfidencial.com,40,0,
T3,es,gl,export,Q20541350,galiciaconfidencial.gal,40,0,
T3,es,gl,export,Q31281370,syngenta.es,40,0,
T3,es,an,export,Q3312623,consello.org,40,0,
T3,es,eu,export,Q3817694,euskalerriairratia.eus,40,1,
T3,es,gl,export,Q51133700,casadosespellos.wordpress.com,40,0,
T3,es,ca,export,Q56401708,alaioresportiu.com,40,2,
T3,es,gl,export,Q61380818,gciencia.com,40,0,
T3,es,gl,export,Q61382035,luzes.gal,40,0,
T3,es,gl,export,Q65248431,colexio.lasallesantiago.gal,40,0,
T3,et,am,export,Addis Admass,addisadmassnews.com,8,2,
T3,fi,fi,export,Aalto University publication series DOCTORAL THESES,aaltodoc.aalto.fi,7,4,
T3,fi,fi,export,Aamun Koitto,aamunkoitto.fi,7,4,
T3,fi,fi,export,Aamun Koitto,pshv.fi,7,4,
T3,fi,fi,export,Agricultural and Food Science,ojs.tsv.fi,7,4,
T3,fi,fi,export,Aikakone,aikakone.org,7,4,
T3,fi,fi,export,Aku Ankka Klassikko,akuankka.fi,7,4,
T3,fi,fi,export,Alfa-TV,alfatv.fi,7,4,
T3,fi,fi,export,Anime,animelehti.fi,7,4,
T3,fi,fi,export,Anime,animeshop.fi,7,4,
T3,fi,fi,export,Anna,anna.fi,7,4,
T3,fi,fi,export,Annales Academiae Scientiarum Fennicae. Mathematica,acadsci.fi,7,4,
T3,fi,sv,export,Arbetarbladet,demokraatti.fi,7,12,
T3,fi,fi,export,Aviisi,aviisi.fi,7,4,
T3,fi,sv,export,Borgåbladet,bbl.fi,7,12,
T3,fi,fi,export,City,city.fi,7,4,
T3,fi,fi,export,desibeli.net,desibeli.net,7,4,
T3,fi,fi,export,Diggari,diggari.fi,7,4,
T3,fi,fi,export,Ennen ja Nyt: Historian Tietosanomat,ennenjanyt.net,7,4,
T3,fi,fi,export,Etelä-Saimaa,esaimaa.fi,7,4,
T3,fi,fi,export,Etelä-Uusimaa,etela.com,7,4,
T3,fi,fi,export,Fides,fides.katolinen.fi,7,4,
T3,fi,fi,export,Fillari,fillari-lehti.fi,7,4,
T3,fi,fi,export,Filmihullu,filmihullu.fi,7,4,
T3,fi,fi,export,Finnish Dental Journal,lehtiluukku.fi,7,4,
T3,fi,fi,export,Finnish Dental Journal,hammaslaakarilehti.fi,7,4,
T3,fi,fi,export,Finnish Historical Review,pro.tsv.fi,7,4,
T3,fi,fi,export,Finnish Historical Review,historiallinenaikakauskirja.fi,7,4,
T3,fi,fi,export,Finnish Medical Journal,extra.epaper.fi,7,4,
T3,fi,fi,export,Finnish Medical Journal,laakarilehti.fi,7,4,
T3,fi,fi,export,Finnish News Agency STT,stt.fi,7,4,
T3,fi,fi,export,Forssan Lehti,forssanlehti.fi,7,4,
T3,fi,fi,export,Forum24,forum24.fi,7,4,
T3,fi,fi,export,Fox,foxtv.fi,7,4,
T3,fi,fi,export,FUN Tampere,funtampere.fi,7,4,
T3,fi,fi,export,Gamereactor Finland,gamereactor.fi,7,4,
T3,fi,fi,export,Green Thread,vihrealanka.fi,7,4,
T3,fi,fi,export,Hakehila,hakehila.fi,7,4,
T3,fi,fi,export,Hangötidningen-Hangonlehti,hangotidningen.fi,7,4,
T3,fi,fi,export,Hero,herotv.fi,7,4,
T3,fi,fi,export,Hervannan Sanomat,hervannansanomat.fi,7,4,
T3,fi,fi,export,Hevoshullu,hevoshullu.fi,7,4,
T3,fi,sv,export,Historisk Tidskrift för Finland,historisktidskrift.fi,7,12,
T3,fi,sv,export,Historiska och litteraturhistoriska studier,hls.journal.fi,7,12,
T3,fi,sv,export,Hufvudstadsbladet,digi.kansalliskirjasto.fi,7,12,
T3,fi,fi,export,Idäntutkimus,helsinki.fi,7,4,
T3,fi,fi,export,Iijokiseutu,iijokiseutu.fi,7,4,
T3,fi,fi,export,Iisalmen Sanomat,iisalmensanomat.fi,7,4,
T3,fi,fi,export,Ilta-Sanomat,is.fi,7,4,
T3,fi,fi,export,Informaatiotutkimus,journal.fi,7,4,
T3,fi,fi,export,Inkerin kirkko,inkerinkirkko.fi,7,4,
T3,fi,fi,export,Itä-Savo,ita-savo.fi,7,4,
T3,fi,fi,export,Itäväylä,itavayla.fi,7,4,
T3,fi,fi,export,J@rgonia,research.jyu.fi,7,4,
T3,fi,fi,export,Jallu,jallu.fi,7,4,
T3,fi,fi,export,Jatkoaika.com,jatkoaika.com,7,4,
T3,fi,fi,export,Jouluradio,jouluradio.fi,7,4,
T3,fi,fi,export,Journalisti,journalisti.fi,7,4,
T3,fi,fi,export,Joutseno,joutsenolehti.fi,7,4,
T3,fi,fi,export,Jurvan Sanomat,jurvansanomat.fi,7,4,
T3,fi,fi,export,Jyväskylän Ylioppilaslehti,jylkkari.fi,7,4,
T3,fi,fi,export,Järviseutu,jarviseutu-lehti.fi,7,4,
T3,fi,fi,export,Jätkäsaari–Ruoholahti,ruoholahdensanomat.fi,7,4,
T3,fi,fi,export,Kaakonkulma,kaakonkulma.fi,7,4,
T3,fi,fi,export,Kalajokilaakso,kalajokilaakso.fi,7,4,
T3,fi,fi,export,Kaltio,kaltio.fi,7,4,
T3,fi,fi,export,Kansa Taisteli,kansataisteli.sshs.fi,7,4,
T3,fi,fi,export,Kansan Tahto,kansantahto.fi,7,4,
T3,fi,fi,export,Kansan ääni,kansanaani.net,7,4,
T3,fi,fi,export,Karjalan Heili,karjalanheili.fi,7,4,
T3,fi,fi,export,Karjalan heimo,karjalansivistysseura.fi,7,4,
T3,fi,fi,export,Karkkilan Tienoo,karkkilantienoo.fi,7,4,
T3,fi,fi,export,Katso,katso.fi,7,4,
T3,fi,fi,export,Keskilaakso,keskilaakso.fi,7,4,
T3,fi,fi,export,Kirjastolehti,kirjastolehti.fi,7,4,
T3,fi,sv,export,Kirkkonummen Sanomat,kirkkonummensanomat.fi,7,12,
T3,fi,fi,export,Kiss,kiss.fi,7,4,
T3,fi,fi,export,Kodin Kuvalehti,kodinkuvalehti.fi,7,4,
T3,fi,fi,export,Koillis-Helsingin Lähitieto,lahitieto.fi,7,4,
T3,fi,fi,export,Koillis-Savo,koillis-savo.fi,7,4,
T3,fi,fi,export,Komiat,komiat.fi,7,4,
T3,fi,fi,export,Koneviesti,koneviesti.fi,7,4,
T3,fi,fi,export,Koti-Kajaani,kainuunsanomat.fi,7,4,
T3,fi,fi,export,Kotimaa,kotimaa.fi,7,4,
T3,fi,fi,export,Kouvolan Sanomat,kouvolansanomat.fi,7,4,
T3,fi,fi,export,Kritiikin Uutiset,kritiikinuutiset.fi,7,4,
T3,fi,fi,export,Kutonen,kutonen.fi,7,4,
T3,fi,fi,export,Kylteri,kylteri.fi,7,4,
T3,fi,fi,export,Lakimiesuutiset - Juristnytt,lakimiesuutiset.fi,7,4,
T3,fi,fi,export,Lappeenrannan Uutiset,lappeenrannanuutiset.fi,7,4,
T3,fi,fi,export,Lentoposti.fi,lentoposti.fi,7,4,
T3,fi,fi,export,Lestijoki,lestijoki.fi,7,4,
T3,fi,fi,export,Libero,liberolehti.fi,7,4,
T3,fi,fi,export,Lieksan Lehti,lieksanlehti.fi,7,4,
T3,fi,fi,export,Liikennelentäjä,fpapilots.fi,7,4,
T3,fi,fi,export,Liv,livtv.fi,7,4,
T3,fi,fi,export,Loviisan Sanomat,loviisansanomat.net,7,4,
T3,fi,fi,export,Länsi-Uusimaa,lansi-uusimaa.fi,7,4,
T3,fi,fi,export,Länsiväylä,lansivayla.fi,7,4,
T3,fi,fi,export,Maaseudun Tulevaisuus,maaseuduntulevaisuus.fi,7,4,
T3,fi,fi,export,Mediuutiset,summa.talentum.fi,7,4,
T3,ge,ka,export,First Channel,1tv.ge,5,1,
T3,ge,ka,export,Georgian Public Broadcaster,gpb.ge,5,1,
T3,ge,ka,export,GHN,ghn.ge,5,1,
T3,ge,az,export,Gürcüstan,gurcustan.com,5,2,
T3,ge,ka,export,Imedi Media Holding,imedi.ge,5,1,
T3,ge,ka,export,Maestro,maestro.ge,5,1,
T3,ge,ka,export,Mze TV,tvmze.ge,5,1,
T3,ge,ka,export,Radio Green Wave,greenwave.ge,5,1,
T3,ge,ka,export,Rustavi 2,rustavi2.com,5,1,
T3,ge,ka,export,Scientific and Practical Cyber Security Journal,journal.scsa.ge,5,1,
T3,ge,ka,export,Second Channel,2tv.ge,5,1,
T3,ge,ka,export,TV Sakartvelo,tvsakartvelo.ge,5,1,
T3,ge,hy,export,Vrastan,vrastan.ge,5,1,
T3,gh,ak,export,Vision 1 FM,vision1gh.com,11,0,
T3,gr,el,export,4E TV,tv4e.gr,18,13,
T3,gr,el,export,96.9 Rock FM,rockfm.gr,18,13,
T3,gr,el,export,Achaia Channel,achaianews.gr,18,13,
T3,gr,el,export,Acheloos TV,acheloostv.gr,18,13,
T3,gr,el,export,Action 24,action24.gr,18,13,
T3,gr,el,export,Alfavita,alfavita.gr,18,13,
T3,gr,el,export,Alpha 96.5,alpha965.gr,18,13,
T3,gr,el,export,Alpha TV,alphatv.gr,18,13,
T3,gr,el,export,Alter Channel,alter.gr,18,13,
T3,gr,el,export,ANT1 Europe,antennaeurope.gr,18,13,
T3,gr,el,export,ANT1 Pacific,antennapacific.gr,18,13,
T3,gr,el,export,ANT1 Satellite,antennasatellite.gr,18,13,
T3,gr,el,export,Approaches: Music Therapy & Special Music Education,approaches.primarymusic.gr,18,13,
T3,gr,el,export,Approaches: Music Therapy & Special Music Education,approaches.gr,18,13,
T3,gr,el,export,Argolika,argolika.gr,18,13,
T3,gr,el,export,Arkadiki Radiofonia Tileorasi,arkadikitv.gr,18,13,
T3,gr,el,export,Athens-Macedonian News Agency,ana-mpa.gr,18,13,
T3,gr,el,export,Athinorama,athinorama.gr,18,13,
T3,gr,el,export,Attica TV,atticatv.gr,18,13,
T3,gr,hy,export,Azat Or,azator.gr,18,1,
T3,gr,el,export,Best TV,best-tv.gr,18,13,
T3,gr,el,export,Blue Sky,blueskytv.gr,18,13,
T3,gr,el,export,Center TV,centertv.gr,18,13,
T3,gr,el,export,Channel 9,channel9.gr,18,13,
T3,gr,el,export,City Press,citypress.gr,18,13,
T3,gr,el,export,Cosmote Sport,otetv.ote.gr,18,13,
T3,gr,el,export,Creta Channel,tvcreta.gr,18,13,
T3,gr,el,export,Crete TV,cretetv.gr,18,13,
T3,gr,el,export,CultureNow.gr,culturenow.gr,18,13,
T3,gr,el,export,Digea,digea.gr,18,13,
T3,gr,el,export,DION TV,diontv.gr,18,13,
T3,gr,el,export,Easy 97.2,soundis.gr,18,13,
T3,gr,el,export,eKorinthos,ekorinthos.gr,18,13,
T3,gr,el,export,elculture,elculture.gr,18,13,
T3,gr,el,export,Eleftheros Typos,eleftherostypos.gr,18,13,
T3,gr,el,export,Eleftherotypia,enet.gr,18,13,
T3,gr,el,export,Ellīniko Periodiko tīs Nosīleutikīs Epistīmīs,journal-ene.gr,18,13,
T3,gr,el,export,ENA Channel,enachannel.gr,18,13,
T3,gr,el,export,Epetiris Etaireias Byzantinon Spoudon,xn-----f9bkh3fck.gr,18,13,
T3,gr,el,export,Epistīmonika Chronika,exronika.com,18,13,
T3,gr,el,export,Espresso,espressonews.gr,18,13,
T3,gr,el,export,Estia,estianews.gr,18,13,
T3,gr,el,export,Eviathema.gr,eviathema.gr,18,13,
T3,gr,el,export,Hellenic Orthodontic Review,grortho.gr,18,13,
T3,gr,el,export,Hellenic Radio Television,webradio.ert.gr,18,13,subdomain_of_catalogue_domain
T3,gr,el,export,HuffPost Greece,huffingtonpost.gr,18,13,
T3,gr,el,export,I Avgi,avgi.gr,18,13,
T3,gr,el,export,Ioannina Radio DeeJay 89.6,ioanninadeejay.gr,18,13,
T3,gr,el,export,Kerkyraiki Apopsi,kerkyraikiapopsi.gr,18,13,
T3,gr,el,export,Kiss FM 958 Corfu,kiis958.gr,18,13,
T3,gr,el,export,Kontra Channel,kontrachannel.gr,18,13,
T3,gr,el,export,Lampsi FM,lampsifm.gr,18,13,
T3,gr,el,export,LiFO,lifo.gr,18,13,
T3,gr,el,export,Macedonia TV,maktv.gr,18,13,
T3,gr,el,export,MAD TV,mad.gr,18,13,
T3,gr,el,export,Mediterranean Archaeology and Archaeometry,maajournal.com,18,13,
T3,gr,el,export,Mediterranean Archaeology and Archaeometry,rhodes.aegean.gr,18,13,
T3,gr,el,export,Mediterranean Marine Science,ejournals.epublishing.ekt.gr,18,13,deep_host
T3,gr,el,export,Melodia 99.2,melodia.gr,18,13,
T3,gr,el,export,Mixani tou Xronou,mixanitouxronou.gr,18,13,
T3,gr,el,export,MTV Music,mtvgreece.gr,18,13,
T3,gr,el,export,neakriti,neakriti.gr,18,13,
T3,gr,el,export,New Epsilon TV,neotv.gr,18,13,
T3,gr,el,export,"New Hellenic Radio, Internet and Television",nerit.gr,18,13,
T3,gr,el,export,Nickelodeon Plus,keedoo.gr,18,13,
T3,gr,el,export,Nova Sports,novasports.gr,18,13,
T3,gr,el,export,Oikonomikos Tachydromos,ot.gr,18,13,
T3,gr,el,export,One Channel,onetv.gr,18,13,
T3,gr,el,export,OneMan,oneman.gr,18,13,
T3,gr,el,export,ORT FM,ort.gr,18,13,
T3,gr,el,export,Orthodoxia News Agency,orthodoxianewsagency.gr,18,13,
T3,gr,el,export,Peloponnisos,pelop.gr,18,13,
T3,gr,el,export,Popaganda,popaganda.gr,18,13,
T3,gr,el,export,Practical Research in Innovation Management & Entrepreneurship,prime.teilar.gr,18,13,
T3,gr,el,export,Q1199955,derby-sports.gr,18,13,
T3,gr,el,export,Q12876921,elthraki.gr,18,13,
T3,gr,el,export,Q12877652,imerisia.gr,18,13,
T3,gr,el,export,Q12880902,mesogios.gr,18,13,
T3,gr,el,export,Q12885269,taxydromos.gr,18,13,
T3,gr,el,export,Q134363319,omadaalithias.gr,18,13,
T3,gr,el,export,Q134511228,parapolitika.gr,18,13,
T3,gr,el,export,Q137612076,koutipandoras.gr,18,13,
T3,gr,el,export,Q141021187,tvfreaks.gr,18,13,
T3,gr,el,export,Q16534467,ejournals.lib.auth.gr,18,13,deep_host
T3,gr,el,export,Q18692650,fosonline.gr,18,13,
T3,gr,el,export,Q20553022,sport-fm.gr,18,13,
T3,gr,el,export,Q28038513,romfea.gr,18,13,
T3,gr,el,export,Q28464437,kritep.gr,18,13,
T3,gr,el,export,Research Papers in Language Teaching and Learning,rpltl.eap.gr,18,13,
T3,gr,el,export,Rizospastis,rizospastis.gr,18,13,
T3,gr,el,export,"Sfera 102,2",sfera.gr,18,13,
T3,gr,el,export,Skai 100.3,skairadio.gr,18,13,
T3,gr,el,export,Skai TV,skaitv.gr,18,13,
T3,gr,el,export,Social Business Channel,sbctv.gr,18,13,
T3,gr,el,export,SportDay,sportday.gr,18,13,
T3,gr,el,export,SPOUDAI - Journal of Economics and Business,spoudai.unipi.gr,18,13,
T3,gr,el,export,Star Channel,star.gr,18,13,
T3,gr,el,export,Sto Kokkino,stokokkino.gr,18,13,
T3,gr,el,export,Stochos,stoxos.gr,18,13,
T3,gr,el,export,Super B,superb.gr,18,13,
T3,hr,hr,export,04 megazine for reality hacking,uke.hr,11,9,
T3,hr,hr,export,7Dnevno,7dnevno.hr,11,9,
T3,hr,hr,export,[O]gled magazine,ogled.org,11,9,
T3,hr,hr,export,Acta Graphica,actagraphica.hr,11,9,
T3,hr,hr,export,Anafora,anafora.ffos.hr,11,9,
T3,hr,hr,export,Anali Zavoda za povijesne znanosti Hrvatske akademije znanosti i umjetnosti u Dubrovniku,dizbi.hazu.hr,11,9,
T3,hr,hr,export,Antena Zadar,antenazadar.hr,11,9,
T3,hr,hr,export,Antena Zagreb,antenazagreb.hr,11,9,
T3,hr,hr,export,City Radio,cityportal.hr,11,9,
T3,hr,hr,export,Croatian Catholic Radio,hkr.hkm.hr,11,9,
T3,hr,hr,export,Croatian Music Channel,cmc.com.hr,11,9,
T3,hr,hr,export,Croatian News Agency,hina.hr,11,9,
T3,hr,hr,export,Doma TV,domatv.dnevnik.hr,11,9,
T3,hr,hr,export,Don Bosco today,digitalna.nsk.hr,11,9,
T3,hr,hr,export,Don Bosco today,donbosco.hr,11,9,
T3,hr,hr,export,Drenovski list,rijeka.hr,11,9,
T3,hr,hr,export,Drustvena Istrazivanja,drustvena-istrazivanja.pilar.hr,11,9,
T3,hr,hr,export,e-GFOS,e-gfos.gfos.hr,11,9,
T3,hr,hr,export,Ekonomski pregled,hde.hr,11,9,
T3,hr,hr,export,Ekonomski Vjesnik,efos.unios.hr,11,9,
T3,hr,hr,export,Etnoloska Tribina,hrvatskoetnoloskodrustvo.hr,11,9,
T3,hr,hr,export,European Journal of Bioethics,jahr-bioethics-journal.com,11,9,
T3,hr,hr,export,Extra FM,extrafm.hr,11,9,
T3,hr,hr,export,Geoadria,morepress.unizd.hr,11,9,
T3,hr,hr,export,Geofizika,geofizika-journal.gfz.hr,11,9,
T3,hr,hr,export,Glas Istre,glasistre.hr,11,9,
T3,hr,hr,export,Gloria,gloria.hr,11,9,
T3,hr,hr,export,Histria Archaeologica,ami.arhivpro.hr,11,9,
T3,hr,hr,export,HR Osijek,radio.hrt.hr,11,9,
T3,hr,hr,export,HRT 2,hrt.hr,11,9,
T3,hr,hr,export,Hrvatska revija za rehabilitacijska Istraživanja,hrri.erf.hr,11,9,
T3,hr,hr,export,Jabuka TV,otv.hr,11,9,
T3,hr,hr,export,Jezik,hfiloloskod.hr,11,9,
T3,hr,hr,export,Journal of Contemporary History,csp.isp.hr,11,9,
T3,hr,hr,export,Kanal 5,kanal5.hr,11,9,
T3,hr,hr,export,Kartografija i Geoinformacije,kig.kartografija.hr,11,9,
T3,hr,hr,export,Kemija u industriji,nippur.irb.hr,11,9,
T3,hr,sh,export,Književna republika 2003-,hrvatskodrustvopisaca.hr,11,0,
T3,hr,hr,export,Kreativno-edukativni Studio,kries.hr,11,9,
T3,hr,hr,export,Laganini FM,laganini.fm,11,9,
T3,hr,hr,export,Laudato TV,laudato.hr,11,9,
T3,hr,hr,export,Medijska Istrazivanja,mediaresearch.cro.net,11,9,
T3,hr,hr,export,Metalurgija,pubweb.carnet.hr,11,9,
T3,hr,hr,export,Miscellanea Hadriatica et Mediterranea,unizd.hr,11,9,
T3,hr,hr,export,Modra lasta,modralasta.hr,11,9,
T3,hr,hr,export,Mogućnosti,knjizevni-krug.hr,11,9,
T3,hr,hr,export,Narodne novine,dnc.nsk.hr,11,9,
T3,hr,hr,export,Naše More (Dubrovnik),nasemore.com,11,9,
T3,hr,hr,export,Nova TV,novatv.hr,11,9,
T3,hr,hr,export,Novi list,novine.novilist.hr,11,9,subdomain_of_catalogue_domain
T3,hr,hr,export,Obiteljski radio,obiteljski-radio.hr,11,9,
T3,hr,hr,export,Oeconomica Jadertina,ekonomija.unizd.hr,11,9,
T3,hr,hr,export,Otvoreni Radio,otvoreni.hr,11,9,
T3,hr,hr,export,Pannoniana,wt.foozos.hr,11,9,
T3,hr,hr,export,Poljoprivreda,poljo-agri.com,11,9,
T3,hr,hr,export,Pomorstvo,pfri.uniri.hr,11,9,
T3,hr,hr,export,Pravni Vjesnik,law.pravos.hr,11,9,
T3,hr,hr,export,Psychological Topics,ffri.hr,11,9,
T3,hr,hr,export,Q124392555,mojradio.hr,11,9,
T3,hr,hr,export,Q12640892,radio-banovina.hr,11,9,
T3,hr,hr,export,Q15995288,hrvatskitelekom.hr,11,9,
T3,hr,hr,export,Radio 1,radio1.hr,11,9,
T3,hr,hr,export,Radio Jaska,radio-jaska.hr,11,9,
T3,hr,hr,export,Radio Maria Croatia,radiomarija.hr,11,9,
T3,hr,hr,export,Radio Samobor,radiosamobor.hr,11,9,
T3,hr,hr,export,Radio Student,radiostudent.hr,11,9,
T3,hr,hr,export,Radio Varaždin,radio-varazdin.hr,11,9,
T3,hr,hr,export,Radovi Instituta za Povijest Umjetnosti,ipu.hr,11,9,
T3,hr,hr,export,Radovi Zavoda za hrvatsku povijest,ffzg.unizg.hr,11,9,
T3,hr,hr,export,Rasprave: Časopis Instituta za Hrvatski Jezik i Jezikoslovlje,ihjj.hr,11,9,
T3,hr,hr,export,Revija za socijalnu politiku,rsp.hr,11,9,
T3,hr,hr,export,Ribarstvo,ribarstvo.agr.hr,11,9,
T3,hr,hr,export,RTL 2 (Croatia),rtl2.hr,11,9,
T3,hr,hr,export,RTL Croatia,rtl.hr,11,9,
T3,hr,hr,export,Sirius B,siriusb.hangar7.hr,11,9,
T3,hr,hr,export,Služba Božja,franjevci-split.hr,11,9,
T3,hr,hr,export,Sportska televizija,sportskatelevizija.hr,11,9,
T3,hr,hr,export,Sportska televizija,sptv.hr,11,9,
T3,hr,hr,export,Sportske novosti,sportske.jutarnji.hr,11,9,subdomain_of_catalogue_domain
T3,hr,hr,export,Strategos,strategos.morh.hr,11,9,
T3,hr,hr,export,Studentski radio UNIOS,radio.unios.hr,11,9,
T3,hr,hr,export,Suvremena lingvistika,suvlin.ffzg.hr,11,9,
T3,hr,hr,export,Sveta Cecilija,glas-koncila.hr,11,9,
T3,hr,hr,export,Sveta Cecilija,kbf.unizg.hr,11,9,
T3,hr,hr,export,TEDI,ttf.unizg.hr,11,9,
T3,hr,hr,export,TV Nova Pula,tvnova.hr,11,9,
T3,hr,hr,export,Vizkultura,vizkultura.hr,11,9,
T3,hr,hr,export,Vjesnik Istarskog arhiva,dapa.hr,11,9,
T3,hr,hr,export,Yammat FM,yammat.fm,11,9,
T3,hr,hr,export,Zabavni Radio,radio-martin.hr,11,9,
T3,hr,hr,export,Zabavni Radio,zabavni.hr,11,9,
T3,hr,hr,export,Zadarski list,zadarskilist.hr,11,9,
T3,hr,hr,export,Zbornik radova Ekonomskog fakulteta u Rijeci : časopis za ekonomsku teoriju i praksu,efri.uniri.hr,11,9,
T3,hr,hr,export,Šumarski list,sumari.hr,11,9,
T3,hu,hu,export,168 Óra,168.hu,16,12,
T3,hu,hu,export,A Szabadság,aszabadasag.hu,16,12,
T3,hu,hu,export,Apertura,uj.apertura.hu,16,12,
T3,hu,hu,export,Apertura,apertura.hu,16,12,
T3,hu,hu,export,Artportál,artportal.hu,16,12,
T3,hu,hu,export,ATV,atv.hu,16,12,
T3,hu,hu,export,azonnali.hu,azonnali.hu,16,12,
T3,hu,hu,export,Belvedere Meridionale,contenta.ek.szte.hu,16,12,deep_host
T3,hu,hu,export,Belvedere Meridionale,belvedere-meridionale.hu,16,12,
T3,hu,hu,export,Belvedere Meridionale,matarka.hu,16,12,
T3,hu,hu,export,Beol.hu,beol.hu,16,12,
T3,hu,hu,export,Blikk,blikk.hu,16,12,
T3,hu,hu,export,Bonum TV,bonumtv.hu,16,12,
T3,hu,hu,export,Botanikai Közlemények,botkozlem.elte.hu,16,12,
T3,hu,hu,export,Botanikai Közlemények,mbt-biologia.hu,16,12,
T3,hu,bg,export,Bulgarian Historical Review,bhr.ihist.bas.bg,16,5,deep_host
T3,hu,hu,export,Class FM,classfm.hu,16,12,
T3,hu,hu,export,Comedy Central Hungary,comedycentral.hu,16,12,
T3,hu,hu,export,Cool TV,rtlklub.hu,16,12,
T3,hu,hu,export,Dankó Rádió,mediaklikk.hu,16,12,
T3,hu,hu,export,Digi Sport,digisport.hu,16,12,
T3,hu,hu,export,Dissertationes Archaeologicae: Ex Instituto Archaeologico Universitatis de Rolando Eötvös Nominatae,dissarch.elte.hu,16,12,
T3,hu,hu,export,Duna Média,dunamsz.hu,16,12,
T3,hu,hu,export,Délmagyarország,delmagyar.hu,16,12,
T3,hu,hu,export,Délmagyarország,delvilag.hu,16,12,
T3,hu,hu,export,Dörmögő Dömötör,dormogodomotor.hu,16,12,
T3,hu,hu,export,Echo TV,echotv.hu,16,12,
T3,hu,hu,export,Femina.hu,femina.hu,16,12,
T3,hu,hu,export,fidelio.hu,fidelio.hu,16,12,
T3,hu,hu,export,Figyelő,figyelo.hu,16,12,
T3,hu,hu,export,Figyelő,figyelonet.hu,16,12,
T3,hu,hu,export,Figyelő,fn.hu,16,12,
T3,hu,hu,export,Film+,filmplusz.hu,16,12,
T3,hu,hu,export,Film4,film4.network4.hu,16,12,
T3,hu,hu,export,Fix.tv,fixtv.mconet.hu,16,12,
T3,hu,hu,export,Folkrádió,folkradio.hu,16,12,
T3,hu,hu,export,Forbes,forbes.hu,16,12,
T3,hu,hu,export,Fordulat,epa.oszk.hu,16,12,
T3,hu,hu,export,Fordulat,fordulat.net,16,12,
T3,hu,hu,export,g7.hu,g7.hu,16,12,
T3,hu,hu,export,Galaxy4,galaxy4.net4.hu,16,12,
T3,hu,hu,export,HBO Hungary,hbo.hu,16,12,
T3,hu,hu,export,Hetek,hetek.hu,16,12,
T3,hu,hu,export,Heti Válasz,valasz.hu,16,12,
T3,hu,hu,export,Heti Válasz,hetivalasz.hu,16,12,
T3,hu,hu,export,Hitel,hitel.elender.hu,16,12,
T3,hu,hu,export,Hitel,hitelfolyoirat.hu,16,12,
T3,hu,hu,export,Hungarian Philosophical Review,filozofiaiszemle.net,16,12,
T3,hu,hu,export,Hungaricana,hungaricana.hu,16,12,
T3,hu,hu,export,Hungarológiai Értesítő,bibl.u-szeged.hu,16,12,
T3,hu,hu,export,Hálózat TV,halozattv.hu,16,12,
T3,hu,hu,export,Hír FM,hirfm.hu,16,12,
T3,hu,hu,export,Hír TV,hirtv.hu,16,12,
T3,hu,hu,export,Hócipő,hocipo.hu,16,12,
T3,hu,hu,export,Irodalomtörténet,irodalomtortenet.hu,16,12,
T3,hu,hu,export,Irodalomtörténeti Közlemények,itk.iti.mta.hu,16,12,deep_host
T3,hu,hu,export,Irodalomtörténeti Közlemények,iti.mta.hu,16,12,
T3,hu,hu,export,Izaura TV,izauratv.hu,16,12,
T3,hu,hu,export,Jazz TV,jazztelevizio.hu,16,12,
T3,hu,hu,export,Jelentés és Nyelvhasználat,jeny.szte.hu,16,12,
T3,hu,hu,export,Kaleidoscope History,kaleidoscopehistory.hu,16,12,
T3,hu,hu,export,Klubrádió,klubradio.hu,16,12,
T3,hu,hu,export,Korall Társadalomtörténeti Folyóirat,korall.org,16,12,
T3,hu,hu,export,Kossuth Rádió,mr1-kossuth.hu,16,12,
T3,hu,hu,export,Kritika,kritikaonline.hu,16,12,
T3,hu,hu,export,"Könyv, Könyvtár, Könyvtáros",journals.bme.hu,16,12,
T3,hu,hu,export,"Könyv, Könyvtár, Könyvtáros",ojs.elte.hu,16,12,
T3,hu,hu,export,Köz-gazdaság,retp.eu,16,12,
T3,hu,hu,export,Külügyi Szemle,kki.gov.hu,16,12,
T3,hu,hu,export,Külügyi Szemle,kulugyiintezet.hu,16,12,
T3,hu,hu,export,Külügyi Szemle,kki.hu,16,12,
T3,hu,hu,export,Lánchíd Radio,lanchidradio.hu,16,12,
T3,hu,hu,export,M2 Petőfi TV,petofilive.hu,16,12,
T3,hu,hu,export,Magyar Demokrata,demokrata.hu,16,12,
T3,hu,hu,export,Magyar Grafika,mgonline.hu,16,12,
T3,hu,hu,export,Magyar Hírlap,magyarhirlap.hu,16,12,
T3,hu,hu,export,Magyar Kurír,magyarkurir.hu,16,12,
T3,hu,hu,export,Magyar Narancs,mancs.hu,16,12,
T3,hu,hu,export,Magyar Narancs,magyarnarancs.hu,16,12,
T3,hu,hu,export,Magyar Rádió,radio.hu,16,12,
T3,hu,hu,export,Magyar Televízió,mtv.hu,16,12,
T3,hu,hu,export,Magyar Tudomány,matud.iif.hu,16,12,
T3,hu,hu,export,Magyar Tudomány,mersz.hu,16,12,
T3,hu,hu,export,Magyar Távirati Iroda,mti.hu,16,12,
T3,hu,hu,export,Mai Nap,mainap.hu,16,12,
T3,hu,hu,export,mandiner.hu,mandiner.hu,16,12,
T3,hu,hu,export,Marie Claire Hungary,marieclaire.hu,16,12,
T3,hu,hu,export,Media Service Support and Asset Management Fund,mtva.hu,16,12,
T3,hu,hu,export,Media1,media1.hu,16,12,
T3,hu,hu,export,Minimax,minimax.hu,16,12,
T3,hu,hu,export,Mozi+,moziplusztv.hu,16,12,
T3,hu,hu,export,Moziverzum,tv2.hu,16,12,
T3,hu,hu,export,MTV4 Sport,m4sport.hu,16,12,
T3,hu,hu,export,Music FM,musicfm.hu,16,12,
T3,hu,hu,export,Muzsika,muzsika.net,16,12,
T3,hu,hu,export,Muzsika,bmc.hu,16,12,
T3,hu,hu,export,Muzsika,muzsikalendarium.hu,16,12,
T3,hu,hu,export,Mária Rádió Magyarország,mariaradio.hu,16,12,
T3,hu,hu,export,Mások,masok.hu,16,12,
T3,hu,hu,export,Mérce,merce.hu,16,12,
T3,id,id,export,Analisa,analisadaily.com,22,18,
T3,id,id,export,Animonster,web.archive.org.web.20140125120340,22,18,deep_host
T3,id,id,export,astaga.co,astaga.co,22,18,
T3,id,id,export,BeritaSatu,investor.id,22,18,
T3,id,id,export,Bintang Indonesia,tabloidbintang.com,22,18,
T3,id,id,export,Bola (tabloid),bolasport.com,22,18,
T3,id,id,export,Bola (tabloid),juara.net,22,18,
T3,id,id,export,BTV,btv.id,22,18,
T3,id,id,export,Buletin Al-Turas,journal.uinjkt.ac.id,22,18,deep_host
T3,id,id,export,Candrasangkala: Journal of Education and History,jurnal.untirta.ac.id,22,18,deep_host
T3,id,id,export,Classy FM,classyfm.co.id,22,18,
T3,id,id,export,Cyrustimes,cyrustimes.com,22,18,
T3,id,id,export,Da Man,daman.co.id,22,18,
T3,id,id,export,DAAI TV,daaitv.co.id,22,18,
T3,id,id,export,Diakronika,diakronika.ppj.unp.ac.id,22,18,deep_host
T3,id,id,export,E-Dimas,journal.upgris.ac.id,22,18,deep_host
T3,id,id,export,Elshinta TV,elshinta.co.id,22,18,
T3,id,id,export,Fajar Historia Jurnal Ilm Sejarah dan Pendidikan,e-journal.hamzanwadi.ac.id,22,18,deep_host
T3,id,id,export,FeMale Radio,femaleradio.co.id,22,18,
T3,id,id,export,Femina,femina.co.id,22,18,
T3,id,id,export,Floribunda,ptti.or.id,22,18,
T3,id,id,export,Forum Arkeologi,forumarkeologi.kemdikbud.go.id,22,18,deep_host
T3,id,id,export,Gadis,gadis.co.id,22,18,
T3,id,id,export,Ganaya Jurnal Ilmu Sosial dan Humaniora,jayapanguspress.penerbit.org,22,18,
T3,id,id,export,Good News From Indonesia,goodnewsfromindonesia.id,22,18,
T3,id,id,export,GPR TV,gprtv.id,22,18,
T3,id,id,export,GTV,gtv.id,22,18,
T3,id,id,export,Hai,hai.grid.id,22,18,
T3,id,id,export,Hao Bao Daily,haobaodaily.co.id,22,18,
T3,id,id,export,Historia: Jurnal Pendidikan Sejarah FKIP UM Metro,fkip.ummetro.ac.id,22,18,deep_host
T3,id,id,export,Humanus: Jurnal Ilmiah Ilmu-ilmu Humaniora,ejournal.unp.ac.id,22,18,deep_host
T3,id,id,export,I Channel,ichanneltv.co.id,22,18,
T3,id,id,export,Idea,idea.grid.id,22,18,
T3,id,id,export,IHiS (Indonesian Historical Studies),ejournal2.undip.ac.id,22,18,deep_host
T3,id,id,export,Indonesia Expat,indonesiaexpat.id,22,18,
T3,id,id,export,Indovision,mncvision.id,22,18,
T3,id,id,export,iNews,inewstv_indonesia.id,22,18,
T3,id,id,export,iNews,inews.id,22,18,
T3,id,id,export,iNews Surabaya,surabaya.inews.id,22,18,
T3,id,id,export,International Journal of Global Community,journal.riksawan.com,22,18,
T3,id,id,export,INtv Banten,intv.id,22,18,
T3,id,id,export,ISTORIA Jurnal Pendidikan dan Ilmu Sejarah,journal.uny.ac.id,22,18,deep_host
T3,id,id,export,itv Malang,indonesiatv.or.id,22,18,
T3,id,id,export,Jawa Pos Group,jawapos.com,22,18,
T3,id,id,export,Jip,jip.gridoto.com,22,18,
T3,id,id,export,JogjaJateng,jogjajateng.com,22,18,
T3,id,id,export,JTV,jtv.co.id,22,18,
T3,id,id,export,Jurnal Adabiyah,journal.uin-alauddin.ac.id,22,18,deep_host
T3,id,id,export,Jurnal Kawistara,jurnal.ugm.ac.id,22,18,deep_host
T3,id,id,export,Jurnal Pemberdayaan Masyarakat Madani,journal.unj.ac.id,22,18,deep_host
T3,id,id,export,Jurnal Penelitian Humaniora,journals.ums.ac.id,22,18,deep_host
T3,id,id,export,Jurnal Pengembangan Sains dan Teknologi,ejournal.ranedu.my.id,22,18,deep_host
T3,id,id,export,Jurnal Sejarah Citra Lekha,ejournal.undip.ac.id,22,18,deep_host
T3,id,id,export,Jurnal Sosial Humaniora,iptek.its.ac.id,22,18,deep_host
T3,id,id,export,KAIBON ABHINAYA JURNAL PENGABDIAN MASYARAKAT,e-jurnal.lppmunsera.org,22,18,
T3,id,id,export,Kapata Arkeologi,kapata-arkeologi.kemdikbud.go.id,22,18,deep_host
T3,id,id,export,Kedaulatan Rakyat,krjogja.com,22,18,
T3,id,id,export,Kepripedia.com,kepripedia.com,22,18,
T3,id,id,export,Kompas,print.kompas.com,22,18,subdomain_of_catalogue_domain
T3,id,id,export,Kompas,kompas.id,22,18,
T3,id,id,export,Kompas TV Jawa Timur,bctv.co.id,22,18,
T3,id,id,export,Koran Sindo,koran-sindo.com,22,18,
T3,id,id,export,Koran Tempo,koran.tempo.co,22,18,subdomain_of_catalogue_domain
T3,id,id,export,KTV,ktv.co.id,22,18,
T3,id,id,export,Madani Indonesian Journal of Civil Society,ejournal.pnc.ac.id,22,18,deep_host
T3,id,id,export,Majalah Ilmiah Biologi Biosfera: A Scientific Journal,biosfera.bio.unsoed.ac.id,22,18,deep_host
T3,id,id,export,Manglé,mangledigital.id,22,18,
T3,id,id,export,Media Indonesia,mediaindonesia.com,22,18,
T3,id,id,export,Millati: Journal of Islamic Studies and Humanities,ejournal.uinsalatiga.ac.id,22,18,deep_host
T3,id,id,export,Moji,moji.id,22,18,
T3,id,id,export,Nex Parabola,nexparabola.co.id,22,18,
T3,id,id,export,OrangeTV,orangetv.co.id,22,18,
T3,id,id,export,Panduanproperti.id,panduanproperti.id,22,18,
T3,id,id,export,Physics Journal of the IPS,jurnal.lipi.go.id,22,18,deep_host
T3,id,id,export,Pikiran Rakyat,pikiran-rakyat.com,22,18,
T3,id,id,export,PM2FAW,hot932fm.com,22,18,
T3,id,id,export,PM3FHI,ardanradio.com,22,18,
T3,id,id,export,Pos Metro Batam,posmetro.co,22,18,
T3,id,id,export,PROKAL.co,kaltara.prokal.co,22,18,
T3,id,id,export,Pubawidya: Jurnal Penelitian dan Pengembangan Arkeologi,ejournal.brin.go.id,22,18,deep_host
T3,id,id,export,Q109433603,panjimasyarakat.com,22,18,
T3,id,id,export,Q113653579,kalimantanpost.com,22,18,
T3,id,id,export,Q119084268,jasontv.co.id,22,18,
T3,id,id,export,Q121548785,bahanafm.co.id,22,18,
T3,id,id,export,Q12489702,majalahkartini.co.id,22,18,
T3,id,id,export,Q12511357,swa.co.id,22,18,
T3,id,id,export,Q126000615,pemudafm.com,22,18,
T3,id,id,export,Q129676451,ganto.co,22,18,
T3,id,id,export,Q136566598,harianterbit.com,22,18,
T3,id,id,export,Q140650758,nejournal.utarki.ac.id,22,18,deep_host
T3,id,id,export,Q27231700,mytv.co.id,22,18,
T3,id,id,export,Qudus International Journal of Islamic Studies,journal.stainkudus.ac.id,22,18,deep_host
T3,id,id,export,Radar Banten,radarbanten.com,22,18,
T3,id,id,export,Radio Dangdut Indonesia,rdifm.co.id,22,18,
T3,id,id,export,Radio Republik Indonesia,rri.co.id,22,18,
T3,id,id,export,Rajawali Televisi,rtv.co.id,22,18,
T3,id,id,export,Rakyat Merdeka,rm.id,22,18,
T3,id,id,export,Religió: Jurnal Studi Agama-agama,religio.uinsby.ac.id,22,18,deep_host
T3,id,id,export,Republika TV,tv.republika.co.id,22,18,subdomain_of_catalogue_domain;deep_host
T3,id,id,export,Riau Pos,riaupos.jawapos.com,22,18,
T3,ie,ga,export,COMHARTaighde,comhartaighde.com,9,0,
T3,ie,ga,export,Feasta,feasta.ie,9,0,
T3,ie,ga,export,Foinse,foinse.ie,9,0,
T3,ie,ga,export,Q115954829,extrag.ie,9,0,
T3,ie,ga,export,Tuairisc.ie,tuairisc.ie,9,0,
T3,il,he,export,0404 News,0404.co.il,11,1,
T3,il,he,export,103FM,103fm.maariv.co.il,11,1,deep_host
T3,il,he,export,Adam Tsair,adamtsair.co.il,11,1,
T3,il,he,export,Another Journey,masa.co.il,11,1,
T3,il,he,export,Arutz HaYeladim,kidstv.co.il,11,1,
T3,il,he,export,Arutz Meir Kids channel,meirkids.co.il,11,1,
T3,il,he,export,Ashdod Net,ashdodnet.com,11,1,
T3,il,he,export,Assia,medethics.org.il,11,1,
T3,il,he,export,B'Sheva,besheva.co.il,11,1,
T3,il,he,export,Bamah,bamah.info,11,1,
T3,il,he,export,Bhol,bhol.co.il,11,1,
T3,il,he,export,BIAF Israel Aviation & Space Magazine,aerospace.org.il,11,1,
T3,il,he,export,Blazer,blazermagazine.co.il,11,1,
T3,il,he,export,Calcalist,calcalist.co.il,11,1,
T3,il,he,export,Chanel 16,ch16.co.il,11,1,
T3,il,he,export,Channel 1,iba.org.il,11,1,
T3,il,he,export,charlton,sport1.maariv.co.il,11,1,deep_host
T3,il,he,export,Davar,en.davar1.co.il,11,1,deep_host
T3,il,he,export,Davar,davar1.co.il,11,1,
T3,il,he,export,Disney Channel,tv.disney.co.il,11,1,deep_host
T3,il,he,export,eco99fm,eco99fm.maariv.co.il,11,1,deep_host
T3,il,he,export,Epoch,epoch.org.il,11,1,
T3,il,he,export,Erev Rav,erev-rav.com,11,1,
T3,il,he,export,Giluy Da'at,giluydaat.co.il,11,1,
T3,il,he,export,Granta in Hebrew,grantahebrew.com,11,1,
T3,il,he,export,Hagada Hasmalit,hagada.org.il,11,1,
T3,il,he,export,HaKol HaYehudi,hakolhayehudi.co.il,11,1,
T3,il,he,export,Halavluv,halavluv.com,11,1,
T3,il,he,export,HaMidrasha,beitberl.ac.il,11,1,
T3,il,he,export,HaMussach,blog.nli.org.il,11,1,deep_host
T3,il,he,export,HaOlam HaZeh,thisworld.online,11,1,
T3,il,he,export,Haredim10,ch10.co.il,11,1,
T3,il,he,export,Hashiloach,hashiloach.org.il,11,1,
T3,il,he,export,Hop! Channel,hop.co.il,11,1,
T3,il,he,export,Hot,hot.net.il,11,1,
T3,il,he,export,IDF Radio,glz.co.il,11,1,
T3,il,he,export,IsraelDefense,israeldefense.co.il,11,1,
T3,il,he,export,Israeli Sociology,israeli-sociology.sites.tau.ac.il,11,1,deep_host
T3,il,he,export,Iton 77,iton77.com,11,1,
T3,il,he,export,Iyunim,bgu.ac.il,11,1,
T3,il,he,export,Kan Reka,kan.org.il,11,1,
T3,il,he,export,Khulyot,yiddish.haifa.ac.il,11,1,deep_host
T3,il,he,export,Kol BaRama,kol-barama.co.il,11,1,
T3,il,he,export,Kol Chai,emess.co.il,11,1,
T3,il,he,export,Local Call,mekomit.co.il,11,1,
T3,il,he,export,Ma'ariv La'noar,israelhayom.co.il,11,1,
T3,il,he,export,Maariv,maariv.co.il,11,1,
T3,il,he,export,Maayan,maayanmagazine.com,11,1,
T3,il,he,export,Makan 33,makan.org.il,11,1,
T3,il,he,export,Makor Rishon,makorrishon.co.il,11,1,
T3,il,he,export,Mashiv HaRuach,mashiv.org.il,11,1,
T3,il,he,export,Mi-ta'am,benyehuda.org,11,1,
T3,il,he,export,Modi'in News,mnews.co.il,11,1,
T3,il,he,export,Music 24,mako.co.il,11,1,
T3,il,he,export,NEXT TV,nexttv.co.il,11,1,
T3,il,he,export,Nitsosot,nitsosot.co.il,11,1,
T3,il,he,export,nrg,nrg.co.il,11,1,
T3,il,he,export,Pigumim,pigumim.org.il,11,1,
T3,il,he,export,Pnai Plus,ynet.co.il,11,1,
T3,il,he,export,Portfolio Magazine,prtfl.co.il,11,1,
T3,il,he,export,Q101951320,zerockradio.com,11,1,
T3,il,he,export,Q107086699,hamekomon.co.il,11,1,
T3,il,he,export,Q112863779,hazmanhazeh.org.il,11,1,
T3,il,he,export,Q112863780,panas.org.il,11,1,
T3,il,he,export,Q12410335,hashulchan.co.il,11,1,
T3,il,he,export,Q12410440,ereverev.co.il,11,1,
T3,il,he,export,Q125536657,blackdove.co.il,11,1,
T3,il,he,export,Q20502133,law.tau.ac.il,11,1,deep_host
T3,il,he,export,Q20502341,hadashothasavua.com,11,1,
T3,il,he,export,Q25490279,asif.co.il,11,1,
T3,il,he,export,Q25491688,massehet.com,11,1,
T3,il,he,export,Q2908431,sport5.co.il,11,1,
T3,il,he,export,Q3416646,90fm.co.il,11,1,
T3,il,he,export,Q3416812,96fm.co.il,11,1,
T3,il,he,export,Q55649489,ribonut.co.il,11,1,
T3,il,he,export,Q55649557,zbengweb.co.il,11,1,
T3,il,he,export,Q55651689,in.bgu.ac.il,11,1,deep_host
T3,il,he,export,Q61125794,idf.il,11,1,
T3,il,he,export,Q6262673,kcm.co.il,11,1,
T3,il,he,export,Q6556613,tevahadvarim.co.il,11,1,
T3,il,he,export,Q6568324,scheherezade.co.il,11,1,
T3,il,he,export,Q6588699,wzo.org.il,11,1,
T3,il,he,export,Q6628033,dacenter.tau.ac.il,11,1,deep_host
T3,il,he,export,Q6657609,fm102.co.il,11,1,
T3,il,he,export,Q6660060,yomleyom.co.il,11,1,
T3,il,he,export,Q6759891,olam-katan.co.il,11,1,
T3,il,he,export,Q6759891,okn.co.il,11,1,
T3,il,he,export,Q6846557,otiyotveyeladim.co.il,11,1,
T3,il,he,export,Q6884298,timeout.co.il,11,1,
T3,il,he,export,Q6957741,bimatkedem.co.il,11,1,
T3,il,he,export,Q7012130,lahiton.com,11,1,
T3,il,he,export,Q7057154,kav-itonut.co.il,11,1,
T3,il,he,export,Q86003068,kinneret.ac.il,11,1,
T3,il,he,export,Q97211643,metalist.co.il,11,1,
T3,il,he,export,Radio Darom,radiodarom.co.il,11,1,
T3,il,he,export,Radio Lev HaMedina,91fm.co.il,11,1,
T3,il,he,export,Radio Tzafon,1045fm.maariv.co.il,11,1,deep_host
T3,il,he,export,Radio Yerushalaim,jerusalemnet.co.il,11,1,
T3,il,he,export,Radios 100FM,100fm.co.il,11,1,
T3,il,he,export,Radios Nostalgia 96.3FM,963fm.co.il,11,1,
T3,in,hi,export,Aabkari Times,aabkaritimes.com,83,7,
T3,in,hi,export,Aaj Ka Anand,aajkaanand.epapers.in,83,7,
T3,in,hi,export,Aaj Samaj,aajsamaaj.com,83,7,
T3,in,bn,export,Aajkaal,aajkaal.net,83,15,
T3,in,hi,export,Agniban,epaper.agniban.com,83,7,
T3,in,as,export,Amar Asom,amarasom.glpublications.in,83,0,
T3,in,te,export,Andhra Bhoomi,andhrabhoomi.net,83,6,
T3,in,te,export,Andhra Jyothy,andhrajyothy.com,83,6,
T3,in,te,export,Andhra Patrika,andhrapatrika.in,83,6,
T3,in,te,export,Andhra Prabha,prabhanews.com,83,6,
T3,in,hi,export,Anusandhan Vigyan Shodh Patrika,bsnvpgcollege.in,83,7,
T3,in,as,export,Asomiya Khabar,assamiyakhabor.com,83,0,
T3,in,as,export,Asomiya Pratidin,asomiyapratidin.in,83,0,
T3,in,ur,export,Avadhnama,avadhnama.com,83,5,
T3,in,bn,export,Bartaman,bartamanpatrika.com,83,15,
T3,in,gu,export,Bombay Samachar,bombaysamachar.com,83,0,
T3,in,gu,export,Chitralekha,chitralekha.com,83,0,
T3,in,ml,export,Club FM,clubfm.in,83,6,
T3,in,hi,export,CNBC Awaaz,hindi.moneycontrol.com,83,7,subdomain_of_catalogue_domain
T3,in,mr,export,Colors Marathi,colorsmarathi.com,83,3,
T3,in,ta,export,Colors Tamil,colorstamil.in,83,5,
T3,in,mr,export,Daily Aikya,epaperdainikaikya.com,83,3,
T3,in,hi,export,Daily Chhattisgarh,dailychhattisgarh.com,83,7,
T3,in,bn,export,Daily Desher Katha,dailydesherkatha.com,83,15,
T3,in,hi,export,Daily Hindi Milap,hindimilap.in,83,7,
T3,in,hi,export,Daily News Activist,dailynewsactivist.com,83,7,
T3,in,hi,export,Dainik Agniban,agniban.com,83,7,
T3,in,as,export,Dainik Agradoot,dainikagradoot.com,83,0,
T3,in,as,export,Dainik Asam,dainikasam.assamtribune.com,83,0,
T3,in,as,export,Dainik Janambhumi,dainikjanambhumi.co.in,83,0,
T3,in,hi,export,Dainik Janwani,janwani.in,83,7,
T3,in,bn,export,Dainik Jugashankha,jugasankha.in,83,15,
T3,in,bn,export,Dainik Nababarta Prasanga,nababartaprasanga.com,83,15,
T3,in,hi,export,Dainik Navajyoti,dainiknavajyoti.com,83,7,
T3,in,hi,export,Dainik Purvoday,dainikpurvoday.com,83,7,
T3,in,hi,export,Dainik Savera Times,dainiksaveratimes.org,83,7,
T3,in,bn,export,Dainik Statesman,epaper.thestatesman.com,83,15,
T3,in,hi,export,Dakshin Bharat Rashtramat,epaper.dakshinbharat.com,83,7,
T3,in,bn,export,DD Tripura,ddktripura.tv,83,15,
T3,in,hi,export,Delhi Aaj Tak,aajtak.intoday.in,83,7,
T3,in,ml,export,Deshabhimani,deshabhimani.com,83,6,
T3,in,hi,export,Deshbandhu,deshbandhu.co.in,83,7,
T3,in,mr,export,Deshdoot,deshdoot.com,83,3,
T3,in,mr,export,Deshonnati,epaper.deshonnati.com,83,3,
T3,in,or,export,Dharitri,dharitri.com,83,0,
T3,in,ta,export,Dina Thanthi,dailythanthi.com,83,5,
T3,in,ta,export,Dinakaran,dinakaran.com,83,5,
T3,in,ta,export,Dinamalar,dinamalar.com,83,5,
T3,in,ta,export,Dinamani,dinamani.com,83,5,
T3,in,gu,export,Divya Bhaskar,divyabhaskar.co.in,83,0,
T3,in,hi,export,Divya Himachal,divyahimachal.com,83,7,
T3,in,mr,export,Divya Marathi,divyamarathi.bhaskar.com,83,3,subdomain_of_catalogue_domain
T3,in,hi,export,Dopahar,epaper.dopaharmetro.com,83,7,
T3,in,as,export,DY365,dy365.in,83,0,
T3,in,bn,export,Ebela,ebela.in,83,15,
T3,in,bn,export,Ekdin,epaper.ekdin.info,83,15,
T3,in,as,export,Gana Adhikar,ganaadhikar.com,83,0,
T3,in,bn,export,Ganadabi,ganadabi.com,83,15,
T3,in,bn,export,Ganashakti,ganashakti.com,83,15,
T3,in,ml,export,General,generaldaily.com,83,6,
T3,in,ml,export,Global Radio 91.2 FM,globalradio.in,83,6,
T3,in,gu,export,Gujarat Guardian,gujaratguardian.in,83,0,
T3,in,gu,export,Gujarat Mitra,gujaratmitra.in,83,0,
T3,in,gu,export,Gujarat Samachar,gujaratsamachar.com,83,0,
T3,in,gu,export,Gujarati Midday,gujaratimidday.com,83,0,
T3,in,kn,export,Hai Bangalore,citytoday.news,83,3,
T3,in,hi,export,Hari Bhoomi,haribhoomi.com,83,7,
T3,in,ne,export,Himalaya Darpan,epaperhimalayadarpan.com,83,2,
T3,in,ur,export,Hind Samachar,hindsamachar.in,83,5,
T3,in,hi,export,Hindmata Mirror,hindmatamirror.in,83,7,
T3,in,hi,export,Hindustan Dainik,epaper.livehindustan.com,83,7,
T3,in,hi,export,Hindustan Dainik,livehindustan.com,83,7,
T3,in,kn,export,Hosa Digantha,hosadigantha.in,83,3,
T3,in,hi,export,Inext,inextlive.com,83,7,
T3,in,hi,export,Ishq 104.8 FM,ishq.com,83,7,
T3,in,ur,export,Jadeed Indinon,jadeedindinon.net,83,5,
T3,in,pa,export,Jag Bani,jagbani.punjabkesari.in,83,0,
T3,in,gu,export,Jagat Darpan,jagatdarpan.weebly.com,83,0,
T3,in,bn,export,Jago Bangla,aitmc.org,83,15,
T3,in,bn,export,Jago Bangla,epaper.jagobangla.in,83,15,
T3,in,gu,export,Jai Hind,jaihindnewspaper.com,83,0,
T3,in,hi,export,Jan Morcha,janmorcha.in,83,7,
T3,in,or,export,Janabadi,janabadi.in,83,0,
T3,in,te,export,Janam Sakshi,janamsakshi.org,83,6,
T3,in,as,export,Janasadharan,janasadharan.in,83,0,
T3,in,kn,export,Janathavani,janathavani.com,83,3,
T3,in,ml,export,Janayugom,janayugomonline.com,83,6,
T3,in,gu,export,Janmabhoomi,epaper.janmabhoominewspapers.com,83,0,
T3,in,ml,export,Janmabhumi,janmabhumidaily.com,83,6,
T3,in,hi,export,Jansandesh Times,jansandeshtimes.net,83,7,
T3,in,hi,export,Jansatta,jansatta.com,83,7,
T3,in,hi,export,Jat Gazette,jatgazette.in,83,7,
T3,in,bn,export,Kalantar,bengalbyte.in,83,15,
T3,in,kn,export,Kannada Prabha,kannadaprabha.com,83,3,
T3,in,kn,export,Kannada Times,kannadatimes.com,83,3,
T3,in,kn,export,Karavali Ale,karavaliale.net,83,3,
T3,in,kn,export,Karavali Munjavu,karavalimunjavu.com,83,3,
T3,in,kn,export,Karnataka Malla,karnatakamalla.com,83,3,
T3,in,ml,export,Kerala Kaumudi,keralakaumudi.com,83,6,
T3,in,ml,export,Keraleeyam,keraleeyammasika.com,83,6,
T3,ir,fa,export,Aftab Yazd,aftabeyazd.ir,18,11,
T3,ir,fa,export,Al-Ahvaz TV,al-ahvaz.ir,18,11,
T3,ir,fa,export,Al-Kawthar TV,alkawthartv.ir,18,11,
T3,ir,hy,export,Alik,alikonline.ir,18,1,
T3,ir,fa,export,Analytical and Numerical Methods in Mining Engineering,anm.yazd.ac.ir,18,11,deep_host
T3,ir,fa,export,Applied Research on English Language,are.ui.ac.ir,18,11,deep_host
T3,ir,fa,export,Archives of Razi Institute,archrazi.com,18,11,
T3,ir,fa,export,Armaghane Danesh Bimonthly Journal,armaghanj.yums.ac.ir,18,11,deep_host
T3,ir,fa,export,Arman Daily,armandaily.ir,18,11,
T3,ir,fa,export,Asrar,89.165.118.117,18,11,deep_host
T3,ir,fa,export,Azarbaydgan,azarbaydgan.ir,18,11,
T3,ir,fa,export,Azarian Journal of Agriculture,azarianjournals.ir,18,11,
T3,ir,fa,export,Azerbaijan TV,urmia.irib.ir,18,11,
T3,ir,fa,export,Baspārish,basparesh.ippi.ac.ir,18,11,deep_host
T3,ir,fa,export,Bihdāsht-i Mavādd-i Ghaz̠āyī,jfh.iaut.ac.ir,18,11,deep_host
T3,ir,fa,export,Biyumikānīk-i varzishī,biomechanics.iauh.ac.ir,18,11,deep_host
T3,ir,fa,export,Bukhara magazine,bukharamag.com,18,11,
T3,ir,fa,export,Categories and General Algebraic Structures with Applications,cgasa.ir,18,11,
T3,ir,fa,export,Communications in Combinatorics and Optimization,comb-opt.azaruniv.ac.ir,18,11,deep_host
T3,ir,fa,export,Comparative Theology,coth.ui.ac.ir,18,11,deep_host
T3,ir,fa,export,Complementary Medicine Journal of Faculty of Nursing and Midwifery,cmja.arakmu.ac.ir,18,11,deep_host
T3,ir,fa,export,Daneshmand,daneshmandonline.ir,18,11,
T3,ir,fa,export,Development Strategies in Medical Education,dsme.hums.ac.ir,18,11,deep_host
T3,ir,fa,export,Didban Iran,didbaniran.ir,18,11,
T3,ir,fa,export,Donya ye Bazi,dbazi.com,18,11,
T3,ir,fa,export,Dulat/pizhūhī,tssq.atu.ac.ir,18,11,deep_host
T3,ir,fa,export,Education Strategies in Medical Sciences,edcbmj.ir,18,11,
T3,ir,fa,export,Eghtesad Online,eghtesadonline.com,18,11,
T3,ir,fa,export,Eghtesad Online,en.eghtesadonline.com,18,11,
T3,ir,fa,export,Environmental Stresses in Crop Sciences,escs.birjand.ac.ir,18,11,deep_host
T3,ir,fa,export,Eshragh TV,zanjan.irib.ir,18,11,
T3,ir,fa,export,Ettela'at,ettelaat.com,18,11,
T3,ir,fa,export,Events Iran,events.ir,18,11,
T3,ir,fa,export,Fararu,fararu.com,18,11,
T3,ir,fa,export,Fars News Agency,farsnews.ir,18,11,
T3,ir,fa,export,Faṣlnāmah-i Parastārī-i Diyābit,zbmu.ac.ir,18,11,
T3,ir,fa,export,Faṣlnāmah-i Pizhūhish/hā-yi Iqtiṣādī-i Īrān,ijer.atu.ac.ir,18,11,deep_host
T3,ir,fa,export,Filimo,filimo.com,18,11,
T3,ir,fa,export,Film (Iranian magazine),film-magazine.com,18,11,
T3,ir,fa,export,Filmnet,filmnet.ir,18,11,
T3,ir,fa,export,Fiyz̤,feyz.kaums.ac.ir,18,11,deep_host
T3,ir,fa,export,Golagha,golagha.ir,18,11,
T3,ir,fa,export,Ham-Mihan,hammihanonline.ir,18,11,
T3,ir,fa,export,Hamshahri,hamshahrionline.ir,18,11,
T3,ir,fa,export,Havaali,havaalimag.com,18,11,
T3,ir,fa,export,Hunar-i zabān,languageart.ir,18,11,
T3,ir,fa,export,Icana News Agency,icana.ir,18,11,
T3,ir,fa,export,Ikufīziyuluzhī-i Giyāhān-i Zirā̒ī,jcep.iaut.ac.ir,18,11,deep_host
T3,ir,fa,export,International Journal of Foreign Language Teaching and Research,jfl.iaun.ac.ir,18,11,deep_host
T3,ir,fa,export,Iran,inn.ir,18,11,
T3,ir,fa,export,Iran,iran-newspaper.com,18,11,
T3,ir,fa,export,Iran,irannewspaper.ir,18,11,
T3,ir,fa,export,Iranian Journal of Animal Sceince Research,ijasr.um.ac.ir,18,11,deep_host
T3,ir,fa,export,Iranian Journal of Applied Ecology,ijae.iut.ac.ir,18,11,deep_host
T3,ir,fa,export,Iranian journal of cultural research,jicr.ir,18,11,
T3,ir,fa,export,Iranian Journal of Information Processing & Management,jist.irandoc.ac.ir,18,11,deep_host
T3,ir,fa,export,Iranian Journal of Information Processing & Management,janesthanalgcritcare.biomedcentral.com,18,11,subdomain_of_catalogue_domain
T3,ir,fa,export,Iranian Journal of Medical Microbiology,ijmm.ir,18,11,
T3,ir,fa,export,Iranian Journal of Psychiatric Nursing,ijpn.ir,18,11,
T3,ir,fa,export,Iranian Students' News Agency,en.isna.ir,18,11,subdomain_of_catalogue_domain
T3,ir,fa,export,IRIB Alborz,alborz.irib.ir,18,11,
T3,ir,fa,export,IRIB Amoozesh,tv7.ir,18,11,
T3,ir,fa,export,IRIB Bazaar,baazar.tv,18,11,
T3,ir,fa,export,IRIB Hamedan,hamedan.irib.ir,18,11,
T3,ir,fa,export,IRIB Iran Kala,iktv.ir,18,11,
T3,ir,fa,export,IRIB Jame Jam,jjtvn.ir,18,11,
T3,ir,fa,export,IRIB Mostanad,doctv.ir,18,11,
T3,ir,fa,export,IRIB Namayesh,namayeshtv.ir,18,11,
T3,ir,fa,export,IRIB Nasim,tvnasim.ir,18,11,
T3,ir,fa,export,IRIB Ofogh,ofoghtv.ir,18,11,
T3,ir,fa,export,IRIB Omid,omidtv.ir,18,11,
T3,ir,fa,export,IRIB Pooya & Nahal,pooyatv.ir,18,11,
T3,ir,fa,export,IRIB Quran,qurantv.ir,18,11,
T3,ir,fa,export,IRIB Radio Payam,radiopayam.ir,18,11,
T3,ir,fa,export,IRIB Sabalan,ardabil.irib.ir,18,11,
T3,ir,fa,export,IRIB Salamat,salamattv.ir,18,11,
T3,ir,fa,export,IRIB Shoma,shomatv.ir,18,11,
T3,ir,fa,export,IRIB Tamasha,tamashatv.ir,18,11,
T3,ir,fa,export,IRIB TV1,tv1.ir,18,11,
T3,ir,fa,export,IRIB TV2,tv2.ir,18,11,
T3,ir,fa,export,IRIB TV3,tv3.ir,18,11,
T3,ir,fa,export,IRIB TV4,tv4.ir,18,11,
T3,ir,fa,export,IRIB TV5,tv5.ir,18,11,
T3,ir,fa,export,IRIB UHD,iribuhd.ir,18,11,
T3,ir,fa,export,IRIB Varzesh,varzeshtv.ir,18,11,
T3,ir,ur,export,IRIB World Service,parstoday.ir,18,5,
T3,ir,fa,export,Islamic Republic of Iran Broadcasting,irib.ir,18,11,
T3,ir,fa,export,Jame Jam 2,jjtv.ir,18,11,
T3,ir,fa,export,Jondi Shapour Magazine,jsmagazine.ir,18,11,
T3,ir,fa,export,Journal of Agroecology,agry.um.ac.ir,18,11,deep_host
T3,ir,fa,export,Journal of Ardabil University of Medical Sciences,jarums.arums.ac.ir,18,11,deep_host
T3,ir,fa,export,Journal of Ardabil University of Medical Sciences,journals.arums.ac.ir,18,11,deep_host
T3,ir,fa,export,Journal of Asset Management and Financing,amf.ui.ac.ir,18,11,deep_host
T3,ir,fa,export,Journal of Birjand University of Medical Sciences,journal.bums.ac.ir,18,11,deep_host
T3,ir,fa,export,Journal of Economic Geology,econg.um.ac.ir,18,11,deep_host
T3,ir,fa,export,Journal of Education and Community Health,jech.umsha.ac.ir,18,11,deep_host
T3,ir,fa,export,Journal of Fundamentals of Mental Health,magiran.com,18,11,
T3,ir,fa,export,Journal of Health and Safety at Work,jhsw.tums.ac.ir,18,11,deep_host
T3,ir,fa,export,journal of History of Islamic Philosophy,hpi.aletaha.ac.ir,18,11,deep_host
T3,ir,fa,export,Journal of Intelligent Procedures in Electrical Technology,en.jref.ir,18,11,
T3,is,is,export,Arctic Yearbook,arcticyearbook.com,7,5,
T3,is,is,export,Bylgjan,bylgjan.is,7,5,
T3,is,is,export,DV,dv.is,7,5,
T3,is,is,export,Læknablaðið. The Islandic medical journal,laeknabladid.is,7,5,
T3,is,is,export,Mannlíf,mannlif.is,7,5,
T3,is,is,export,Morgunblaðið,timarit.is,7,5,
T3,is,is,export,Q127968614,valur.is,7,5,
T3,is,is,export,Q135437728,utvarpsaga.is,7,5,
T3,is,is,export,Rás 2,dagskra.ruv.is,7,5,subdomain_of_catalogue_domain
T3,is,is,export,Sjónvarp Símans,siminn.is,7,5,
T3,is,is,export,Stjórnmál og Stjórnsýsla,irpa.is,7,5,
T3,is,is,export,Stjórnmál og Stjórnsýsla,stjornmalogstjornsysla.is,7,5,
T3,is,is,export,Stöð 2,stod2.is,7,5,
T3,is,is,export,Stöð 2 Sport,stod2sport.is,7,5,
T3,is,is,export,Tímarit um Uppeldi og Menntun,ojs.hi.is,7,5,
T3,is,is,export,Tónlist,bravotv.is,7,5,
T3,is,is,export,Vísir.is,visir.is,7,5,
T3,it,la,export,La Usc di Ladins,lausc.it,31,0,
T3,it,sl,export,Novi glas,noviglas.eu,31,3,
T3,it,uk,export,Q12163789,gazetaukrainska.com,31,14,
T3,it,la,export,Q16622314,books.google.it,31,0,
T3,it,sl,export,Rai 3 BIS FJK,sedezfjk.rai.it,31,3,
T3,jp,ja,export,Advanscope,advanscope.jp,22,13,
T3,jp,ja,export,Aichi International Broadcasting,radio-i.co.jp,22,13,
T3,jp,ja,export,Akita Asahi Broadcasting,aab-tv.co.jp,22,13,
T3,jp,ja,export,Akita Broadcasting System,akita-abs.co.jp,22,13,
T3,jp,ja,export,Akita Sakigake Shimpō,sakigake.jp,22,13,
T3,jp,ja,export,Akita Television,akt.co.jp,22,13,
T3,jp,ja,export,All-Nippon News Network,news.tv-asahi.co.jp,22,13,deep_host
T3,jp,ja,export,Animax,animax.co.jp,22,13,
T3,jp,ja,export,Aomori Broadcasting Corporation,rab.co.jp,22,13,
T3,jp,ja,export,Aomori FM Broadcasting,afb.co.jp,22,13,
T3,jp,ja,export,Aomori Television,atv.jp,22,13,
T3,jp,ja,export,Asagumo Shinbunsha. Henshūkyoku,asagumo-news.com,22,13,
T3,jp,ja,export,Asahi Broadcasting Group Holdings,corp.asahi.co.jp,22,13,deep_host
T3,jp,ja,export,Asahi Broadcasting Nagano,abn-tv.co.jp,22,13,
T3,jp,ja,export,Asahi Radio Broadcasting Corporation,abcradio.asahi.co.jp,22,13,deep_host
T3,jp,ja,export,Asahi Television Broadcasting Corporation,asahi.co.jp,22,13,
T3,jp,ja,export,banzuke,sumo.or.jp,22,13,
T3,jp,ja,export,Bay FM,bayfm.co.jp,22,13,
T3,jp,ja,export,Big Comic Superior,bigcomicbros.net,22,13,
T3,jp,ja,export,Biwako Broadcasting,bbc-tv.co.jp,22,13,
T3,jp,ja,export,Bouei Home,boueinews.com,22,13,
T3,jp,ja,export,Broadcasting System of San-in,bss.jp,22,13,
T3,jp,ja,export,BS Asahi,bs-asahi.co.jp,22,13,
T3,jp,ja,export,BS Nippon,bs4.jp,22,13,
T3,jp,ja,export,BS TV Tokyo,bs-tvtokyo.co.jp,22,13,
T3,jp,ja,export,BS-TBS,bs.tbs.co.jp,22,13,deep_host
T3,jp,ja,export,BS-TBS,note.bs-tbs.co.jp,22,13,deep_host
T3,jp,ja,export,BS-TBS,bs-tbs.co.jp,22,13,
T3,jp,ja,export,BS12 TwellV,twellv.co.jp,22,13,
T3,jp,ja,export,Bucchake Housing,bucchake-housing.co.jp,22,13,
T3,jp,ja,export,Bunka Tsushinsha,bunkanews.jp,22,13,
T3,jp,ja,export,Bunshun Online,bunshun.jp,22,13,
T3,jp,ja,export,CABLEVISION Inc.,fmyugao879.jp,22,13,
T3,jp,ja,export,Car Graphic,cargraphic.co.jp,22,13,
T3,jp,ja,export,Carmilla,carmilla.jp,22,13,
T3,jp,ja,export,Cartoon Network Japan,cartoonnetwork.jp,22,13,
T3,jp,ja,export,Chiba Nipposha,chibanippo.co.jp,22,13,
T3,jp,ja,export,Choson Sinbo,chosonsinbo.com,22,13,
T3,jp,ja,export,Christian Today,christiantoday.co.jp,22,13,
T3,jp,ja,export,Chugoku Communication Network,fmpst.co.jp,22,13,
T3,jp,ja,export,Chugoku Shimbun,chugoku-np.co.jp,22,13,
T3,jp,ja,export,Chunichi Shimbun,chunichi.co.jp,22,13,
T3,jp,ja,export,Chūkyō Television Broadcasting,ctv.co.jp,22,13,
T3,jp,ja,export,Comi Digi +,broccoli.co.jp,22,13,
T3,jp,ja,export,Comic Growl,comic-growl.com,22,13,
T3,jp,ja,export,Comic Meteor,comic-meteor.jp,22,13,
T3,jp,ja,export,Comic Yuri Hime S,ichijinsha.co.jp,22,13,
T3,jp,ja,export,Cross FM,crossfm.co.jp,22,13,
T3,jp,ja,export,CS One Ten,cs110.co.jp,22,13,
T3,jp,ja,export,Current Awareness Service,current.ndl.go.jp,22,13,deep_host
T3,jp,ja,export,Daily Shin-Shunan,shinshunan.co.jp,22,13,
T3,jp,ja,export,Daily Sports,daily.co.jp,22,13,
T3,jp,ja,export,Daily Tohoku,daily-tohoku.news,22,13,
T3,jp,ja,export,Dengeki G's Comic,gs.dengeki.com,22,13,
T3,jp,ja,export,Ehime Asahi Television,eat.jp,22,13,
T3,jp,ja,export,Ehime Broadcasting,ebc.co.jp,22,13,
T3,jp,ja,export,Ehime Shimbun,ehime-np.co.jp,22,13,
T3,jp,ja,export,Elle Girl Japan,ellegirl.jp,22,13,
T3,jp,ja,export,Flat Hero's,viewer.heros-web.com,22,13,
T3,jp,ja,export,FM Aichi Broadcasting,fma.co.jp,22,13,
T3,jp,ja,export,FM Akita,fm-akita.co.jp,22,13,
T3,jp,ja,export,FM Cocolo,cocolo.jp,22,13,
T3,jp,ja,export,FM Ehime,joeufm.co.jp,22,13,
T3,jp,ja,export,FM Fuji,fmfuji.jp,22,13,
T3,jp,ja,export,FM Fukuoka,fmfukuoka.co.jp,22,13,
T3,jp,ja,export,FM Fukushima,fmf.co.jp,22,13,
T3,jp,ja,export,FM Fukuyama,fm777.co.jp,22,13,
T3,jp,ja,export,FM Hatsukaichi,761.jp,22,13,
T3,jp,ja,export,FM Hokkaido Broadcasting,air-g.co.jp,22,13,
T3,jp,ja,export,FM Itami,fmitami.jp,22,13,
T3,jp,ja,export,FM Iwate,fmii.co.jp,22,13,
T3,jp,ja,export,FM K-City,kawasakifm.co.jp,22,13,
T3,jp,ja,export,FM Kagawa,fmkagawa.co.jp,22,13,
T3,jp,ja,export,FM KOZA,fmkoza.jp,22,13,
T3,jp,ja,export,FM Kyoto,fm-kyoto.jp,22,13,
T3,jp,ja,export,FM Miyazaki,joyfm.co.jp,22,13,
T3,jp,ja,export,FM Musashino,musashino-fm.co.jp,22,13,
T3,jp,ja,export,FM Nagasaki,fmnagasaki.co.jp,22,13,
T3,jp,ja,export,FM Naha,fmnaha.jp,22,13,
T3,jp,ja,export,FM Okinawa,fmokinawa.co.jp,22,13,
T3,jp,ja,export,"FM SAN-IN Co., Ltd.",fm-sanin.co.jp,22,13,
T3,jp,ja,export,FM Sendai,datefm.co.jp,22,13,
T3,jp,ja,export,FM Shiga,e-radio.co.jp,22,13,
T3,jp,ja,export,FM Tokushima,fm807.jp,22,13,
T3,jp,ja,export,FM Toyohashi,843fm.co.jp,22,13,
T3,jp,ja,export,FM Yamaguchi,fmy.co.jp,22,13,
T3,jp,ja,export,FM Yokohama,fmyokohama.co.jp,22,13,
T3,jp,ja,export,FM Yukiguni,fm762.jp,22,13,
T3,jp,ja,export,FM Ōita,fmoita.co.jp,22,13,
T3,jp,ja,export,Fuji News Network,fnn.jp,22,13,
T3,jp,ja,export,Fuji Television,fujitv.co.jp,22,13,
T3,jp,ja,export,Fukui Broadcasting,fbc.jp,22,13,
T3,jp,ja,export,Fukui Shimbun,fukuishimbun.co.jp,22,13,
T3,jp,ja,export,Fukui Television Broadcasting,fukui-tv.co.jp,22,13,
T3,jp,ja,export,Fukuoka Broadcasting Corporation,fbs.co.jp,22,13,
T3,jp,ja,export,Fukushima Broadcasting,kfb.co.jp,22,13,
T3,jp,ja,export,Fukushima Central Television,fct.co.jp,22,13,
T3,jp,ja,export,Fukushima Minyu Shimbun,minyu-net.com,22,13,
T3,jp,ja,export,Fukushima Television Broadcasting,fukushima-tv.co.jp,22,13,
T3,jp,ja,export,Gaora Sports,gaora.co.jp,22,13,
T3,kr,ko,export,Adonghakoeji,childkorea.or.kr,20,10,
T3,kr,ko,export,Aju Business Daily,ajunews.com,20,10,
T3,kr,ko,export,Archives of Craniofacial Surgery,kcpca.or.kr,20,10,
T3,kr,ko,export,BBS,bbs.or.kr,20,10,
T3,kr,ko,export,Best Eleven,besteleven.co.kr,20,10,
T3,kr,ko,export,BMB Reports,jbmb.or.kr,20,10,
T3,kr,ko,export,Busan English Broadcasting,befm.or.kr,20,10,
T3,kr,ko,export,Busan Ilbo,busan.com,20,10,
T3,kr,ko,export,Busan Munhwa Broadcasting Corporation,busanmbc.co.kr,20,10,
T3,kr,ko,export,CBS,cbs.co.kr,20,10,
T3,kr,ko,export,Cheongju Broadcasting,cjb.co.kr,20,10,
T3,kr,ko,export,Chungbuk Ilbo,inews365.com,20,10,
T3,kr,ko,export,ChungCheong Daily News,ccdailynews.com,20,10,
T3,kr,ko,export,Chungcheong Today,cctoday.co.kr,20,10,
T3,kr,ko,export,Chungnam Ilbo,chungnamilbo.co.kr,20,10,
T3,kr,ko,export,Cinema Heaven,cinema.studiogenie.co.kr,20,10,deep_host
T3,kr,ko,export,CPBC,cpbc.co.kr,20,10,
T3,kr,ko,export,Cube Tv,cubetv.tv,20,10,
T3,kr,ko,export,Daegu Ilbo,idaegu.com,20,10,
T3,kr,ko,export,Daegyo New Life Plus,noriq.co.kr,20,10,
T3,kr,ko,export,Daejeon Ilbo,daejonilbo.com,20,10,
T3,kr,ko,export,Daejeon Munhwa Broadcasting Corporation,tjmbc.co.kr,20,10,
T3,kr,ko,export,Dailypharm,dailypharm.com,20,10,
T3,kr,ko,export,Ddanzi Ilbo,ddanzi.com,20,10,
T3,kr,ko,export,Defence Daily,kookbang.dema.mil.kr,20,10,deep_host
T3,kr,ko,export,Defense Media Agency,dema.mil.kr,20,10,
T3,kr,ko,export,Edaily,edaily.co.kr,20,10,
T3,kr,ko,export,ENA,ena.skylifetv.co.kr,20,10,deep_host
T3,kr,ko,export,Fire Prevention News,fpn119.co.kr,20,10,
T3,kr,ko,export,Five & Six International,fivensix.co.kr,20,10,
T3,kr,ko,export,FourFourTwo,fourfourtwo.co.kr,20,10,
T3,kr,ko,export,GAMER’Z,gamerzmall.co.kr,20,10,
T3,kr,ko,export,Gangwon No.1 Broadcasting,g1tv.co.kr,20,10,
T3,kr,ko,export,Gazette of South Korea,gwanbo.go.kr,20,10,
T3,kr,ko,export,Global News Agency,globalnewsagency.kr,20,10,
T3,kr,ko,export,Gongyu News,공유.net,20,10,idn_domain
T3,kr,ko,export,Gugak FM,gugakfm.co.kr,20,10,
T3,kr,ko,export,Gwangju Munhwa Broadcasting,kjmbc.co.kr,20,10,
T3,kr,ko,export,Gyeonggi Broadcasting Corporation,kfm.co.kr,20,10,
T3,kr,ko,export,Halla Ilbo,ihalla.com,20,10,
T3,kr,ko,export,Hankook Ilbo,hankookilbo.com,20,10,
T3,kr,ko,export,Hankyoreh 21,h21.hani.co.kr,20,10,subdomain_of_catalogue_domain;deep_host
T3,kr,ko,export,Immune Network,ksimm.or.kr,20,10,
T3,kr,ko,export,Incheon Ilbo,incheonilbo.com,20,10,
T3,kr,ko,export,INews24,inews24.com,20,10,
T3,kr,ko,export,International Journal of Korean History,ijkh.khistory.org,20,10,
T3,kr,ko,export,International Journal of Korean History,e-sciencecentral.org,20,10,
T3,kr,ko,export,Intestinal research,gut.or.kr,20,10,
T3,kr,ko,export,Intestinal research,irjournal.org,20,10,
T3,kr,ko,export,Jeju International Broadcasting System,jibs.co.kr,20,10,
T3,kr,ko,export,Jemin Ilbo,jemin.com,20,10,
T3,kr,ko,export,Jeonbuk Domin Ilbo,domin.co.kr,20,10,
T3,kr,ko,export,Jeonbuk Ilbo,jjan.kr,20,10,
T3,kr,ko,export,Jeonju Television,jtv.co.kr,20,10,
T3,kr,ko,export,Jeonnam Ilbo,jnilbo.com,20,10,
T3,kr,ko,export,Jewelry Korea,jewelry-korea.com,20,10,
T3,kr,ko,export,JIINSI,jiinsi.com,20,10,
T3,kr,ko,export,Joongbu Daily,jbnews.com,20,10,
T3,kr,ko,export,Joongbu Ilbo,joongboo.com,20,10,
T3,kr,ko,export,Joongdo Ilbo,joongdo.co.kr,20,10,
T3,kr,ko,export,Journal of American Studies,asak.or.kr,20,10,
T3,kr,ko,export,Journal of breast cancer,ejbc.kr,20,10,
T3,kr,ko,export,Journal of Cardiovascular Ultrasound,kse-jcu.org,20,10,
T3,kr,ko,export,Journal of Cardiovascular Ultrasound,ksecho.org,20,10,
T3,kr,ko,export,Journal of Fashion business,fashionjournal.co.kr,20,10,
T3,kr,ko,export,Journal of Korean Academy of Nursing,jkan.or.kr,20,10,
T3,kr,ko,export,Journal of Korean Academy of Nursing,kan.or.kr,20,10,
T3,kr,ko,export,Journal of Korean Academy of Prosthodontics,journal.kap.or.kr,20,10,deep_host
T3,kr,ko,export,Journal of Korean Academy of Prosthodontics,kap.or.kr,20,10,
T3,kr,ko,export,Journal of Nuclear Fuel Cycle and Waste Technology,jnfcwt.or.kr,20,10,
T3,kr,ko,export,Kang Won Ilbo,kwnews.co.kr,20,10,
T3,kr,ko,export,Kangwon Domin Ilbo,kado.net,20,10,
T3,kr,ko,export,KBS 1TV,tv.kbs.co.kr,20,10,deep_host
T3,kr,ko,export,KBS 2TV,english.kbs.co.kr,20,10,deep_host
T3,kr,ko,export,KBS Chuncheon Broadcasting Branch Office,chuncheon.kbs.co.kr,20,10,deep_host
T3,kr,ko,export,KBS Daejeon broadcasting station,daejeon.kbs.co.kr,20,10,deep_host
T3,kr,ko,export,KBS Korea,kbsworld.kbs.co.kr,20,10,deep_host
T3,kr,ko,export,KBS N SPORTS,kbsn.co.kr,20,10,
T3,kr,ko,export,KBS Radio 1,radio.kbs.co.kr,20,10,deep_host
T3,kr,ko,export,KBS Suncheon Broadcasting Station,suncheon.kbs.co.kr,20,10,deep_host
T3,kr,ko,export,KFN,radio.dema.mil.kr,20,10,deep_host
T3,kr,ko,export,KOBACO(Korea Broadcast Adversing Corporation),kobaco.co.kr,20,10,
T3,kr,ko,export,Korea Educational Broadcasting System,ebs.co.kr,20,10,
T3,kr,ko,export,Korea New Network,knn.co.kr,20,10,
T3,kr,ko,export,Korean Broadcasting System,kbs.co.kr,20,10,
T3,kr,ko,export,Korean Journal of Parasitology,parasitol.or.kr,20,10,
T3,kr,ko,export,Korean Journal of Parasitology,parasitol.kr,20,10,
T3,kr,ko,export,Korean journal of pediatrics,kjp.or.kr,20,10,
T3,kr,ko,export,Kosin Medical Journal,kmj.kucm.ac.kr,20,10,deep_host
T3,kr,ko,export,Kosin Medical Journal,kosinmedj.org,20,10,
T3,kr,ko,export,ksilbo,ksilbo.co.kr,20,10,
T3,kr,ko,export,Kwangju Daily,kjdaily.com,20,10,
T3,kr,ko,export,Kwangju Ilbo,kwangju.co.kr,20,10,
T3,kr,ko,export,Kyeonggi Ilbo,kyeonggi.com,20,10,
T3,kr,ko,export,Kyeongin Ilbo,kyeongin.com,20,10,
T3,kr,ko,export,Kyeongnam Domin Ilbo,idomin.com,20,10,
T3,kr,ko,export,Kyongnam Shinmun,knnews.co.kr,20,10,
T3,kr,ko,export,Kyung-In Broadcasting System,ifm.kr,20,10,
T3,kr,ko,export,Legal Times,legaltimes.co.kr,20,10,
T3,kr,ko,export,Maeil Broadcasting Network,mbn.mk.co.kr,20,10,deep_host
T3,kz,kk,export,ALAU.KZ,alau.kz,6,1,
T3,kz,kk,export,Aq Jelken,aqzhelken.kazgazeta.kz,6,1,
T3,kz,kk,export,Aqïqat,aqiqat.kazgazeta.kz,6,1,
T3,kz,kk,export,Astana,astanafm.kz,6,1,
T3,kz,kk,export,Astana TV,astanatv.kz,6,1,
T3,kz,kk,export,Channel 31,31.kz,6,1,
T3,kz,kk,export,Channel One Eurasia,1tv.kz,6,1,
T3,kz,kk,export,Chemical Bulletin of Kazakh National University,bulletin.chemistry.kz,6,1,
T3,kz,kk,export,Cosmopolitan Kazakhstan,cosmo.kz,6,1,
T3,kz,kk,export,El Arna,elarna.kz,6,1,
T3,kz,kk,export,Gakku TV,gakku.kz,6,1,
T3,kz,kk,export,HitTV,hittv.kz,6,1,
T3,kz,kk,export,Jibek Joly TV,jjtv.kz,6,1,
T3,kz,kk,export,Kanal 7,tv7.kz,6,1,
T3,kz,kk,export,Kazakh radio,kazradio.kz,6,1,
T3,kz,kk,export,Kazinform,inform.kz,6,1,
T3,kz,kk,export,Khabar 24,24.kz,6,1,
T3,kz,kk,export,Khabar Agency,khabar.kz,6,1,
T3,kz,kk,export,KTK,ktk.kz,6,1,
T3,kz,kk,export,KZ Sport 1,kzsport1.kz,6,1,
T3,kz,kk,export,NewTimes.kz,newtimes.kz,6,1,
T3,kz,kk,export,NUR.KZ,kaz.nur.kz,6,1,
T3,kz,kk,export,NUR.KZ,nur.kz,6,1,
T3,kz,kk,export,Otyrar-TV,otyrar.kz,6,1,
T3,kz,kk,export,Q12530667,atr.kz,6,1,
T3,kz,kk,export,Q12544787,7-su.kz,6,1,
T3,kz,kk,export,Q12572988,qazaqadebieti.kz,6,1,
T3,kz,kk,export,Q135984447,toiduman.kz,6,1,
T3,kz,kk,export,Q139505037,daktilmag.kz,6,1,
T3,kz,kk,export,Q1548349,ns.kz,6,1,
T3,kz,kk,export,Q4086696,bilimtv.kz,6,1,
T3,kz,kk,export,Q4200913,inkaraganda.kz,6,1,
T3,kz,kk,export,Q42201373,time.kz,6,1,
T3,kz,kk,export,Q4235246,kstnews.kz,6,1,
T3,kz,kk,export,Qazsport,qazsporttv.kz,6,1,
T3,kz,kk,export,Radio Azattyq,azattyq.org,6,1,
T3,kz,kk,export,Radio Azattyq,rus.azattyq.org,6,1,
T3,kz,kk,export,Real Digital,realdigital.kz,6,1,
T3,kz,kk,export,Shalkar,shalkarfm.kz,6,1,
T3,lb,hy,export,Ararad,araraddaily.com,9,1,
T3,lb,hy,export,Aztag,aztagdaily.com,9,1,
T3,lb,hy,export,Aztag,aztagarabic.com,9,1,
T3,lb,hy,export,Zartonk,zartonkdaily.net,9,1,
T3,lk,si,export,E FM,efm.lk,8,2,
T3,lk,si,export,ETV,etv.lk,8,2,
T3,lk,si,export,Hiru FM,hirufm.lk,8,2,
T3,lk,si,export,Lankapuvath,lankapuvath.lk,8,2,
T3,lk,si,export,Radio Ceylon,slbc.lk,8,2,
T3,lk,si,export,Ravaya,ravaya.lk,8,2,
T3,lk,ta,export,Shakthi FM,shakthifm.com,8,5,
T3,lk,si,export,Sirasa TV,sirasatv.lk,8,2,
T3,lk,si,export,Sri Lanka Rupavahini Corporation,rupavahini.lk,8,2,
T3,lk,ta,export,Tamil Mirror,tamilmirror.lk,8,5,
T3,lk,si,export,TV 1,mtvsports.lk,8,2,
T3,lu,lb,export,Ardenner express,express.lu,5,1,
T3,lu,lb,export,Goosch.lu,goosch.lu,5,1,
T3,lv,lv,export,Baltic Journal of Economic Studies,baltijapublishing.lv,5,3,
T3,lv,lv,export,Brīvā Latvija,brivalatvija.lv,5,3,
T3,lv,lv,export,Diena,diena.lv,5,3,
T3,lv,et,export,Go3 Sport 1,viasatsport.ee,5,3,
T3,lv,lv,export,Ir,irlv.lv,5,3,
T3,lv,lv,export,Kurzemnieks,kurzemnieks.lv,5,3,
T3,lv,lv,export,Latgales Laiks,latgaleslaiks.lv,5,3,
T3,lv,lv,export,Lativan Public Service Media,lsm.lv,5,3,
T3,lv,lv,export,Latvijas Avīze,latvijasavize.lv,5,3,
T3,lv,lv,export,Latvijas Avīze,la.lv,5,3,
T3,lv,lv,export,Latvijas Avīze,dom.lndb.lv,5,3,
T3,lv,lv,export,Latvijas Kareivis,data.lnb.lv,5,3,
T3,lv,lv,export,Latvijas Neatkarīgā Televīzija,skaties.lv,5,3,
T3,lv,lv,export,Latvijas Radio,latvijasradio.lv,5,3,
T3,lv,lv,export,Latvijas Radio,latvijasradio.lsm.lv,5,3,
T3,lv,lv,export,Latvijas Radio 1,lr1.lsm.lv,5,3,
T3,lv,lv,export,Latvijas Radio 5,pieci.lv,5,3,
T3,lv,lv,export,Latvijas Televīzija,ltv.lsm.lv,5,3,
T3,lv,lv,export,Latvijas Televīzija,ltv.lv,5,3,
T3,lv,lv,export,Latvijas Vēstnesis,lv.lv,5,3,
T3,lv,lv,export,Latvijas Vēstures Institūta Žurnāls,lvi.lu.lv,5,3,
T3,lv,lv,export,LETA,leta.lv,5,3,
T3,lv,lv,export,Ludzas Zeme,ludzaszeme.lv,5,3,
T3,lv,lv,export,Malienas Ziņas,malienaszinas.lv,5,3,
T3,lv,lt,export,MTV Lithuania & Latvia,mtv.lt,5,3,
T3,lv,lv,export,Neatkarīgā Rīta Avīze,nra.lv,5,3,
T3,lv,lv,export,Neatkarīgās Tukuma Ziņas,ntz.lv,5,3,
T3,lv,lv,export,Novadnieks,novadnieks.lv,5,3,
T3,lv,lv,export,Q121762226,boomfm.lv,5,3,
T3,lv,lv,export,Q124884267,rml.lv,5,3,
T3,lv,lv,export,Q16350294,1br.lv,5,3,
T3,lv,lv,export,Q16355369,darzapasaule.lv,5,3,
T3,lv,lv,export,Q16361368,lkr.lv,5,3,
T3,lv,lv,export,Q21663616,db.lv,5,3,
T3,lv,lv,export,Q21772604,satori.lv,5,3,
T3,lv,lv,export,Q4037939,efeipro.lv,5,3,
T3,lv,lv,export,Q4047959,naba.lv,5,3,
T3,lv,lv,export,Q4047964,radioskonto.lv,5,3,
T3,lv,lv,export,Q4047965,radioswhplus.lv,5,3,
T3,lv,lv,export,Radio SWH Rock,radioswh.lv,5,3,
T3,lv,lv,export,Rēzeknes Vēstis,rv.lv,5,3,
T3,lv,lv,export,Rīgas Apriņķa Avīze,aprinkis.lv,5,3,
T3,lv,lv,export,Rīgas Laiks,rigaslaiks.lv,5,3,
T3,lv,lv,export,Sporta Avīze,sportaavize.lv,5,3,
T3,lv,lv,export,Transport and Aerospace Engineering,ortus.rtu.lv,5,3,
T3,lv,lv,export,TV6,tv6.lv,5,3,
T3,lv,lv,export,Ventas Balss,ventasbalss.lv,5,3,
T3,mm,my,export,Duwun,duwun.com.mm,10,2,
T3,mm,my,export,Khit Thit Media,khitthitnews.com,10,2,
T3,mm,my,export,Myawady Daily,myawady.net.mm,10,2,
T3,my,ms,export,Asyik FM,asyikfm.rtm.gov.my,15,4,deep_host
T3,my,ms,export,Best 104,bestfm.com.my,15,4,
T3,my,ms,export,Cats FM,catsfm.my,15,4,
T3,my,ms,export,Era,era.je,15,4,
T3,my,ms,export,Hot FM (Malaysia),hotfm.audio,15,4,
T3,my,ms,export,Johor FM,johorfm.rtm.gov.my,15,4,deep_host
T3,my,ms,export,KL FM,klfm.rtm.gov.my,15,4,deep_host
T3,my,ms,export,Klasik Nasional FM,radioklasik.rtm.gov.my,15,4,deep_host
T3,my,ms,export,Kool FM (Malaysia),koolfm.audio,15,4,
T3,my,ms,export,Kosmo!,kosmo.com.my,15,4,
T3,my,ms,export,Malacca FM,melakafm.rtm.gov.my,15,4,deep_host
T3,my,ta,export,Malaysia Nanban,nanban.com.my,15,5,
T3,my,ms,export,mStar Online,mstar.com.my,15,4,
T3,my,ms,export,Mutiara FM,mutiarafm.rtm.gov.my,15,4,deep_host
T3,my,ms,export,Nasional FM (Malaysia),nasionalfm.rtm.gov.my,15,4,deep_host
T3,my,ms,export,Negeri FM,negerifm.rtm.gov.my,15,4,deep_host
T3,my,ms,export,Pahang FM,pahangfm.rtm.gov.my,15,4,deep_host
T3,my,ms,export,Q12685682,dwnbahasa.dbp.my,15,4,
T3,my,ms,export,Q12697551,melakakini.my,15,4,
T3,my,ms,export,Q12697551,mhi.com.my,15,4,
T3,my,ms,export,RAKITA,rakita.my,15,4,
T3,my,ms,export,Roda-Roda,rodaroda.my,15,4,
T3,my,ms,export,Sarawak FM,sarawakfm.rtmsarawak.gov.my,15,4,deep_host
T3,my,ms,export,Selangor FM,selangorfm.rtm.gov.my,15,4,deep_host
T3,my,ms,export,Suria,suria.my,15,4,
T3,my,hi,export,THR Raaga,thr.fm,15,7,
T3,ng,yo,export,Radio Lagos,radionigerialagos.gov.ng,31,0,
T3,no,no,export,'=Oslo,erlik.no,9,0,
T3,no,no,export,730.no,730.no,9,0,
T3,no,no,export,ABC Nyheter,abcnyheter.no,9,0,
T3,no,no,export,Adresseavisen,adressa.no,9,0,
T3,no,no,export,Agder Flekkefjords Tidende,avisenagder.no,9,0,
T3,no,no,export,Agderposten,agderposten.no,9,0,
T3,no,nb,export,Akers Avis Groruddalen,groruddalen.no,9,8,
T3,no,no,export,Akershus Amtstidende,amta.no,9,0,
T3,no,nb,export,Altaposten,altaposten.no,9,8,
T3,no,no,export,Andøyposten,andoyposten.no,9,0,
T3,no,no,export,Arbeidets Rett,retten.no,9,0,
T3,no,nb,export,Arendals Tidende,arendalstidende.no,9,8,
T3,no,no,export,Artikulert,artikulert.no,9,0,
T3,no,nb,export,Askøyværingen,av-avis.no,9,8,
T3,no,no,export,Aura Avis,auraavis.no,9,0,
T3,no,no,export,Aust Agder Blad,austagderblad.no,9,0,
T3,no,nb,export,Avisa Hemnes,avisahemnes.no,9,8,
T3,no,no,export,Avisa Nordland,an.no,9,0,
T3,no,nb,export,Avisa Oslo,ao.no,9,8,
T3,no,no,export,ballade.no,ballade.no,9,0,
T3,no,no,export,Bergen Student-TV,bstv.no,9,0,
T3,no,no,export,Bergens Tidende,bergens-tidende.no,9,0,
T3,no,no,export,Bergensavisen,ba.no,9,0,
T3,no,no,export,Birkenesavisa,bavisa.no,9,0,
T3,no,no,export,Bladet Tromsø,itromso.no,9,0,
T3,no,no,export,Bladet Vesterålen,blv.no,9,0,
T3,no,no,export,Blyttia,nhm2.uio.no,9,0,
T3,no,no,export,Bok365.no,bok365.no,9,0,
T3,no,no,export,Bondebladet,bondebladet.no,9,0,
T3,no,no,export,Brønnøysunds Avis,banett.no,9,0,
T3,no,no,export,Budstikka,budstikka.no,9,0,
T3,no,no,export,Byavisa Sandefjord,byavisa.sandefjord.no,9,0,
T3,no,no,export,Byavisa Tønsberg,byavisatonsberg.no,9,0,
T3,no,nn,export,Bygdanytt,bygdanytt.no,9,0,
T3,no,nn,export,Bygdebladet,bygdebladet.com,9,0,
T3,no,no,export,Bygdebladet Randaberg og Rennesøy,bygdebladet.no,9,0,
T3,no,no,export,Bygdeposten,bygdeposten.no,9,0,
T3,no,no,export,Båtbørsen,batborsen.no,9,0,
T3,no,no,export,Bø blad,boblad.no,9,0,
T3,no,nn,export,Bømlo-nytt,bomlo-nytt.no,9,0,
T3,no,nb,export,Børsen,borsen.dagbladet.no,9,8,subdomain_of_catalogue_domain
T3,no,no,export,Caluna,caluna.no,9,0,
T3,no,nn,export,Dag og Tid,dagogtid.no,9,0,
T3,no,no,export,Dagen,dagen.no,9,0,
T3,no,no,export,Dagens Næringsliv,dn.no,9,0,
T3,no,no,export,Dagsavisen,dagsavisen.no,9,0,
T3,no,no,export,Dalane Tidende,dalane-tidende.no,9,0,
T3,no,no,export,Demokraten,demokraten.no,9,0,
T3,no,no,export,digi.no,digi.no,9,0,
T3,no,no,export,Dine Penger,dinepenger.no,9,0,
T3,no,nb,export,Document.no,document.news,9,8,
T3,no,nb,export,Document.no,document.no,9,8,
T3,no,nb,export,Drammens Tidende,dt.no,9,8,
T3,no,no,export,Drangedalsposten,drangedalsposten.no,9,0,
T3,no,no,export,Dølen,dolen.no,9,0,
T3,no,no,export,Døves Media,dovesmedia.no,9,0,
T3,no,no,export,Eidsvoll Ullensaker Blad,eub.no,9,0,
T3,no,no,export,Eikerbladet,eikerbladet.no,9,0,
T3,no,nb,export,Ekte Nyheter,ektenyheter.no,9,8,
T3,no,no,export,Empirix,empirix.no,9,0,
T3,no,no,export,Energiteknikk,energiteknikk.net,9,0,
T3,no,no,export,Etikk i Praksis: Nordic Journal of Applied Ethics,ntnu.no,9,0,
T3,no,no,export,Fanaposten,fanaposten.no,9,0,
T3,no,no,export,Fargemagasinet,fargemagasinet.no,9,0,
T3,no,no,export,Filmdagbok,filmdagbok.no,9,0,
T3,no,no,export,FilmMagasinet,filmmagasinet.no,9,0,
T3,no,nb,export,Filter Nyheter,filternyheter.no,9,8,
T3,no,no,export,Finansavisen,finansavisen.no,9,0,
T3,no,no,export,Finnmark Dagblad,fd.no,9,0,
T3,no,no,export,Finnmarken,finnmarken.no,9,0,
T3,no,no,export,Finnmarksposten,finnmarksposten.no,9,0,
T3,no,nn,export,Firda,firda.no,9,0,
T3,no,no,export,Firdaposten,firdaposten.no,9,0,
T3,no,no,export,Fjordabladet,fjordabladet.no,9,0,
T3,no,no,export,Fjordenes Tidende,fjt.no,9,0,
T3,no,no,export,Fjordingen,fjordingen.no,9,0,
T3,no,no,export,Fjuken,fjuken.no,9,0,
T3,no,no,export,FLEKS: Scandinavian Journal of Intercultural Theory and Practice,journals.oslomet.no,9,0,
T3,no,no,export,forskning.no,forskning.no,9,0,
T3,no,no,export,Forsvarets forum,forsvaretsforum.no,9,0,
T3,no,no,export,Fosna-Folket,fosna-folket.no,9,0,
T3,no,no,export,Framtid i Nord,framtidinord.no,9,0,
T3,no,no,export,Fredriksstad Blad,f-b.no,9,0,
T3,no,nb,export,Fremover,fremover.no,9,8,
T3,no,no,export,Friheten,friheten.no,9,0,
T3,no,no,export,Friidrett Magazine,friidrett.no,9,0,
T3,no,no,export,Frolendingen,frolendingen.no,9,0,
T3,no,no,export,Frostingen,frostingen.no,9,0,
T3,no,no,export,Fædrelandsvennen,fvn.no,9,0,
T3,no,no,export,Gamer.no,gamer.no,9,0,
T3,no,no,export,Gamereactor Norway,gamereactor.no,9,0,
T3,no,no,export,Gjengangeren,gjengangeren.no,9,0,
T3,no,no,export,Gjesdalbuen,gbnett.no,9,0,
T3,no,no,export,Glåmdalen,glomdalen.no,9,0,
T3,no,no,export,Grannar,grannar.no,9,0,
T3,no,nn,export,Grenda,grenda.no,9,0,
T3,no,no,export,Grimstad Adressetidende,gat.no,9,0,
T3,no,nb,export,Gudbrandsdølen Dagningen,gd.no,9,8,
T3,no,nb,export,Hadeland,hadeland.no,9,8,
T3,no,no,export,Halden Arbeiderblad,ha-halden.no,9,0,
T3,np,ne,export,Annapurna Post,annapurnapost.com,6,2,
T3,np,ne,export,Eagle FM,eaglefm.com.np,6,2,
T3,np,ne,export,Gorkhapatra,gorkhapatraonline.com,6,2,
T3,np,ne,export,Himshikhar Television,himshikhartv.com.np,6,2,
T3,np,ne,export,Naya Patrika,nayapatrikadaily.com,6,2,
T3,np,ne,export,NTV Plus,ntv.org.np,6,2,
T3,np,ne,export,Onlinekhabar,onlinekhabar.com,6,2,
T3,np,ne,export,Radio Nepal,radionepal.gov.np,6,2,
T3,np,ne,export,Radio Rampur,radiorampur.org.np,6,2,
T3,np,ne,export,Radio Sagarmatha,radiosagarmatha.org.np,6,2,
T3,np,ne,export,Radio Tehrathum,radioterhathum.com.np,6,2,
T3,np,ne,export,Rastriya Samachar Samiti,rss.com.np,6,2,
T3,np,ne,export,Shilapatra,shilapatra.com,6,2,
T3,np,ne,export,Singhalila FM,singhalilafm.com,6,2,
T3,ph,tl,export,Asian Century,asiancenturyph.com,18,1,
T3,ph,hy,export,DZIQ,dziq.am,18,1,
T3,pk,ur,export,Al-Adwa,aladwajournal.com,18,5,
T3,pk,ur,export,Al-Azhaar,al-azhaar.org,18,5,
T3,pk,ur,export,Al-Idah,al-idah.szic.pk,18,5,
T3,pk,ur,export,Al-Qalam,alqalamjournalpu.com,18,5,
T3,pk,ur,export,Al-Qalam,journal.alqalamjournalpu.com,18,5,
T3,pk,ur,export,Daily Aeen,dailyaeen.com.pk,18,5,
T3,pk,ur,export,Daily Aeen,en.dailyaeen.com.pk,18,5,deep_host
T3,pk,ur,export,Daily Express,express.com.pk,18,5,
T3,pk,ur,export,FM 101,fm101.gov.pk,18,5,
T3,pk,ur,export,Hamdard Naunehal,hamdardfoundation.org,18,5,
T3,pk,ur,export,Hum News,humnews.pk,18,5,
T3,pk,ur,export,Khabrain,thepost.com.pk,18,5,
T3,pk,ur,export,Laulak,laulak.info,18,5,
T3,pk,ur,export,MA' ARIF-I-ISLAMI,mei.aiou.edu.pk,18,5,deep_host
T3,pk,ur,export,Pakistan Journal of Islamic Research,pjir.bzu.edu.pk,18,5,deep_host
T3,pk,ur,export,Pehle Pakistan,pehlepakistan.pk,18,5,
T3,pk,ur,export,Times of Pakistan,timesofpakistan.com,18,5,
T3,pk,ur,export,Zarb-e-Momin,zarbemomin.com.pk,18,5,
T3,pl,pl,export,44 / Czterdzieści i Cztery,44.org.pl,20,19,
T3,pl,pl,export,Acta Scientiarum Polonorum Zootechnica,asp.zut.edu.pl,20,19,deep_host
T3,pl,ro,export,Acta universitatis sapientiae. Mathematica,acta.sapientia.ro,20,14,
T3,pl,pl,export,Adeptus,journals.ispan.edu.pl,20,19,deep_host
T3,pl,pl,export,Adeste,adeste.org,20,19,
T3,pl,pl,export,Advances in Science and Technology Research Journal,astrj.com,20,19,
T3,pl,pl,export,Advances in Science and Technology Research Journal,astrj.pollub.pl,20,19,
T3,pl,pl,export,Adventure,adventuretv.pl,20,19,
T3,pl,sl,export,Agricultura,agricultura-online.com,20,3,
T3,pl,pl,export,Aktualnosci Neurologiczne,neurologia.com.pl,20,19,
T3,pl,pl,export,Ale Kino+,alekinoplus.pl,20,19,
T3,pl,pl,export,Alkoholizm i Narkomania,ain.ipin.edu.pl,20,19,deep_host
T3,pl,pl,export,Alkoholizm i Narkomania,ipin.edu.pl,20,19,
T3,pl,ro,export,"Analele Universității ""Ovidius"" Constanța: Seria Chimie",univ-ovidius.ro,20,14,
T3,pl,ro,export,"Analele Ştiinţifice ale Universităţii ""Al.I. Cuza"" din Iaşi: Ştiinţe Economice",saaic.feaa.uaic.ro,20,14,deep_host
T3,pl,pl,export,Analiza i Egzystencja,wnus.usz.edu.pl,20,19,deep_host
T3,pl,pl,export,Annales UMCS Physica,annales.umcs.lublin.pl,20,19,deep_host
T3,pl,pl,export,Annales Universitatis Mariae Curie-Skłodowska sectio J – Paedagogia-Psychologia,psych-ped.annales.umcs.pl,20,19,deep_host
T3,pl,ro,export,Annals of the West University of Timisoara: Mathematics and Computer Science,math.uvt.ro,20,14,
T3,pl,pl,export,Antyradio,antyradio.pl,20,19,
T3,pl,pl,export,Apostolstwo Chorych,apchor.pl,20,19,
T3,pl,pl,export,Arab Studies and Islamic Studies,arabistyka.uw.edu.pl,20,19,deep_host
T3,pl,pl,export,Archeologia Polski,iaepan.vot.pl,20,19,
T3,pl,pl,export,Archeowieści,archeowiesci.pl,20,19,
T3,pl,pl,export,Architektura-Murator,architektura.muratorplus.pl,20,19,
T3,pl,pl,export,Archive of Mechanical Engineering,ame.meil.pw.edu.pl,20,19,deep_host
T3,pl,pl,export,Archives of Environmental Protection,ipis.zabrze.pl,20,19,
T3,pl,pl,export,Archives of Mechanical Technology and Materials,atmia.put.poznan.pl,20,19,deep_host
T3,pl,pl,export,Archives of Metallurgy and Materials,imim.pl,20,19,
T3,pl,pl,export,Archiwista Polski,sap.waw.pl,20,19,
T3,pl,pl,export,"Archiwum Fotogrametrii, Kartografii i Teledetekcji",ptfit.sgp.geodezja.org.pl,20,19,deep_host
T3,pl,pl,export,Argument : Biannual Philosophical Journal,argument.uken.krakow.pl,20,19,deep_host
T3,pl,pl,export,Arterial Hypertension,nt.viamedica.pl,20,19,
T3,pl,pl,export,Astronomia,astronomia.media.pl,20,19,
T3,pl,pl,export,Awedis,awedis.ormianie.pl,20,19,
T3,pl,pl,export,Bank i Kredyt,bankikredyt.nbp.pl,20,19,
T3,pl,pl,export,Biblioteka,lib.amu.edu.pl,20,19,deep_host
T3,pl,pl,export,Biblioteka i Edukacja,bg.up.krakow.pl,20,19,deep_host
T3,pl,be,export,Bibliotekarz Podlaski Ogólnopolskie Naukowe Pismo Bibliotekoznawcze i Bibliologiczne,bibliotekarzpodlaski.ksiaznicapodlaska.pl,20,1,
T3,pl,be,export,Bibliotekarz Podlaski Ogólnopolskie Naukowe Pismo Bibliotekoznawcze i Bibliologiczne,pbc.biaman.pl,20,1,
T3,pl,pl,export,Biografistyka Pedagogiczna,biografistykapedagogiczna.pl,20,19,
T3,pl,pl,export,Biuletyn Historii Sztuki,czasopisma.ispan.pl,20,19,
T3,pl,pl,export,Boska TV,boskatv.pl,20,19,
T3,pl,pl,export,Budownictwo i Architektura,bud-arch.pollub.pl,20,19,
T3,pl,pl,export,Budownictwo i Architektura,ph.pollub.pl,20,19,
T3,pl,pl,export,Bulletin of the Military University of Technology,biuletynwat.pl,20,19,
T3,pl,pl,export,Canal+ Domo,domoplus.pl,20,19,
T3,pl,pl,export,Canal+ Premium,canalplus.pl,20,19,
T3,pl,ro,export,Cercetari Agronomice in Moldova,uaiasi.ro,20,14,
T3,pl,pl,export,Chess Magazine,szachista.com,20,19,
T3,pl,pl,export,Chillizet,chillizet.pl,20,19,
T3,pl,pl,export,CKM,ckm.pl,20,19,
T3,pl,pl,export,Classica Cracoviensia,journals.akademicka.pl,20,19,
T3,pl,pl,export,Comedy Central Poland,comedycentral.pl,20,19,
T3,pl,pl,export,Comparative Economic Research,ke.uni.lodz.pl,20,19,deep_host
T3,pl,pl,export,Contemporary Trends in Geoscience,geosymp.wnoz.us.edu.pl,20,19,deep_host
T3,pl,pl,export,Cultural Tourism,turystykakulturowa.org,20,19,
T3,pl,pl,export,Current Problems of Psychiatry,cppsych.umlub.pl,20,19,
T3,pl,yi,export,Cwiszn,cwiszn.pl,20,0,
T3,pl,pl,export,Czasopismo Prawno-Historyczne,prawo.amu.edu.pl,20,19,deep_host
T3,pl,pl,export,Decyzje,decyzje.pl,20,19,
T3,pl,pl,export,Dekada Literacka,dekadaliteracka.pl,20,19,
T3,pl,pl,export,Dental Forum,dentalforum.ump.edu.pl,20,19,deep_host
T3,pl,pl,export,Diabetes Care,dc.viamedica.pl,20,19,
T3,pl,pl,export,Diametros: internetowe czasopismo filozoficzne,diametros.iphils.uj.edu.pl,20,19,deep_host
T3,pl,pl,export,Discovery Life,discoverychannel.pl,20,19,
T3,pl,pl,export,Dissertations of Cultural Landscape Commission,krajobraz.kulturowy.us.edu.pl,20,19,deep_host
T3,pl,pl,export,Do Rzeczy,dorzeczy.pl,20,19,
T3,pl,pl,export,DTX,dtxpolska.pl,20,19,
T3,pl,pl,export,Dziennik Polska-Europa-Świat,dziennik.pl,20,19,
T3,pl,pl,export,Dziennik Ustaw,abc.com.pl,20,19,
T3,pl,pl,export,Dziennik Wschodni,dziennikwschodni.pl,20,19,
T3,pl,pl,export,Dziennik Zachodni,dziennikzachodni.pl,20,19,
T3,pl,pl,export,Echa Przeszlosci,wydawnictwo.uwm.edu.pl,20,19,deep_host
T3,pl,pl,export,Echa Przeszlosci,echaprzeszlosci.pl,20,19,
T3,pl,pl,export,Echo Dnia,echodnia.eu,20,19,
T3,pl,pl,export,Economics and Management,yadda.icm.edu.pl,20,19,deep_host
T3,pl,pl,export,EduAction : Electronic Education Magazine,wyrwidab.come.uw.edu.pl,20,19,deep_host
T3,pl,pl,export,Edukacja,edukacja.ibe.edu.pl,20,19,deep_host
T3,pl,pl,export,Ekonomia i Prawo.,ekonomia.i.prawo.umk.pl,20,19,deep_host
T3,pl,pl,export,Ekonomia Społeczna,ekonomiaspoleczna.msap.pl,20,19,
T3,pl,pl,export,Ekonomiczne Problemy Usług,wzieu.pl,20,19,
T3,pl,lv,export,"Electrical, Control and Communication Engineering",ecce-journals.rtu.lv,20,3,
T3,pl,pl,export,Endokrynologia Polska,journals.viamedica.pl,20,19,
T3,pl,pl,export,Endokrynologia Polska,endokrynologia.polska.viamedica.pl,20,19,deep_host
T3,pl,pl,export,Environmental Protection and Natural Resources,ios.edu.pl,20,19,
T3,pl,pl,export,Eska Rock,eskarock.pl,20,19,
T3,pl,pl,export,Eska2,dwa.eska.pl,20,19,
T3,pl,pl,export,Etyka,etyka.uw.edu.pl,20,19,deep_host
T3,pl,pl,export,European Studies,ce.uw.edu.pl,20,19,deep_host
T3,pl,pl,export,European Studies,ce.uw.pl,20,19,
T3,pl,pl,export,Fabrica Litterarum Polona-Italica,fabrica.us.edu.pl,20,19,deep_host
T3,pl,pl,export,Fahrenheit (fanzine),fahrenheit.net.pl,20,19,
T3,pl,pl,export,Fantastyka,fantastyka.pl,20,19,
T3,pl,pl,export,Financial Internet Quarterly,e-finanse.com,20,19,
T3,pl,pl,export,Fokus TV,fokus.tv,20,19,
T3,pl,pl,export,Folia Cardiologica,fce.viamedica.pl,20,19,
T3,pl,pl,export,Folia Horticulturae,ptno.ogr.ar.krakow.pl,20,19,deep_host
T3,pl,sk,export,Folia Oecologica,ife.sk,20,5,
T3,pl,pl,export,"Folia Pomeranae Universitatis Technologiae Stetinensis seria Agricultura, Alimentaria, Piscaria et Zootechnica",wydawnictwo.zut.edu.pl,20,19,deep_host
T3,ro,ro,export,A List Magazine,alistmagazine.ro,15,14,
T3,ro,ro,export,Acasa TV,pro2.ro,15,14,
T3,ro,ro,export,Acasă Gold,progoldtv.ro,15,14,
T3,ro,ro,export,Acta Didactica Napocensia,adn.teaching.ro,15,14,
T3,ro,ro,export,Acta Iassyensia Comparationis,literaturacomparata.ro,15,14,
T3,ro,ro,export,Acta medica transilvanica,amtsibiu.ro,15,14,
T3,ro,ro,export,Acta Technica Corviniensis,acta.fih.upt.ro,15,14,deep_host
T3,ro,ro,export,Acta Universitatis Danubius: Communicatio,journals.univ-danubius.ro,15,14,
T3,ro,ro,export,Advances in Environmental Sciences- Intl Journal of the Bioflux Soc,aes.bioflux.com.ro,15,14,deep_host
T3,ro,ro,export,Aerul şi Apa: Componente ale Mediului,aerapa.conference.ubbcluj.ro,15,14,deep_host
T3,ro,ro,export,AGERPRES,agerpres.ro,15,14,
T3,ro,ro,export,Agro TV,agro-tv.ro,15,14,
T3,ro,ro,export,Amfiteatru Economic,amfiteatrueconomic.ro,15,14,
T3,ro,ro,export,Anadiss,anadiss-old.usv.ro,15,14,
T3,ro,ro,export,Anale: Seria Informatică,anale-informatica.tibiscus.ro,15,14,
T3,ro,ro,export,Analele Stiintifice ale Universitatii Ovidius Constanta: Seria Matematica,anstuocmath.ro,15,14,
T3,ro,ro,export,"Analele Universităţii ""Dunărea de Jos"" Galaţi: Fascicula III, Electrotehnică, Electronică, Automatică, Informatică",ann.ugal.ro,15,14,
T3,ro,ro,export,Analele Universităţii Dunărea de Jos din Galaţi Fascicula XIX Istorie,istorie.ugal.ro,15,14,
T3,ro,ro,export,"Analele Universității Creștine „Dimitrie Cantemir”, Seria Istorie – Serie nouă",istorie.ucdc.ro,15,14,
T3,ro,ro,export,Analele Universității din Oradea: Fascicula Educație Fizică și Sport,fefsoradea.ro,15,14,
T3,ro,ro,export,"Analele Ştiinţifice Ale Universităţii Alexandru Ioan Cuza din Iași,Sectiunea II A : Genetica si Biologie Moleculara",gbm.bio.uaic.ro,15,14,deep_host
T3,ro,ro,export,Analize: Journal of Gender and Feminist Studies,analize-journal.ro,15,14,
T3,ro,ro,export,Analize: Journal of Gender and Feminist Studies,ana.wbd.ro,15,14,
T3,ro,ro,export,Anastasis: Research in Medieval Culture and Art,arteiasi.ro,15,14,
T3,ro,ro,export,Animal Biology & Animal Husbandry,abah.bioflux.com.ro,15,14,deep_host
T3,ro,ro,export,Annals : Food Science and Technology,afst.valahia.ro,15,14,
T3,ro,ro,export,Annals of Dunarea de Jos University. Fascicle I : Economics and Applied Informatics,eia.feaa.ugal.ro,15,14,deep_host
T3,ro,ro,export,Annals of the University of Bucharest: Geography Series,annalsreview.geo.unibuc.ro,15,14,deep_host
T3,ro,ro,export,Annals of the University of Petrosani: Economics,upet.ro,15,14,
T3,ro,ro,export,Antena 1,antena1.ro,15,14,
T3,ro,ro,export,Antena 3 CNN,antena3.ro,15,14,
T3,ro,ro,export,Antena Internaţional,antenai.ro,15,14,
T3,ro,ro,export,Antena Stars,antenastars.ro,15,14,
T3,ro,ro,export,Applied medical informatics,ami.info.umfcluj.ro,15,14,deep_host
T3,ro,ro,export,ARCA,revista-arca.ro,15,14,
T3,ro,ro,export,Argument,argument.uauim.ro,15,14,
T3,ro,ro,export,ARS Medica Tomitana,medcon.ro,15,14,
T3,ro,ro,export,Astra Salvensis,astrasalvensis.eu,15,14,
T3,ro,ro,export,Avantaje,avantaje.ro,15,14,
T3,ro,ro,export,B1 TV,b1.ro,15,14,
T3,ro,ro,export,Banater Zeitung,adz.ro,15,14,
T3,ro,ro,export,Basilica News Agency,basilica.ro,15,14,
T3,ro,ro,export,Bihor Info,bihorinfo.ro,15,14,
T3,ro,ro,export,Bollywood TV,bollywoodtv.ro,15,14,
T3,ro,ro,export,BookAholic,bookaholic.ro,15,14,
T3,ro,ro,export,Brukenthal. Acta Musei,enciclopedia-dacica.ro,15,14,
T3,ro,ro,export,Bucovina Forestieră,bucovina-forestiera.ro,15,14,
T3,ro,ro,export,Buletin ştiinţific: Universitatea din Piteşti. Seria Ştiinţe Economice,economic.upit.ro,15,14,
T3,ro,ro,export,Buletinul Cercurilor Științifice Studențești,diam.uab.ro,15,14,
T3,ro,ro,export,Buletinul Ştiinţific al Academiei Trupelor de Uscat,actrus.ro,15,14,
T3,ro,ro,export,Bulletin of Integrative Psychiatry,buletindepsihiatrie.ro,15,14,
T3,ro,ro,export,"Bulletin of the Polytechnic Institute of Iași: Constructions, Architecture Section",bipcons.ce.tuiasi.ro,15,14,deep_host
T3,ro,ro,export,Bursa,bursa.ro,15,14,
T3,ro,ro,export,Buzăul Sportiv,buzaul-sportiv.ro,15,14,
T3,ro,ro,export,CANAL 33,canal33.ro,15,14,
T3,ro,ro,export,CECCAR BUSINESS REVIEW,ceccarbusinessreview.ro,15,14,
T3,ro,ro,export,Challenges of the Knowledge Society,cks.univnt.ro,15,14,
T3,ro,ro,export,CineStar,cinestaronline.ro,15,14,
T3,ro,ro,export,Cinq Continents,cinqcontinents.geo.unibuc.ro,15,14,deep_host
T3,ro,ro,export,Codrul Cosminului,atlas.usv.ro,15,14,
T3,ro,ro,export,Comunicare Interculturală şi Literatură,gup.ugal.ro,15,14,
T3,ro,ro,export,Construcții: Journal of Civil Engineering Research,constructii.incd.ro,15,14,
T3,ro,ro,export,Creativity and Innovation Journal,unitbv.ro,15,14,
T3,ro,ro,export,Cronica Veche,cronicaveche.wordpress.com,15,14,
T3,ro,ro,export,Cross-Cultural Management Journal,cmj.bxb.ro,15,14,
T3,ro,ro,export,Curierul de Dolj,curieruldedolj.ro,15,14,
T3,ro,ro,export,Cuvântul Libertății,cvlpress.ro,15,14,
T3,ro,ro,export,Dance FM,dancefm.ro,15,14,
T3,ro,ro,export,Danubius,revistadanubius.ro,15,14,
T3,ro,ro,export,DCNews.Ro,dcnews.ro,15,14,
T3,ro,ro,export,DDTV,wwww.ddtv.ro,15,14,
T3,ro,ro,export,Diacronia,diacronia.ro,15,14,
T3,ro,ro,export,Digi FM,digifm.ro,15,14,
T3,ro,ro,export,Digi Sport,digisport.ro,15,14,
T3,ro,ro,export,"Discobolul: Physical Education, Sports and Kinetotherapy Journal",unefs.ro,15,14,
T3,ro,ro,export,Diversitate si Identitate Culturala in Europa,mnlr.ro,15,14,
T3,ro,ro,export,EIRP Proceedings,proceedings.univ-danubius.ro,15,14,
T3,ro,hu,export,Erdély FM,erdelyfm.ro,15,12,
T3,ro,ro,export,EuroEconomica,euroeconomica-danubius.ro,15,14,
T3,ro,ro,export,Euronews Romania,euronews.ro,15,14,
T3,ro,ro,export,Europa FM,europafm.ro,15,14,
T3,ro,ro,export,European Journal of Interdisciplinary Studies,ejist.ro,15,14,
T3,ro,ro,export,Evenimentul Zilei,evz.ro,15,14,
T3,ro,ro,export,Fanatik (Romania),fanatik.ro,15,14,
T3,ro,ro,export,Favorit TV,favorittv.ro,15,14,
T3,ro,ro,export,Fiabilitate și Durabilitate,utgjiu.ro,15,14,
T3,ro,ro,export,Film Now,filmnow.ro,15,14,
T3,ro,ro,export,Finanțe: Provocările viitorului,financejournal.ro,15,14,
T3,ro,ro,export,Gazeta de Prahova,gazetaph.ro,15,14,
T3,ro,ro,export,Gazeta de Sud,gds.ro,15,14,
T3,ro,ro,export,Gazeta Sporturilor,gsp.ro,15,14,
T3,ro,ro,export,GEOREVIEW: Scientific Annals of Stefan cel Mare University of Suceava. Geography Series,georeview.ro,15,14,
T3,ro,ro,export,GSP TV,gsptv.ro,15,14,
T3,ro,ro,export,Happy Channel,tvhappy.ro,15,14,
T3,ro,hu,export,Hargita Népe,hargitanepe.ro,15,12,
T3,ro,ro,export,"Hermeneia: Journal of Hermeneutics, Art Theory and Art Criticism",hermeneia.ro,15,14,
T3,ro,ro,export,Hiperboreea,hiperboreeajournal.com,15,14,
T3,ro,ro,export,Hiperboreea,scholarlypublishingcollective.org,15,14,
T3,ro,ro,export,Historia Universitatis Iassiensis,hui.uaic.ro,15,14,
T3,ro,ro,export,Hit Music Channel,music-channel.ro,15,14,
T3,rs,sr,export,24 sata,24sata.rs,12,10,
T3,rs,sr,export,Accelerando: BJMD,accelerandobjmd.weebly.com,12,10,
T3,rs,sr,export,Acta Medica Medianae,publisher.medfak.ni.ac.rs,12,10,deep_host
T3,rs,sr,export,AM: Art + Media,fmk.singidunum.ac.rs,12,10,deep_host
T3,rs,sr,export,Anali Pravnog Fakulteta u Beogradu,anali.rs,12,10,
T3,rs,sr,export,Architecture and Urbanism: Arhitektura i Urbanizam,iaus.ac.rs,12,10,
T3,rs,sl,export,Arena Sport,tvarenasport.si,12,3,
T3,rs,sr,export,Artefact,artf.ni.ac.rs,12,10,deep_host
T3,rs,sr,export,Baština,iskp.co.rs,12,10,
T3,rs,sr,export,Beta News Agency,beta.rs,12,10,
T3,rs,sr,export,Blic,blic.rs,12,10,
T3,rs,sr,export,Borba,borba.rs,12,10,
T3,rs,sr,export,Economic Horizons,horizonti.ekfak.kg.ac.rs,12,10,deep_host
T3,rs,sr,export,Ekonomika,ekonomika.org.rs,12,10,
T3,rs,sr,export,Ekonomika Poljoprivrede (1979),iep.bg.ac.rs,12,10,deep_host
T3,rs,sr,export,Ekonomski Anali,ekof.bg.ac.rs,12,10,deep_host
T3,rs,sr,export,Etnoantropološki Problemi,eap-iea.org,12,10,
T3,rs,sr,export,Fizička Kultura,fizickakultura.com,12,10,
T3,rs,sr,export,Forbes Serbia,forbes.n1info.rs,12,10,subdomain_of_catalogue_domain
T3,rs,sr,export,Glas javnosti,glas-javnosti.rs,12,10,
T3,rs,sr,export,Glasnik Antropološkog Društva Srbije,antropoloskodrustvosrbije.com,12,10,
T3,rs,sr,export,Glasnik Srpskog Geografskog Društva,sgd.org.rs,12,10,
T3,rs,sr,export,Glasnik Šumarskog Fakulteta: Univerzitet u Beogradu,glasnik.sfb.bg.ac.rs,12,10,deep_host
T3,rs,sr,export,Građevinski Materijali i Konstrukcije,dimk.rs,12,10,
T3,rs,sr,export,Happy TV,happytv.rs,12,10,
T3,rs,sr,export,Helly Cherry,hellycherry.com,12,10,
T3,rs,sr,export,Hemijska Industrija,ache-pub.org.rs,12,10,
T3,rs,bs,export,Hi-Files,hi-files.com,12,3,
T3,rs,sr,export,Informer,informer.rs,12,10,
T3,rs,sr,export,Integritet i Vek Konstrukcija,divk.inovacionicentar.rs,12,10,
T3,rs,sh,export,Istorija 20 Veka,istorija20veka.rs,12,0,
T3,rs,bs,export,Istorijski casopis : organ Istorijskog instituta Srpske akademije nauka i umetnosti,iib.ac.rs,12,3,
T3,rs,sr,export,Istraživanja u Pedagogiji,uskolavrsac.in.rs,12,10,
T3,rs,sr,export,Lekovite Sirovine,lekovitesirovine.rs,12,10,
T3,rs,sr,export,Literary History,knjizevnaistorija.rs,12,10,
T3,rs,hu,export,Magyar Szó,magyarszo.rs,12,12,
T3,rs,sr,export,"Medicinski Glasnik Specijalne Bolnice za Bolesti Štitaste Žlezde i Bolesti Metabolizma ""Zlatibor""",cigota.rs,12,10,
T3,rs,sr,export,Medicinski Podmladak,mfub.bg.ac.rs,12,10,deep_host
T3,rs,sr,export,NIN,nin.rs,12,10,
T3,rs,sr,export,Nova srpska politička misao,nspm.rs,12,10,
T3,rs,sr,export,O2.TV,o2tv.rs,12,10,
T3,rs,sr,export,Open IPTV,mts.rs,12,10,
T3,rs,sr,export,Opšta Medicina,opstamedicina.org,12,10,
T3,rs,sr,export,Panoeconomicus,panoeconomicus.rs,12,10,
T3,rs,sr,export,Pedagogical reality,pedagoskastvarnost.ff.uns.ac.rs,12,10,deep_host
T3,rs,sr,export,Pesticidi i fitomedicina = Pesticides and phytomedicine,pesting.org.rs,12,10,
T3,rs,sr,export,Politeia,politeia.fpn.unibl.org,12,10,deep_host
T3,rs,sr,export,Press,pressonline.rs,12,10,
T3,rs,sr,export,Prva Plus,prvaplus.prva.rs,12,10,
T3,rs,sr,export,Prva Srpska Televizija,prva.rs,12,10,
T3,rs,sr,export,Psihijatrija danas,imh.org.rs,12,10,
T3,rs,sr,export,Psihologija,dps.org.rs,12,10,
T3,rs,sr,export,Q16085545,ilustrovana.com,12,10,
T3,rs,sr,export,Q61134863,superstartv.rs,12,10,
T3,rs,hu,export,Q72103783,szabadmagyarszo.com,12,12,
T3,rs,sr,export,Radio 021,021.rs,12,10,
T3,rs,sr,export,Radio Subotica,radiosubotica.co.rs,12,10,
T3,rs,sr,export,Radio Television of Vojvodina,rtv.rs,12,10,
T3,rs,sr,export,Ratarstvo i Povrtarstvo,nsseme.com,12,10,
T3,rs,sr,export,Red (Serbia),redportal.rs,12,10,
T3,rs,sr,export,RTS 2,rts.rs,12,10,
T3,rs,sr,export,RTV Belle Amie,belami.rs,12,10,
T3,rs,sr,export,Sanamed,sanamed.rs,12,10,
T3,rs,sr,export,Sandžačka TV Mreža,sandzackatv.rs,12,10,
T3,rs,sr,export,Sci Fi Universal,scifi.rs,12,10,
T3,rs,sr,export,Slobodna Television,slobodna.rs,12,10,
T3,rs,sr,export,Slovenika,slovenci.rs,12,10,
T3,rs,sr,export,Sociološki Pregled,socioloskipregled.org.rs,12,10,
T3,rs,sr,export,Sportal.rs,sportal.blic.rs,12,10,
T3,rs,sr,export,Tanjug,tanjug.rs,12,10,
T3,rs,sr,export,Teme: casopis za drustvene nauke,teme.junis.ni.ac.rs,12,10,deep_host
T3,rs,sr,export,TIMS: Acta,tims.edu.rs,12,10,
T3,rs,sk,export,Transport & Logistics,ulpad.fberg.tuke.sk,12,5,deep_host
T3,rs,sr,export,Turizam,dgt.uns.ac.rs,12,10,deep_host
T3,rs,sr,export,TV Avala,tvavala.rs,12,10,
T3,rs,sr,export,TV5 Užice,tv5.rs,12,10,
T3,rs,sr,export,Veterinarski Glasnik,vet.bg.ac.rs,12,10,deep_host
T3,rs,sr,export,Vojno-istoriski glasnik,isi.mod.gov.rs,12,10,deep_host
T3,rs,sr,export,Zaitoun Caravan Radio,zaitouncaravanradio.org.rs,12,10,
T3,rs,sr,export,Zaštita Materijala,idk.org.rs,12,10,
T3,rs,sr,export,Zbornik Matice Srpske za Prirodne Nauke,maticasrpska.org.rs,12,10,
T3,rs,sr,export,Zbornik Radova Filozofskog Fakulteta u Prištini,ffpr.edu.rs,12,10,
T3,rs,sr,export,Zbornik Radova Građevinskog Fakulteta,gf.uns.ac.rs,12,10,deep_host
T3,rs,sr,export,Zbornik Radova Vizantološkog Instituta,byzinst-sasa.rs,12,10,
T3,rs,sr,export,Zbornik Radova Vizantološkog Instituta,doiserbia.nb.rs,12,10,
T3,rs,sr,export,"Zbornik Radova: Geografski institut ""Jovan Cvijić""",ojs.gi.sanu.ac.rs,12,10,deep_host
T3,rs,sr,export,Zbornik Radova: Pravni Fakultet u Novom Sadu,pf.uns.ac.rs,12,10,deep_host
T3,rs,sr,export,Zbornik Radova: Pravni Fakultet u Novom Sadu,zbornik.pf.uns.ac.rs,12,10,deep_host
T3,rs,sr,export,Zbornik: Institut za Pedagoška Istraživanja,ipisr.org.rs,12,10,
T3,ru,ba,export,Bashkortostan kyzy,башкортостанкызы.рф,36,0,idn_domain
T3,ru,tt,export,Bezneñ gäcit,beznen.ru,36,0,
T3,ru,yi,export,Birobidzhaner Shtern,gazetaeao.ru,36,0,
T3,ru,ce,export,Daimohk,daymohk-gazet.ru,36,0,
T3,ru,et,export,DFM,dfm.ee,36,3,
T3,ru,tt,export,Intertat,intertat.tatar,36,0,
T3,ru,cv,export,Khypar,hypar.ru,36,0,
T3,ru,fi,export,Kipinä,omamedia.ru,36,4,
T3,ru,ba,export,Kiske Ufa,kiskeufa.ru,36,0,
T3,ru,cv,export,On the life’s way,smi21.ru,36,0,
T3,ru,tt,export,Q126726721,yuldash-sputnik.ru,36,0,
T3,ru,tt,export,Q20587452,magarif-uku.ru,36,0,
T3,ru,tt,export,Q20587457,madanizhomga.ru,36,0,
T3,ru,kk,export,Retro FM,retrofm.kz,36,1,
T3,ru,tt,export,Tartip Radio,tartip.tatar,36,0,
T3,ru,tt,export,Vatanym Tatarstan,vatantat.ru,36,0,
T3,ru,ba,export,Yaik,yaikrb.com,36,0,
T3,ru,tt,export,Ömet,emet73.ru,36,0,
T3,se,sv,export,Accent,accentmagasin.se,13,12,
T3,se,sv,export,Akademikern,akademikern.se,13,12,
T3,se,sv,export,Alingsås Tidning,alingsastidning.se,13,12,
T3,se,sv,export,Allas,allas.se,13,12,
T3,se,sv,export,Altinget,altinget.se,13,12,
T3,se,sv,export,Amelia,amelia.se,13,12,
T3,se,sv,export,Arbetarbladet,arbetarbladet.se,13,12,
T3,se,sv,export,Arbetaren,arbetaren.se,13,12,
T3,se,sv,export,Arbetarhistoria,arbetarhistoria.se,13,12,
T3,se,sv,export,Automobil,automobil.org,13,12,
T3,se,sv,export,Automobil,automobil.se,13,12,
T3,se,sv,export,Axess TV,axess.se,13,12,
T3,se,sv,export,Bandit Rock,ilikeradio.se,13,12,
T3,se,sv,export,Bang,bang.se,13,12,
T3,se,sv,export,Barometern,barometern.se,13,12,
T3,se,sv,export,Bike,bike.se,13,12,
T3,se,sv,export,Bilsport,e-tidning.motortidningar.se,13,12,
T3,se,sv,export,Bilsport,bilsport.se,13,12,
T3,se,sv,export,Blekinge Läns Tidning,blt.se,13,12,
T3,se,sv,export,Bohusläningen,bohuslaningen.se,13,12,
T3,se,sv,export,Bon,bon.se,13,12,
T3,se,sv,export,Borås Tidning,bt.se,13,12,
T3,se,sv,export,Brand,tidningenbrand.se,13,12,
T3,se,sv,export,Camino,caminomagasin.se,13,12,
T3,se,sv,export,Chef,chef.se,13,12,
T3,se,sv,export,Chefstidningen,chefstidningen.se,13,12,
T3,se,sv,export,Cinema,cinema.se,13,12,
T3,se,sv,export,Comedy Central Sweden,comedycentral.se,13,12,
T3,se,sv,export,"Confero: Essays on Education, Philosophy and Politics",confero.ep.liu.se,13,12,deep_host
T3,se,sv,export,Dagens Media,dagensmedia.se,13,12,
T3,se,sv,export,Dagens Medicin,dagensmedicin.se,13,12,
T3,se,sv,export,Dala-Demokraten,dalademokraten.se,13,12,
T3,se,sv,export,DinLokaltidning,dinlt.se,13,12,
T3,se,sv,export,Enköpings-Posten,eposten.se,13,12,
T3,se,sv,export,Eranos,journals.uu.se,13,12,
T3,se,sv,export,Eskilstuna-Kuriren,ekuriren.se,13,12,
T3,se,sv,export,Expo,expo.se,13,12,
T3,se,sv,export,Falköpings Tidning,falkopingstidning.se,13,12,
T3,se,sv,export,Fataburen,nordiskamuseet.se,13,12,
T3,se,sv,export,Femina,femina.se,13,12,
T3,se,sv,export,Filosofisk Tidskrift,bokforlagetthales.se,13,12,
T3,se,sv,export,Filosofisk Tidskrift,filosofisktidskrift.se,13,12,
T3,se,sv,export,Filter,magasinetfilter.se,13,12,
T3,se,sv,export,Flamman,flamman.se,13,12,
T3,se,sv,export,Folkbladet,folkbladet.se,13,12,
T3,se,sv,export,Folket i Bild/Kulturfront,fib.se,13,12,
T3,se,sv,export,Folkvett : organ för Vetenskap och folkbildning,vof.se,13,12,
T3,se,sv,export,Fornvännen,samla.raa.se,13,12,
T3,se,sv,export,Fornvännen,vitterhetsakademien.se,13,12,
T3,se,sv,export,Forskning & Framsteg,fof.se,13,12,
T3,se,sv,export,Fotboll direkt,fotbolldirekt.se,13,12,
T3,se,sv,export,Frilagt Hässleholm,frilagt.se,13,12,
T3,se,sv,export,Fronesis,fronesis.nu,13,12,
T3,se,sv,export,Får jag lov,fjl.se,13,12,
T3,se,sv,export,Galago,galago.se,13,12,
T3,se,sv,export,Gamereactor Sweden,gamereactor.se,13,12,
T3,se,sv,export,Gefle Dagblad,gd.se,13,12,
T3,se,sv,export,"Gemensamma författningssamlingen avseende hälso- och sjukvård, socialtjänst, läkemedel, folkhälsa m.m. : HSLF-FS",socialstyrelsen.se,13,12,
T3,se,sv,export,Grönköpings Veckoblad,gronkoping.nu,13,12,
T3,se,sv,export,Haparandabladet,hbwebben.se,13,12,
T3,se,sv,export,Hela Hälsingland,helahalsingland.se,13,12,
T3,se,sv,export,Helsingborgs närradio,hnfradio.se,13,12,
T3,se,sv,export,Hemmets Veckotidning,hemmets.se,13,12,
T3,se,sv,export,Hjo tidning,hjotidning.se,13,12,
T3,se,sv,export,Hockeysverige,hockeysverige.se,13,12,
T3,se,sv,export,Hudiksvalls Tidning,ht.se,13,12,
T3,se,sv,export,Hänt,hant.se,13,12,
T3,se,sv,export,Icakuriren,icakuriren.se,13,12,
T3,se,sv,export,Icakuriren,hemtrevligt.se,13,12,
T3,se,sv,export,Innebandymagazinet,innebandymagazinet.se,13,12,
T3,se,sv,export,Internationalen,internationalen.se,13,12,
T3,se,sv,export,Jury : tidskrift för deckarvänner,jury.se,13,12,
T3,se,sv,export,Kamratposten,kpwebben.se,13,12,
T3,se,no,export,Karib,karib.no,13,0,
T3,se,sv,export,Katrineholms-Kuriren,kkuriren.se,13,12,
T3,se,sv,export,Komma,tidskriftenkomma.se,13,12,
T3,se,sv,export,Kungälvs-Posten,kungalvsposten.se,13,12,
T3,se,sv,export,Kunskapskanalen,kunskapskanalen.se,13,12,
T3,se,sv,export,Kvällsstunden,kvallsstunden.se,13,12,
T3,se,sv,export,Kyrka och folk : månadsblad för evangelisk-luthersk tro och svenskt kyrkoliv,kyrkaochfolk.se,13,12,
T3,se,sv,export,Kyrkans tidning : Kt,kyrkanstidning.se,13,12,
T3,se,sv,export,Land,land.se,13,12,
T3,se,sv,export,Liberal Debatt,liberaldebatt.se,13,12,
T3,se,sv,export,Lychnos,tidskriftenlychnos.se,13,12,
T3,se,sv,export,Lychnos,idehist.uu.se,13,12,
T3,se,sv,export,Lyckoslanten,lyckoslanten.se,13,12,
T3,se,sv,export,Lyckoslanten,swedbank.se,13,12,
T3,se,sv,export,Länstidningen Östersund,ltz.se,13,12,
T3,se,sv,export,Mama,mama.nu,13,12,
T3,se,sv,export,"Medievärlden : publicistik, ekonomi, utveckling",medievarlden.se,13,12,
T3,se,sv,export,Metro Student Magazine,metrostudent.se,13,12,
T3,se,sv,export,Miljöaktuellt,miljoaktuellt.idg.se,13,12,
T3,se,sv,export,Mitrania,mitrania.se,13,12,
T3,se,sv,export,Mitt i,mitti.se,13,12,
T3,se,sv,export,Moderna Livet,modernalivet.se,13,12,
T3,se,sv,export,Morgonbris,ub.gu.se,13,12,
T3,se,sv,export,MovieZine,moviezine.se,13,12,
T3,se,sv,export,MTV Sweden,mtv.se,13,12,
T3,se,sv,export,Mälarönytt,malaronytt.com,13,12,
T3,se,sv,export,Namn och Bygd,gustavadolfsakademien.se,13,12,
T3,sg,ms,export,Berita Harian,beritaharian.sg,9,4,
T3,sg,ta,export,Tamil Murasu,tamilmurasu.com.sg,9,5,
T3,sk,sk,export,:24,rtvs.sk,6,5,
T3,sk,sk,export,Acta Electrotechnica et Informatica,aei.tuke.sk,6,5,
T3,sk,sk,export,ASB,asb.sk,6,5,
T3,sk,sk,export,Dvojka,stv.sk,6,5,
T3,sk,sk,export,Europa 2,europa2.sk,6,5,
T3,sk,sk,export,Folia Geographica,foliageographica.sk,6,5,
T3,sk,sk,export,Forum Historiae,forumhistoriae.sk,6,5,
T3,sk,sk,export,Fun Rádio,funradio.sk,6,5,
T3,sk,sk,export,JOJ Krimi,wau.joj.sk,6,5,
T3,sk,sk,export,JOJ Šport,jojsport.joj.sk,6,5,
T3,sk,sk,export,Konstantinove Listy,constantinesletters.ukf.sk,6,5,
T3,sk,sk,export,Korzár,korzar.sme.sk,6,5,
T3,sk,sl,export,Kulturne Dejiny,kulturnedejiny.ku.sk,6,3,
T3,sk,sk,export,Markíza International,international.markiza.sk,6,5,
T3,sk,sk,export,Materiálové Inžinierstvo,fstroj.uniza.sk,6,5,
T3,sk,sk,export,Muzeológia a Kultúrne Dedičstvo,muzeologia.sk,6,5,
T3,sk,sk,export,News Agency of the Slovak Republic,tasr.sk,6,5,
T3,sk,sk,export,News Agency of the Slovak Republic,teraz.sk,6,5,
T3,sk,sk,export,Nota Bene,notabene.sk,6,5,
T3,sk,sk,export,Národná obroda,narodnaobroda.sk,6,5,
T3,sk,sk,export,Orange Šport,sport.orange.sk,6,5,
T3,sk,sk,export,Ostium,ostium.sk,6,5,
T3,sk,sk,export,Q12046881,prave-spektrum.sk,6,5,
T3,sk,sk,export,Q125776923,radiomaria.sk,6,5,
T3,sk,sk,export,Q12775633,radiopiestany.sk,6,5,
T3,sk,sk,export,Q46228224,tvmistral.sk,6,5,
T3,sk,sk,export,Q657178,markiza.sk,6,5,
T3,sk,sk,export,Q9325513,lumen.sk,6,5,
T3,sk,sk,export,Quark,quark.sk,6,5,
T3,sk,sk,export,Radio and Television of Slovakia,stvr.sk,6,5,
T3,sk,sk,export,Radio KIKS,radiokiks.sk,6,5,
T3,sk,sk,export,Radio Slovakia International,dersi.rtvs.sk,6,5,
T3,sk,sk,export,Radio Slovakia International,enrsi.rtvs.sk,6,5,
T3,sk,sk,export,Radio Slovakia International,esrsi.rtvs.sk,6,5,
T3,sk,sk,export,Radio Slovakia International,frrsi.rtvs.sk,6,5,
T3,sk,sk,export,Radio Slovakia International,rsi.rtvs.sk,6,5,
T3,sk,sk,export,Radio Slovakia International,skrsi.rtvs.sk,6,5,
T3,sk,sk,export,Rock For You SK,rockforyou.net,6,5,
T3,sk,sk,export,Rádio Devín,devin.rtvs.sk,6,5,
T3,sk,sk,export,Rádio Devín,devin.stvr.sk,6,5,
T3,sk,sk,export,Rádio Expres,expres.sk,6,5,
T3,sk,sk,export,Rádio FM – Slovak Radio 4,fm.rtvs.sk,6,5,
T3,sk,sk,export,Rádio Junior,junior.rtvs.sk,6,5,
T3,sk,sk,export,Rádio Kiss,kosicednes.sk,6,5,
T3,sk,sk,export,Rádio Košice,radiokosice.sk,6,5,
T3,sk,sk,export,Rádio Litera,litera.rtvs.sk,6,5,
T3,sk,sk,export,Rádio Melody,radiomelody.sk,6,5,
T3,sk,sk,export,Rádio Patria,patria.rtvs.sk,6,5,
T3,sk,sk,export,Rádio Pyramída,pyramida.rtvs.sk,6,5,
T3,sk,sk,export,Rádio Regina,regina.stvr.sk,6,5,
T3,sk,sk,export,Rádio Slovensko,slovensko.rtvs.sk,6,5,
T3,sk,sk,export,Rádio Vlna,radiovlna.sk,6,5,
T3,sk,sk,export,Slavica Slovaca,slavu.sav.sk,6,5,
T3,sk,sk,export,Slavica Slovaca,slavistika.sk,6,5,
T3,sk,sk,export,Slovak Ethnology,sav.sk,6,5,
T3,sk,sk,export,Slovak Journal of Political Sciences,sjps.fsvucm.sk,6,5,
T3,sk,sk,export,Slovak News Agency,sita.sk,6,5,
T3,sk,sk,export,Slovenský rozhlas,rozhlas.sk,6,5,
T3,sk,sk,export,SME,sme.sk,6,5,
T3,sk,sk,export,Studia Historica Nitriensia,shnnitra.ff.ukf.sk,6,5,deep_host
T3,sk,sk,export,TV JOJ,joj.sk,6,5,
T3,sk,sk,export,TV Jojko,jojko.joj.sk,6,5,
T3,sk,sk,export,TV8,tv8.sk,6,5,
T3,sk,sk,export,Univerzál,upjs.sk,6,5,
T3,sk,sk,export,Živé.sk,zive.aktuality.sk,6,5,subdomain_of_catalogue_domain
T3,th,th,export,Chiang Mai Sattawa Phatthayasan,vet.cmu.ac.th,13,7,deep_host
T3,th,th,export,Daily News,dailynews.co.th,13,7,
T3,th,th,export,iTV,itv.co.th,13,7,
T3,th,th,export,Kazz Magazine,kazz-magazine.com,13,7,
T3,th,th,export,KC.Trio,vibulkij.com,13,7,
T3,th,th,export,Kom Chad Luek,komchadluek.net,13,7,
T3,th,th,export,Manager Daily,mgronline.com,13,7,
T3,th,th,export,National Broadcasting Services of Thailand,nbt2hd.prd.go.th,13,7,deep_host
T3,th,th,export,Radio Thailand,nbt.prd.go.th,13,7,deep_host
T3,th,th,export,Radio Thailand regional stations,prd.go.th,13,7,
T3,th,th,export,Siam Rath,siamrath.co.th,13,7,
T3,th,th,export,Siamsport,siamsport.co.th,13,7,
T3,th,th,export,Thai Global Network,tv5.co.th,13,7,
T3,th,th,export,Thai Post,thaipost.net,13,7,
T3,th,th,export,Thai Public Broadcasting Service,thaipbs.or.th,13,7,
T3,th,th,export,Thansettakij,thansettakij.com,13,7,
T3,th,th,export,The Standard,thestandard.co,13,7,
T3,th,th,export,TOP NEWS,topnews.co.th,13,7,
T3,th,th,export,True Spark,truevisions.co.th,13,7,
T3,th,th,export,VERY TV,very.co.th,13,7,
T3,tr,hy,export,Jamanak,jamanak.com,31,1,
T3,tr,hy,export,Marmara,normarmara.com,31,1,
T3,tz,sw,export,Uwazi,globalpublishers.co.tz,8,5,
T3,ua,uk,export,1 Podilskiy,1podilskiy.com.ua,24,14,
T3,ua,uk,export,1+1,1plus1.ua,24,14,
T3,ua,uk,export,5 Kanal,5.ua,24,14,
T3,ua,uk,export,"Academic Journal Series: Industrial Machine Building, Civil Engineering",znp.pntu.edu.ua,24,14,deep_host
T3,ua,uk,export,Academy of Young Model Makers,samorobkin.com.ua,24,14,
T3,ua,uk,export,Actual Problems Of International Relations,apir.iir.edu.ua,24,14,deep_host
T3,ua,uk,export,Adaptivni Sistemi Avtomatičnogo Upravlinnâ,asac.kpi.ua,24,14,
T3,ua,uk,export,Aerospace Technic and Technology,nti.khai.edu,24,14,
T3,ua,uk,export,AIN,ain.ua,24,14,
T3,ua,uk,export,Akademičnij Oglâd,acadrev.duan.edu.ua,24,14,deep_host
T3,ua,uk,export,Aktualʹnaâ Infektologiâ,ai.zaslavsky.com.ua,24,14,deep_host
T3,ua,uk,export,Aktualʹnì Pitannâ Farmacevtičnoï ì Medičnoï Nauki ta Praktiki,pharmed.zsmu.edu.ua,24,14,deep_host
T3,ua,uk,export,Aktualʹnì Pitannâ Suspìlʹnih Nauk ta Istorìï Medicini,e-apsnim.bsmu.edu.ua,24,14,deep_host
T3,ua,uk,export,Algologia,botany.kiev.ua,24,14,
T3,ua,uk,export,American History & Politics Scientific edition,americanstudies.history.knu.ua,24,14,deep_host
T3,ua,uk,export,Anali Mečnikìvsʹkogo Institutu,imiamn.org.ua,24,14,
T3,ua,uk,export,Anali Mečnikìvsʹkogo Institutu,irbis-nbuv.gov.ua,24,14,
T3,ua,uk,export,Antropologìčnì Vimìri Fìlosofsʹkih Doslìdžen',ampr.diit.edu.ua,24,14,deep_host
T3,ua,uk,export,Antropologìčnì Vimìri Fìlosofsʹkih Doslìdžen',ejournal.diit.edu.ua,24,14,deep_host
T3,ua,uk,export,Apostroph TV,apostrophe.ua,24,14,
T3,ua,uk,export,Archives of Ukraine,au.archives.gov.ua,24,14,deep_host
T3,ua,uk,export,Army FM,armyfm.com.ua,24,14,
T3,ua,uk,export,ArmyInform,armyinform.com.ua,24,14,
T3,ua,uk,export,Aspekti Publìčnogo Upravlìnnâ,aspects.org.ua,24,14,
T3,ua,uk,export,Astronomical School’s Report,astro.nau.edu.ua,24,14,deep_host
T3,ua,uk,export,ATR,atr.ua,24,14,
T3,ua,uk,export,Avtomatizaciâ Tehnologičeskih i Biznes-Processov,journals.onaft.edu.ua,24,14,deep_host
T3,ua,uk,export,Avtomobilʹnyj Transport (Harʹkov),at.khadi.kharkov.ua,24,14,deep_host
T3,ua,uk,export,Avtoradio,avtoradio.ua,24,14,
T3,ua,uk,export,Berezil,berezil.kh.ua,24,14,
T3,ua,uk,export,Biotechnologia acta,biotechnology.kiev.ua,24,14,
T3,ua,uk,export,"Bolʹ, Sustavy, Pozvonočnik",pjs.zaslavsky.com.ua,24,14,deep_host
T3,ua,uk,export,Bozhyi Siyach,bs.tze.org.ua,24,14,deep_host
T3,ua,uk,export,Bulletin of Kyiv National University of Culture and Arts: Series in Arts,arts-series-knukim.pp.ua,24,14,
T3,ua,uk,export,Bulletin of Kyiv National University of Culture and Arts: Series in Arts,journal-knukim.com.ua,24,14,
T3,ua,uk,export,Bulletin of Problems Biology and Medicine,vpbm.com.ua,24,14,
T3,ua,uk,export,Bulletin of the National Academy of Sciences of Ukraine,visnyk-nanu.org.ua,24,14,
T3,ua,uk,export,"Bulletin of Yaroslav Mudryi NLU: Series:Philosophy, philosophy of law, political science, sociology",fil.nlu.edu.ua,24,14,deep_host
T3,ua,uk,export,Business,business.ua,24,14,
T3,ua,uk,export,BZH,bzh.life,24,14,
T3,ua,uk,export,Bìofìzičnij Vìsnik,periodicals.karazin.ua,24,14,
T3,ua,uk,export,Bìofìzičnij Vìsnik,www-biomedphys.univer.kharkov.ua,24,14,deep_host
T3,ua,uk,export,Center News,centernews.com.ua,24,14,
T3,ua,uk,export,Channel 34,34.ua,24,14,
T3,ua,uk,export,Crimean chamber,krymsvitlytsia.com.ua,24,14,
T3,ua,uk,export,Culture of Ukraine,ku-khsac.in.ua,24,14,
T3,ua,uk,export,Democratic Ukraine,dua.com.ua,24,14,
T3,ua,uk,export,East European Journal of Physics,eejp.univer.kharkov.ua,24,14,deep_host
T3,ua,uk,export,East European Journal of Psycholinguistics,eepl.at.ua,24,14,
T3,ua,uk,export,East European Journal of Psycholinguistics,eejpl.vnu.edu.ua,24,14,deep_host
T3,ua,uk,export,Ekonomìka Harčovoï Promislovostì,onaft-fie.com,24,14,
T3,ua,uk,export,Ekonomìka Harčovoï Promislovostì,fie.onaft.edu.ua,24,14,deep_host
T3,ua,uk,export,"Ekonomìčnij Vìsnik Nacìonalʹnogo Tehnìčnogo Unìversitetu Ukraïni ""Kiïvsʹkij Polìtehnìčnij Institut""",ev.fmm.kpi.ua,24,14,deep_host
T3,ua,uk,export,Ekspres,expres.ua,24,14,
T3,ua,uk,export,Electrical Engineering & Electromechanics,eie.khpi.edu.ua,24,14,deep_host
T3,ua,uk,export,Elektrotehnìka ta Elektroenergetika,ee.zntu.edu.ua,24,14,deep_host
T3,ua,uk,export,Enter Music,enter.ua,24,14,
T3,ua,uk,export,Espreso TV,global.espreso.tv,24,14,subdomain_of_catalogue_domain
T3,ua,uk,export,Farmatsevtychnyi zhurnal,pharmj.org.ua,24,14,
T3,ua,uk,export,Finance.ua,finance.ua,24,14,
T3,ua,uk,export,FREEДOM,uatv.ua,24,14,
T3,ua,uk,export,Frontliner,frontliner.com.ua,24,14,
T3,ua,uk,export,Gastroenterologìa,gastro.zaslavsky.com.ua,24,14,deep_host
T3,ua,pl,export,Gazeta Lwowska,lwow.home.pl,24,19,
T3,ua,uk,export,Geo-Technical Mechanics,geotm.dp.ua,24,14,
T3,ua,uk,export,Granì,grani.org.ua,24,14,
T3,ua,uk,export,Harper's Bazaar Ukraine,harpersbazaar.com.ua,24,14,
T3,ua,uk,export,Harčova Nauka ì Tehnologìâ,fst.onaft.edu.ua,24,14,deep_host
T3,ua,uk,export,History journal of Yuriy Fedkovych Chernivtsi National University,hj.chnu.edu.ua,24,14,deep_host
T3,ua,uk,export,Holodilʹnaâ Tehnika i Tehnologiâ,reftech.irce.od.ua,24,14,deep_host
T3,ua,uk,export,Holodilʹnaâ Tehnika i Tehnologiâ,reftech.onaft.edu.ua,24,14,deep_host
T3,ua,uk,export,ICTV2,ictv.ua,24,14,
T3,ua,uk,export,Indigo TV,indigotv.com.ua,24,14,
T3,ua,uk,export,Information Processing Systems,hups.mil.gov.ua,24,14,deep_host
T3,ua,uk,export,Institute of Mass Information,imi.org.ua,24,14,
T3,ua,uk,export,Interfax-Ukraine,en.interfax.com.ua,24,14,deep_host
T3,ua,uk,export,International Economic Policy,iepjournal.com,24,14,
T3,ua,uk,export,International Economic Policy,kneu.kiev.ua,24,14,
T3,ua,uk,export,International Relations: Theory and Practical Aspects,international-relations.knukim.edu.ua,24,14,deep_host
T3,ua,uk,export,Investytsiyi praktyka ta dosvid,nayka.com.ua,24,14,
T3,ua,uk,export,Istorychna Pravda,istpravda.com.ua,24,14,
T3,ua,uk,export,K2,k2.ua,24,14,
T3,ua,uk,export,Kardìohìrurgìâ ta Intervencìjna Kardìologìâ,csic.com.ua,24,14,
T3,ua,uk,export,Kibernetika i vyčislitelʹnaâ tehnika,kvt-journal.org.ua,24,14,
T3,ua,uk,export,Kiss FM Ukraine,kissfm.ua,24,14,
T3,ua,uk,export,Komanda,komanda.com.ua,24,14,
T3,ua,uk,export,Komunalʹne Gospodarstvo Mìst,khg.kname.edu.ua,24,14,deep_host
T3,ua,uk,export,Kozelshchynski visti,kozvisti.com.ua,24,14,
T3,ua,uk,export,Krajeznavstvo,nsku.org.ua,24,14,
T3,ua,uk,export,Kyiv Historical Studies,istorstudio.kubg.edu.ua,24,14,deep_host
T3,ua,uk,export,Lesya Ukrainka Eastern European National University Scientific Bulletin: Series: Biological Sciences,journalbio.eenu.edu.ua,24,14,deep_host
T3,ua,uk,export,LIGABusinessinform,lbi.ua,24,14,
T3,ua,uk,export,Like news,like-news.info,24,14,
T3,ua,uk,export,Lounge FM,loungefm.com.ua,24,14,
T3,ua,uk,export,M1,m1.tv,24,14,
T3,ua,uk,export,Makarivs'ki visti,makvisti.com,24,14,
T3,ua,uk,export,Malyatko TV,malyatko-tv.com.ua,24,14,
T3,ua,uk,export,Marie Claire Ukraine,marieclaire.ua,24,14,
T3,ua,uk,export,Medičnì Perspektivi,medpers.dsma.dp.ua,24,14,deep_host
T3,ua,uk,export,Mega,megatv.ua,24,14,
T3,ug,lg,export,Bukedde,bukedde.co.ug,6,0,
T3,vn,vi,export,An Viên Television,bchannel.vn,14,8,
T3,vn,vi,export,Communist Review,en.tapchicongsan.org.vn,14,8,deep_host
T3,vn,vi,export,Communist Review,tapchicongsan.org.vn,14,8,
T3,vn,vi,export,Dalat University Journal of Science,tckh.dlu.edu.vn,14,8,deep_host
T3,vn,vi,export,Dienbien Radio and Television,dienbientv.vn,14,8,
T3,vn,vi,export,FBNC,fbnc.vn,14,8,
T3,vn,vi,export,Gia Lai Newspaper and Radio – Television,gialaitv.vn,14,8,
T3,vn,vi,export,Hanoi Radio – Television Station,hanoionline.vn,14,8,
T3,vn,vi,export,Ho Chi Minh City Television,htv.com.vn,14,8,
T3,vn,vi,export,"Hue Newspaper, Radio and Television",huetv.com.vn,14,8,
T3,vn,vi,export,Khanh Hoa Radio – Television Station,ktv.org.vn,14,8,
T3,vn,vi,export,Lao Động,laodong.vn,14,8,
T3,vn,vi,export,Mathematics and Youth Magazine,viennghiencuusachgd.com,14,8,
T3,vn,vi,export,Pi Journal,pi.edu.vn,14,8,
T3,vn,vi,export,Q116753568,baosonla.org.vn,14,8,
T3,vn,vi,export,Q118745270,cuoi.tuoitre.vn,14,8,subdomain_of_catalogue_domain
T3,vn,vi,export,Q136546089,laocaitv.vn,14,8,
T3,vn,vi,export,Saigontourist Cable Television Company,sctv.com.vn,14,8,
T3,vn,vi,export,The Lao Dong,nld.com.vn,14,8,
T3,vn,vi,export,Tien Phong,tienphong.vn,14,8,
T3,vn,vi,export,Vietnam Multimedia Corporation,vtc.org.vn,14,8,
T3,vn,vi,export,Vietnam News Agency,vietnammedia.vnanet.vn,14,8,
T3,vn,vi,export,Vietnam Television,english.vtv.vn,14,8,
T3,vn,vi,export,Vietnam Television,vtv.gov.vn,14,8,
T3,vn,vi,export,VietnamPlus,vietnamplus.vn,14,8,
T3,vn,vi,export,Việt Báo,vietbao.vn,14,8,
T3,vn,vi,export,Voice of Vietnam,english.vov.vn,14,8,
T3,vn,vi,export,Voice of Vietnam,m.vovworld.vn,14,8,
T3,vn,vi,export,Voice of Vietnam,vov.gov.vn,14,8,
T3,vn,vi,export,Voice of Vietnam,vov.vn,14,8,
T3,vn,vi,export,Voice of Vietnam,vovworld.vn,14,8,
T3,vn,vi,export,VTC News,vtcnews.vn,14,8,
T3,vn,vi,export,VTV4,vtv.vn,14,8,
T3,vn,vi,export,VTV6,vtv6.vtv.vn,14,8,
T3,vn,vi,export,VTV9,vtv9.vtv.vn,14,8,
T3,vn,vi,export,Yen Bai Radio and Television,yenbaitv.org.vn,14,8,
T3,za,af,export,De Kat,dekat.co.za,19,0,
T3,za,af,export,Die Burger,dieburger.com,19,0,
T3,za,af,export,Maroela Media,maroelamedia.co.za,19,0,
T3,za,af,export,Radio Orania,radioorania.co.za,19,0,
T3,za,af,export,Radio Pretoria,radiopretoria.co.za,19,0,
T3,za,af,export,Sarie,sarie.com,19,0,
T3,za,af,export,South African Journal of Science and Technology,satnt.ac.za,19,0,
