domain,reason,worklist,name,country,language,note
centrum.fm,crawl_delay_too_long,remainder,Q11833429,pl,,
inyarwanda.com,crawl_delay_too_long,shortlist,Inyarwanda,rw,rw,
t-j.ru,error,remainder,T—J,ru,ru,
asagumo-news.com,error,shortlist,Asagumo Shinbunsha. Henshūkyoku,jp,ja,
0-search.ebscohost.com.emu.londonmet.ac.uk,homepage_unreachable,remainder,Alternatives Journal,ca,en,
0277.pubpub.org,homepage_unreachable,remainder,027.7,ch,en,
1000am.com.mx,homepage_unreachable,remainder,XEOY-AM,mx,,
1015thebear.com,homepage_unreachable,remainder,CKNL-FM,ca,,
1015thehawk.ca,homepage_unreachable,remainder,CIOI-FM,ca,,
101fmtestingreva.freesite.host,homepage_unreachable,remainder,101FM,au,en,
1023thewave.com,homepage_unreachable,remainder,CKWV-FM,ca,,
1029hottomato.com.au,homepage_unreachable,remainder,Hot Tomato,au,en,
1035klite.fm,homepage_unreachable,remainder,DWOW,ph,en,
1039spiritfm.com,homepage_unreachable,remainder,DWVM,ph,,
104.5pachuca.comadre.mx,homepage_unreachable,remainder,XHRD-FM,mx,,
1043thebreeze.ca,homepage_unreachable,remainder,CHLG-FM,ca,,
1047.2dayfm.ca,homepage_unreachable,remainder,CFRI-FM,ca,,
1049jrfm.com,homepage_unreachable,remainder,CFJR-FM,ca,,
1051.2dayfm.ca,homepage_unreachable,remainder,CJED-FM,ca,,
1057ezrock.com,homepage_unreachable,remainder,CHRE-FM,ca,,
1057maxfm.com,homepage_unreachable,remainder,XHPRS-FM,mx,,
1069thewolf.com,homepage_unreachable,remainder,CHWF-FM,ca,,
1069thex.com,homepage_unreachable,remainder,CIXX-FM,ca,,
1077.2dayfm.ca,homepage_unreachable,remainder,CHGK-FM,ca,,
10play.com.au,homepage_unreachable,remainder,Network 10,au,,
110.html,homepage_unreachable,remainder,Rocznik Białostocki,pl,,
12-ua.tv,homepage_unreachable,remainder,Pervy municipal,ru,,
1476.orf.at,homepage_unreachable,remainder,Radio 1476,at,de,
20min.ch,homepage_unreachable,remainder,20 minutes,ch,fr,
21mediavision.com,homepage_unreachable,remainder,21 Mediavision,au,en,
24h01.be,homepage_unreachable,remainder,24h01,be,fr,
24oretv.ilsole24ore.com,homepage_unreachable,remainder,24ore.tv,it,,
2arm.org.au,homepage_unreachable,remainder,2ARM,au,,
2ch.com.au,homepage_unreachable,remainder,2CH,au,,
2dayfm.com.au,homepage_unreachable,remainder,2Day FM,au,,
2gofm.com.au,homepage_unreachable,remainder,2GGO,au,,
2mcr.org.au,homepage_unreachable,remainder,2MCR,au,,
2nbc.com.au,homepage_unreachable,remainder,2NBC,au,,
30.com.tw,homepage_unreachable,remainder,Q10846040,tw,zh,
36i6.tv,homepage_unreachable,remainder,"36,6 TV",ua,,
3fach.ch,homepage_unreachable,remainder,Radio 3FACH,ch,,
"3news,com",homepage_unreachable,remainder,Media General Ghana Limited,gh,,
3plus.tv,homepage_unreachable,remainder,Q229649,ch,,
44adelaide.com.au,homepage_unreachable,remainder,44 Adelaide,au,,
4tofm.com.au,homepage_unreachable,remainder,Triple M Townsville,au,,
51ldb.com,homepage_unreachable,remainder,Laodong Daily,cn,,
7gold.tv,homepage_unreachable,remainder,7 Gold,it,,
7rph.org.au,homepage_unreachable,remainder,Print Radio Tasmania,au,,
830.fm,homepage_unreachable,remainder,Q11403017,jp,,
891maxfm.ca,homepage_unreachable,remainder,CISO-FM,ca,,
895thedrive.com,homepage_unreachable,remainder,CHWK-FM,ca,,
8tv.cat,homepage_unreachable,remainder,8tv,es,,
907santafe.com,homepage_unreachable,remainder,XHFL-FM,mx,,
910cfcw.com,homepage_unreachable,remainder,CKDQ,ca,,
919bobfm.com,homepage_unreachable,remainder,CKLY-FM,ca,,
91x.fm,homepage_unreachable,remainder,CJLX-FM,ca,,
923thedock.com,homepage_unreachable,remainder,CJOS-FM,ca,,
930kixxcountry.ca,homepage_unreachable,remainder,CJYQ,ca,,
931theone.ca,homepage_unreachable,remainder,CJLD-FM,ca,,
937praisefm.com,homepage_unreachable,remainder,CJLT-FM,ca,,
939theriverradio.com,homepage_unreachable,remainder,CIDR-FM,ca,,
951thebestmix.co.tt,homepage_unreachable,remainder,951 The Best Mix,tt,,
953thepeak.com,homepage_unreachable,remainder,CKWD-FM,ca,,
957cruzfm.ca,homepage_unreachable,remainder,CKEA-FM,ca,,
95cknb.ca,homepage_unreachable,remainder,CKNB,ca,en,
961starfm.com.au,homepage_unreachable,remainder,5SEF,au,,
963capitalfm.com,homepage_unreachable,remainder,CKRA-FM,ca,,
967hitz.fm,homepage_unreachable,remainder,PM2FGD,id,,
972.fm,homepage_unreachable,remainder,Antena Zadar,hr,,
973theeagle.com,homepage_unreachable,remainder,CKLR-FM,ca,,
975river.com,homepage_unreachable,remainder,CKRV-FM,ca,,
977maxfm.ca,homepage_unreachable,remainder,CHGB-FM,ca,en,
979homeradio.com,homepage_unreachable,remainder,DWQZ,ph,,
981camfm.com,homepage_unreachable,remainder,CFCW-FM,ca,,
981thebridge.ca,homepage_unreachable,remainder,CKVN-FM,ca,,
983flyfm.com,homepage_unreachable,remainder,CFLY-FM,ca,,
987krock.com,homepage_unreachable,remainder,CKXD-FM,ca,,
987thepoint.ca,homepage_unreachable,remainder,CKPM-FM,ca,,
987wowfm.wix.com,homepage_unreachable,remainder,DWWL,ph,,
989fm.com.au,homepage_unreachable,remainder,98.9 FM,au,en,
98cool.ca,homepage_unreachable,remainder,CJMK-FM,ca,,
991hitsfm.com,homepage_unreachable,remainder,CKIX-FM,ca,,
991spiritfm.com,homepage_unreachable,remainder,DWAM-AM,ph,,
993thedrive.com,homepage_unreachable,remainder,CKDV-FM,ca,,
995play.fm,homepage_unreachable,remainder,DWRT-FM,ph,en,
997.2dayfm.ca,homepage_unreachable,remainder,CIQC-FM,ca,,
aakashaath.com,homepage_unreachable,remainder,Akash Bangla,in,,
aakashvani1065.co.tt,homepage_unreachable,remainder,Aakash Vani 106.5FM,tt,,
aath.in,homepage_unreachable,remainder,Sony Aath,in,,
ababord.org,homepage_unreachable,remainder,À bâbord !,ca,fr,
abc.go.gov.br,homepage_unreachable,remainder,Q10365607,br,pt,
abcl-clarinetistas.com.br,homepage_unreachable,remainder,Q108800572,br,pt,
abcnepal.tv,homepage_unreachable,remainder,ABC Television,np,,
abcradio.com.mx,homepage_unreachable,remainder,XEABC-AM,mx,,
abdavao.com,homepage_unreachable,remainder,DXMX,ph,,
abidus.journals.ekb.eg,homepage_unreachable,remainder,Q135430596,eg,ar,
abrates.org.br,homepage_unreachable,remainder,Journal of Seed Science,br,en,
abrem.org.br,homepage_unreachable,remainder,Signum,br,pt,
absradiotv.com,homepage_unreachable,remainder,Anambra Broadcasting Service 90.7FM,ng,en,
abteve.com,homepage_unreachable,remainder,Albacete TeVe,es,,
academia.cl,homepage_unreachable,remainder,Antropologías del Sur,cl,es,
acc.tv,homepage_unreachable,remainder,Australian Christian Channel,au,,
acce.edu.au,homepage_unreachable,remainder,Australian Educational Computing,au,en,
achetezmoins.ch,homepage_unreachable,remainder,Moins !,ch,fr,
acp.cd,homepage_unreachable,remainder,Congolese press agency,cd,,
acps.org.au,homepage_unreachable,remainder,Bulletin of the Australian Carnivorous Plant Society,au,en,
acre.ac.gov.br,homepage_unreachable,remainder,TV Aldeia,br,pt,
act-cats.ca,homepage_unreachable,remainder,"Traduction, terminologie, rédaction",ca,,
actaortopedica.com.br,homepage_unreachable,remainder,Acta Ortopedica Brasileira,br,en,
acttab.com.au,homepage_unreachable,remainder,ACTTAB Radio,au,,
admin.ch,homepage_unreachable,remainder,Federal Gazette,ch,de,
adsl.tie.cl,homepage_unreachable,remainder,"Revista de Filosofía (Santiago, 1949)",cl,es,
adultswim.com.au,homepage_unreachable,remainder,Adult Swim,au,,
ae.fl.kpi.ua,homepage_unreachable,remainder,Novìtnâ Osvìta,ua,uk,
aemed.eu,homepage_unreachable,remainder,Annals of Eurasian Medicine,tr,en,
aerospace.elpub.ru,homepage_unreachable,remainder,Aèrokosmičeskij Naučnyj Žurnal,ru,ru,
aerospjournal.ru,homepage_unreachable,remainder,Aèrokosmičeskij Naučnyj Žurnal,ru,ru,
afiliados.televisa-networks.com,homepage_unreachable,remainder,Adrenalina Sports Network,mx,,
afizzionados.tv,homepage_unreachable,remainder,Afizzionados,mx,,
african.gu.se,homepage_unreachable,remainder,Africa & Asia,se,en,
agendapolitica.ufscar.br,homepage_unreachable,remainder,Agenda Política,br,pt,
ageofm.jp,homepage_unreachable,remainder,Q134891198,jp,ja,
agidigbo887fm.com,homepage_unreachable,remainder,"Agidigbo Fm 88.7, Ibadan",ng,en,
agriculturetoday.in,homepage_unreachable,remainder,Agriculture Today,in,en,
agrinewsnetwork.in,homepage_unreachable,remainder,Agri News Network,in,,
agriscientia.unc.edu.ar,homepage_unreachable,remainder,Agriscientia,ar,es,
agropolitan.tv,homepage_unreachable,remainder,Agropolitan TV,id,,
agsnow.com,homepage_unreachable,remainder,XHCIF-FM,mx,,
ahea.pitt.edu,homepage_unreachable,remainder,Hungarian Cultural Studies,hu,,
ahl.igh.ru,homepage_unreachable,remainder,Latin-american Historical Almanac,ru,ru,
ahrlj.up.ac.za,homepage_unreachable,remainder,African Human Rights Law Journal,za,en,
ahtv.cn,homepage_unreachable,remainder,Anhui Television,cn,zh,
aiglos.tolkien.com.pl,homepage_unreachable,remainder,Q11684678,pl,pl,
airedesantafe.com.ar,homepage_unreachable,remainder,Aire de Santa Fe,ar,es,
airedigital.com,homepage_unreachable,remainder,Aire de Santa Fe,ar,es,
airguwahati.gov.in,homepage_unreachable,remainder,All India Radio Guwahati,in,,
aitonline.it,homepage_unreachable,remainder,Italian Journal of Remote Sensing,it,it,
ajurology.com,homepage_unreachable,remainder,Asian Journal of Urology,nl,en,
ajyaltv.sa,homepage_unreachable,remainder,Ajyal,sa,ar,
akjournals.com,homepage_unreachable,remainder,Interventional medicine & applied science,hu,en,
aksara.online,homepage_unreachable,remainder,Aksara,au,en,
aksyonradyobacolod.com,homepage_unreachable,remainder,DYEZ-AM,ph,,
aksyonradyousnewsbureau.com,homepage_unreachable,remainder,Aksyon Radyo U.S.,ph,,
al.ma.leg.br,homepage_unreachable,remainder,TV Assembleia MA,br,pt,
al.pb.leg.br,homepage_unreachable,remainder,TV Assembleia,br,pt,
alahad.tv.iq,homepage_unreachable,remainder,Alahad satellite channel,iq,,
albahacapublicacione.wix.com,homepage_unreachable,remainder,Revista Vectores de Investigación,mx,es,
albertaviews.ab.ca,homepage_unreachable,remainder,Alberta Views,ca,en,
alburrz.com,homepage_unreachable,remainder,Al-Burz,pk,en,
alcaldiadebaralt-zulia.gob.ve,homepage_unreachable,remainder,Baralt FM 97.3 (Zulia),ve,,
ale.am.gov.br,homepage_unreachable,remainder,TV ALEAM Digital,br,pt,
alephbok.se,homepage_unreachable,remainder,Q10585907,se,sv,
alexeng.edu.eg,homepage_unreachable,remainder,AEJ - Alexandria Engineering Journal,eg,en,
alhurriya.news.sy,homepage_unreachable,remainder,Freedom,sy,ar,
alhwsabir.com,homepage_unreachable,remainder,Housaper,eg,fr,
alica-medios.com,homepage_unreachable,remainder,XHETD-FM,mx,,
alikhbariah.com,homepage_unreachable,remainder,Syrian News Channel,sy,,
alive.com,homepage_unreachable,remainder,Alive,ca,en,
allergologyinternational.com,homepage_unreachable,remainder,Allergology International,jp,en,
almadina.co.il,homepage_unreachable,remainder,al-Madina,il,ar,
almajlistv.com,homepage_unreachable,remainder,Al-Majlis TV,kw,,
almanaque.abril.com.br,homepage_unreachable,remainder,Q16501316,br,pt,
almasdarnews.com,homepage_unreachable,remainder,Al-Masdar News,lb,ar,
almeria360.com,homepage_unreachable,remainder,Almería 360,es,,
almesryoon.com,homepage_unreachable,remainder,Al Misreyoun,eg,ar,
almutawassittv.com,homepage_unreachable,remainder,Al Moutawasset,tn,,
alnadwah.com.sa,homepage_unreachable,remainder,Al Nadwa,sa,ar,
aloula.sa,homepage_unreachable,remainder,Quran TV,sa,ar,
alqalamtv.tn,homepage_unreachable,remainder,Al Qalam TV,tn,,
alrabiaa.tv,homepage_unreachable,remainder,Alrabiaa Network Television,iq,,
alsharqiya.com,homepage_unreachable,remainder,Al Sharqiya,ae,,
altex.org,homepage_unreachable,remainder,ALTEX: Alternatives to Animal Experimentation,ch,en,
alwatanonline.com,homepage_unreachable,remainder,Al-Watan,sy,ar,
alyaumtv.net,homepage_unreachable,remainder,Alyaum TV,iq,,
am.sanken.osaka-u.ac.jp,homepage_unreachable,remainder,IPSJ Transactions on Computer Vision and Applications,jp,ja,
am1220.ca,homepage_unreachable,remainder,CJUL,ca,,
am774.bjradio.com.cn,homepage_unreachable,remainder,Beijing Waiyu Guangbo,cn,zh,
am774.com,homepage_unreachable,remainder,Beijing Waiyu Guangbo,cn,,
am927.bjradio.com.cn,homepage_unreachable,remainder,"Beijing Sports Radio, Voice of Dual-olympics",cn,zh,
amazonia.pe,homepage_unreachable,remainder,Q21546193,pe,,
americatv.com.ar,homepage_unreachable,remainder,América TV,ar,,
ampradiocalgary.com,homepage_unreachable,remainder,CKMP-FM,ca,,
amsports.com.ar,homepage_unreachable,remainder,América Sports,ar,,
anaesthesiasrilanka.com,homepage_unreachable,remainder,Sri Lankan Journal of Anaesthesiology,lk,en,
analchemres.org,homepage_unreachable,remainder,Analytical and Bioanalytical Chemistry Research,ir,en,
analesiie.unam.mx,homepage_unreachable,remainder,Anales del Instituto de Investigaciones Estéticas,mx,es,
anatclinar.com.ar,homepage_unreachable,remainder,Revista Argentina de Anatomía Clínica,ar,,
anchietano.unisinos.br,homepage_unreachable,remainder,Pesquisas Antropologia,br,pt,
andes.missouri.edu,homepage_unreachable,remainder,Ciberayllu,pe,es,
andflix.zee5.com,homepage_unreachable,remainder,&flix,in,,
andhow.radio.fm,homepage_unreachable,remainder,AndHow.FM,nz,,
andtv.zee5.com,homepage_unreachable,remainder,&TV,in,,
angeltv.orh,homepage_unreachable,remainder,Angel TV,in,,
annabelle.ch,homepage_unreachable,remainder,Annabelle,ch,de,
annlabmed.org,homepage_unreachable,remainder,Annals of laboratory medicine,kr,en,
annsaudimed.net,homepage_unreachable,remainder,Annals of Saudi Medicine,za,en,
antalya-fm.blogspot.com,homepage_unreachable,remainder,Antalya Fm,tr,,
antenatv.com.pe,homepage_unreachable,remainder,Antena TV,cl,,
antenne-luxemburg.lu,homepage_unreachable,remainder,Q15851198,lu,,
antigonishreview.com,homepage_unreachable,remainder,The Antigonish Review,ca,en,
anuariocemi.uh.cu,homepage_unreachable,remainder,Mundi Migratios,cu,es,
aoniken.fc.umag.cl,homepage_unreachable,remainder,Magallania,cl,es,
aora.tv,homepage_unreachable,remainder,Aora,id,,
ap-os.org,homepage_unreachable,remainder,APOS Trends in Orthodontics,in,en,
apjon.org,homepage_unreachable,remainder,Asia-Pacific journal of oncology nursing,in,en,
apjr.net,homepage_unreachable,remainder,Asian Pacific Journal of Reproduction,in,en,
appenzellerzeitung.ch,homepage_unreachable,remainder,Appenzeller Zeitung,ch,de,
apr.psk.or.kr,homepage_unreachable,remainder,Archives of Pharmacal Research,kr,en,
aprendeenlinea.udea.edu.co,homepage_unreachable,remainder,Revista Universidad de Antioquia,co,es,
aps.dz,homepage_unreachable,remainder,Algeria Press Service,dz,,
aqq.com.pl,homepage_unreachable,remainder,Q9137360,pl,pl,
aquaterra.ua,homepage_unreachable,remainder,Q12062348,ua,uk,
aquicatalunha.com.br,homepage_unreachable,remainder,Q116880003,br,pt,
arapongas.pr.gov.br,homepage_unreachable,remainder,Q124989544,br,pt,
archin.journals.ekb.eg,homepage_unreachable,remainder,Archaeological Inscriptions,eg,en,
archivesautonomies.org,homepage_unreachable,remainder,Le Révolté,ch,fr,
arcinfo.ch,homepage_unreachable,remainder,Q646229,ch,fr,
arcs.journals.ekb.eg,homepage_unreachable,remainder,Advanced Research in Conservation Science,eg,en,
arcticreview.no,homepage_unreachable,remainder,Arctic Review on Law and Politics,no,en,
are-journal.com,homepage_unreachable,remainder,Agricultural and Resource Economics,ua,,
arirangradio.com,homepage_unreachable,remainder,Arirang Radio,kr,,
army-armee.forces.gc.ca,homepage_unreachable,remainder,The Canadian Army Journal,ca,en,
arp.zut.edu.pl,homepage_unreachable,remainder,Q9143173,pl,pl,
arprheumatology,homepage_unreachable,remainder,Acta Reumatologica Portuguesa,pt,en,
arquidiocesedesaoluis.com.br,homepage_unreachable,remainder,TV Educadora (São Luís),br,pt,
arrabia.ma,homepage_unreachable,remainder,Athaqafia,ma,,
arsdisputandi.org,homepage_unreachable,remainder,Ars Disputandi,nl,en,
arteyciudad.com,homepage_unreachable,remainder,Arte y Ciudad: Revista de Investigación,es,,
artibirtv.com.tr,homepage_unreachable,remainder,'+1 TV,tr,tr,
aryajournal.ir,homepage_unreachable,remainder,ARYA atherosclerosis,ir,en,
aryantv.co.in,homepage_unreachable,remainder,Aryan TV,in,,
as.com,homepage_unreachable,remainder,As,es,es,
asia.cnbc.com,homepage_unreachable,remainder,CNBC Asia,sg,,
asia.zoomoo.tv,homepage_unreachable,remainder,ZooMoo,nz,,
asian-efl-journal.com,homepage_unreachable,remainder,Asian EFL Journal,kr,en,
asian-nursingresearch.com,homepage_unreachable,remainder,Asian Nursing Research,kr,en,
asianjps.syphu.edu.cn,homepage_unreachable,remainder,Asian Journal of Pharmaceutical Sciences,hk,en,
asiatic.iium.edu.my,homepage_unreachable,remainder,Asiatic,my,en,
asj.or.jp,homepage_unreachable,remainder,Publications of the Astronomical Society of Japan,jp,en,
aspj.co.za,homepage_unreachable,remainder,African Safety Promotion,za,en,
assembly.go.kr,homepage_unreachable,remainder,National Assembly Bulletin,kr,ko,
at-x.com,homepage_unreachable,remainder,AT-X,jp,,
ata.org.tn,homepage_unreachable,remainder,International Journal of Modern Anthropology,tn,en,
atenas.mes.edu.cu,homepage_unreachable,remainder,"Revista Científico Pedagógica ""Atenas""",cu,es,
atenas.umcc.cu,homepage_unreachable,remainder,"Revista Científico Pedagógica ""Atenas""",cu,es,
atif.sobiad.com,homepage_unreachable,remainder,Sobiad Citation Index,tr,,
atmospolres.com,homepage_unreachable,remainder,Atmospheric pollution research,tr,en,
atnfriends.com,homepage_unreachable,remainder,Archaeological Textiles Review,dk,en,
atribunaes.com.br,homepage_unreachable,remainder,Q18281149,br,pt,
attessia.tv,homepage_unreachable,remainder,Attessia TV,tn,,
au.tv.yahoo.com,homepage_unreachable,remainder,7Two,au,,
au.youth.yahoo.com,homepage_unreachable,remainder,Girlfriend,au,en,
aujourdhui.ma,homepage_unreachable,remainder,Aujourd'hui Le Maroc,ma,fr,
aup-online.com,homepage_unreachable,remainder,Internationale Neerlandistiek,nl,nl,
austlii.edu.au,homepage_unreachable,remainder,Australian Journal of Human Rights,au,en,
austriafirst.at,homepage_unreachable,remainder,Austria First,at,de,
autex.org,homepage_unreachable,remainder,Autex Research Journal,pl,en,
avisa-vest.no,homepage_unreachable,remainder,Q106571975,no,no,
avsi.unical.it,homepage_unreachable,remainder,Archive for the Historical Italian Vocabulary,it,it,
awf_bp.edu.pl,homepage_unreachable,remainder,Polish Journal of Sport and Tourism,pl,pl,
awkum.edu.pk,homepage_unreachable,remainder,Pakhtunkhwa Journal of Life Science,pk,en,
awp.ch,homepage_unreachable,remainder,Awp Finanznachrichten,ch,,
aysen.tv,homepage_unreachable,remainder,Aysén Televisión,cl,,
azteca7.com,homepage_unreachable,remainder,XHCJH-TDT,mx,,
aztlanradio.com,homepage_unreachable,remainder,XEGNAY-AM,mx,,
b15.com.mx,homepage_unreachable,remainder,XHQS-FM,mx,,
b4uaflam.com,homepage_unreachable,remainder,B4U Aflam,ae,,
babel.tv,homepage_unreachable,remainder,Q3632378,it,,
babylonfm.net,homepage_unreachable,remainder,Babylon FM,iq,,
babymhospital.org,homepage_unreachable,remainder,BMH Medical Journal,in,en,
bahiafmsul.com.br,homepage_unreachable,remainder,Bahia FM Sul,br,pt,
bajkowakraina.tvp.pl,homepage_unreachable,remainder,TVP ABC 2,pl,pl,
balkanmedicalunion.com,homepage_unreachable,remainder,Archives of the Balkan Medical Union,ro,en,
bananenblatt.org,homepage_unreachable,remainder,Q17122396,at,de,
banban.jp,homepage_unreachable,remainder,Q11190834,jp,ja,
band1360.com.br,homepage_unreachable,remainder,Q10365592,br,pt,
banddepenapolis.com.br,homepage_unreachable,remainder,Q10365589,br,pt,
bandmulti.com.br,homepage_unreachable,remainder,TV Bandeirantes Mais,br,pt,
bandsports.band.com.br,homepage_unreachable,remainder,BandSports,br,pt,
bandung.ozradio.id,homepage_unreachable,remainder,Q119477705,id,en,
banyuetan.org,homepage_unreachable,remainder,China Comment,cn,zh,
baoshandaily.com,homepage_unreachable,remainder,Q67932743,cn,,
barentsinfo.org,homepage_unreachable,remainder,"Barents Studies: Peoples, Economies and Politics",fi,en,
bartin.dergipark.gov.tr,homepage_unreachable,remainder,Bartın Orman Fakültesi Dergisi,tr,tr,
baslerstab.ch,homepage_unreachable,remainder,Baslerstab,ch,de,
bayradio.fm,homepage_unreachable,remainder,Bay Radio,es,,
bb.uvvg.ro,homepage_unreachable,remainder,Studia Universitatis Vasile Goldis: Seria Stiintele Vietii,ro,ro,
bbronline.com.br,homepage_unreachable,remainder,BBR: Brazilian Business Review,br,pt,
bca.org.ng,homepage_unreachable,remainder,"88.1 – Broadcasting Corporation of Abia State (BCA) Radio, Umuahia",ng,,
bcc.com.tw,homepage_unreachable,remainder,Broadcasting Corporation of China,tw,zh,
bces-conference.org,homepage_unreachable,remainder,BCES Conference Books,bg,,
beachfm.co.jp,homepage_unreachable,remainder,Shonan Beach FM,jp,ja,
beat1009.com.mx,homepage_unreachable,remainder,BEAT FM,mx,,
bedfordbaptist.ca,homepage_unreachable,remainder,CHSB-FM,ca,,
beijingreview.com.cn,homepage_unreachable,remainder,Beijing Review,cn,en,
beingguru.com,homepage_unreachable,remainder,Being Guru,pk,,
beladtv.com,homepage_unreachable,remainder,Belad TV,ps,,
bernama-tv.com,homepage_unreachable,remainder,Bernama TV,my,,
bernerzeitung.ch,homepage_unreachable,remainder,Berner Zeitung,ch,de,
bes.cims.edu.pk,homepage_unreachable,remainder,Bulletin of Environmental Studies,pk,en,
bestrock.clix.pt,homepage_unreachable,remainder,Best Rock FM,pt,pt,
bettybossi.ch,homepage_unreachable,remainder,Betty Bossi,ch,,
bez.es,homepage_unreachable,remainder,Q47499619,es,es,
bfalex.journals.ekb.eg,homepage_unreachable,remainder,Journal of the Faculty of Arts Alexandria University,eg,ar,
bflix.cfd,homepage_unreachable,remainder,Bflix Movies,in,,
bfopcu.eg.net,homepage_unreachable,remainder,"Bulletin of Faculty of Pharmacy, Cairo University",eg,en,
bfsujournals.com,homepage_unreachable,remainder,Eurasian Humanities Studies,cn,ru,
bg.pg.gda.pl,homepage_unreachable,remainder,Polish Maritime Research,pl,en,
bgsj.ludus-opuscula.org,homepage_unreachable,remainder,Board Game Studies Journal,pl,en,
bharati.ddgov.in,homepage_unreachable,remainder,DD Bharati,in,,
bibleradio.cathedralofpraisemanila.com.ph,homepage_unreachable,remainder,DZBR,ph,,
bibliotekacyfrowa,homepage_unreachable,remainder,Wychowanie w Rodzinie,pl,,
bibliothek.uni-regensburg.de,homepage_unreachable,remainder,Communio,ar,en,
bicolidol.com,homepage_unreachable,remainder,DWMV,ph,,
bigam820.com,homepage_unreachable,remainder,CHAM,ca,,
bigcountryxx.com,homepage_unreachable,remainder,CJXX-FM,ca,,
bigfm.co.nz,homepage_unreachable,remainder,Big 106.2,nz,en,
bigmagic.zee5.com,homepage_unreachable,remainder,BIG Magic,in,,
billboard.com.tr,homepage_unreachable,remainder,Billboard Türkiye,tr,tr,
billboard.ru.msn.com,homepage_unreachable,remainder,Q4035099,ru,ru,
bio.puc.cl,homepage_unreachable,remainder,Revista Chilena de Historia Natural,cl,en,
biodiscoveryjournal.co.uk,homepage_unreachable,remainder,BioDiscovery,bg,en,
biodiversitylibrary.org,homepage_unreachable,remainder,Journal of Hymenoptera Research,bg,en,
biollett.amu.edu.pl,homepage_unreachable,remainder,Biological Letters,pl,en,
biolsci.org,homepage_unreachable,remainder,International Journal of Biological Sciences,au,en,
biomed.uninet.edu,homepage_unreachable,remainder,Electronic Journal of Biomedicine,es,en,
biomedicine.edp-open.org,homepage_unreachable,remainder,BioMedicine,tw,en,
biuletynszadkowski.geo.uni.lodz.pl,homepage_unreachable,remainder,Q16486552,pl,pl,
biztek.edu.pk,homepage_unreachable,remainder,Journal of Management & Social Sciences,pk,en,
bjd.com.cn,homepage_unreachable,remainder,Beijing Daily,cn,zh,
bjhsnepal.org,homepage_unreachable,remainder,Birat Journal of Health Sciences,np,en,
bjinformation.com,homepage_unreachable,remainder,Beijing Review,cn,en,
bjyouth.ynet.cn,homepage_unreachable,remainder,Beijing Youth Daily,cn,zh,
blackwell-synergy.com,homepage_unreachable,remainder,Asian Journal of Andrology,in,en,
blim.com,homepage_unreachable,remainder,Blim TV,mx,,
blog.bxl.fm,homepage_unreachable,remainder,Q2877570,be,,
blog.goo.ne.jp,homepage_unreachable,remainder,Q11221813,jp,ja,
blog.omy.sg,homepage_unreachable,remainder,Shin Min Daily News,sg,zh,
blog.smw.ch,homepage_unreachable,remainder,Swiss Medical Weekly,ch,en,
blogs.balistrad.com,homepage_unreachable,remainder,BBlog,ht,,
bluescountry.com.au,homepage_unreachable,remainder,Blue's Country Magazine,au,,
blushmom.com,homepage_unreachable,remainder,Blush,ca,en,
blutv.com.tr,homepage_unreachable,remainder,BluTV,tr,tr,
bmbreports.org,homepage_unreachable,remainder,BMB Reports,kr,,
bndigital.bn.gov.br,homepage_unreachable,remainder,O Tempo,br,pt,
bo.dsaj.gov.mo,homepage_unreachable,remainder,Official Gazette of the Macao Special Administrative Region,cn,pt,
bocconilegalpapers.it,homepage_unreachable,remainder,Bocconi University School of Law,it,it,
boletimcdaph.usf.edu.br,homepage_unreachable,remainder,Boletim CDAPH,br,pt,
boletincriminologico.uma.es,homepage_unreachable,remainder,Boletín Criminológico,es,es,
boletinoficial.gob.ar,homepage_unreachable,remainder,Boletín Oficial de la República Argentina,ar,es,
boliviatv.bo,homepage_unreachable,remainder,Bolivia TV 7.2,bo,,
bollettinodarte.beniculturali.it,homepage_unreachable,remainder,Bollettino d'Arte,it,it,
bon.tv,homepage_unreachable,remainder,Blue Ocean Network,cn,,
bonpourlatete.com,homepage_unreachable,remainder,Bon pour la tête,ch,,
bonsventosfm91.com.br,homepage_unreachable,remainder,Bons Ventos FM,br,pt,
booksandjournals.brillonline.com,homepage_unreachable,remainder,Indo-European Linguistics,nl,en,
boom973.com,homepage_unreachable,remainder,CHBM-FM,ca,,
boomerangtv.com.tr,homepage_unreachable,remainder,Cartoonito,tr,tr,
boplaspalmas.net,homepage_unreachable,remainder,Q5731469,es,es,
botanicalsciences.com.mx,homepage_unreachable,remainder,Boletín de la Sociedad Botánica de México,mx,en,
botanicaserbica.bio.bg.ac.rs,homepage_unreachable,remainder,Botanica serbica,rs,en,
botasot.info,homepage_unreachable,remainder,Bota Sot,ch,,
botges.ch,homepage_unreachable,remainder,Bauhinia,ch,de,
boxoffice.worldbizjournals.com,homepage_unreachable,remainder,WBJ Box Office,sg,,
bpums.com,homepage_unreachable,remainder,Iranian South Medical Journal,ir,en,
br.fgov.be,homepage_unreachable,remainder,Belgian Journal of Botany,be,fr,
bradescoesportesfm.band.uol.com.br,homepage_unreachable,remainder,Q9663282,br,pt,
bramptonguardian.com,homepage_unreachable,remainder,The Brampton Guardian,ca,en,
bravo.pl,homepage_unreachable,remainder,Bravo Sport,pl,de,
brazilianjd.wixsite.com,homepage_unreachable,remainder,Brazilian Journal of Development,br,,
brepols.metapres.com,homepage_unreachable,remainder,Annali di Scienze Religiose,be,it,
brepolsonline.net,homepage_unreachable,remainder,Analecta Bollandiana,be,en,
brestevening.virtualave.net,homepage_unreachable,remainder,Vecherniy Brest,by,ru,
brightontoday.ca,homepage_unreachable,remainder,CIYM-FM,ca,,
brisbaneyouthradio.com.au,homepage_unreachable,remainder,Switch 1197,au,en,
brjd.com.br,homepage_unreachable,remainder,Brazilian Journal of Development,br,pt,
brtv.org.cn,homepage_unreachable,remainder,Beijing Radio & Television Station,cn,zh,
bsidefm.com,homepage_unreachable,remainder,"B-Side 98.1 FM, Benin City",ng,,
btzx.com.cn,homepage_unreachable,remainder,Xinjiang Production and Construction Corps Radio and Television,cn,zh,
bugun.com.tr,homepage_unreachable,remainder,Bugün,tr,tr,
bulletin.ninemsn.com.au,homepage_unreachable,remainder,The Bulletin,au,en,
bulletinhistoirepolitique.org,homepage_unreachable,remainder,Bulletin d'histoire politique,ca,fr,
business-research.org,homepage_unreachable,remainder,Business Research,ch,en,
busiweek.com,homepage_unreachable,remainder,East African Business Week,ug,en,
busqueda.com.uy,homepage_unreachable,remainder,Búsqueda,uy,es,
bvs.sld.cu,homepage_unreachable,remainder,Revista Cubana de Cirugía,cu,es,
bzbasel.ch,homepage_unreachable,remainder,bz - Zeitung für die Region Basel,ch,de,
c103.com,homepage_unreachable,remainder,CJMO-FM,ca,,
c5n.com,homepage_unreachable,remainder,C5N,ar,,
c7chubut.com.ar,homepage_unreachable,remainder,Canal 7,ar,,
c977.ca,homepage_unreachable,remainder,CHUP-FM,ca,,
cabedelo.pb.gov.br,homepage_unreachable,remainder,Q124989634,br,pt,
caculadepneus.com.br,homepage_unreachable,remainder,Rádio Trânsito,br,pt,
cadenanoticias.mx,homepage_unreachable,remainder,XHDX-FM,mx,,
cadenasuper.com,homepage_unreachable,remainder,Cadena Súper,co,,
cadernos.prodisa.fiocruz.br,homepage_unreachable,remainder,Cadernos Ibero-americanos de Direito Sanitário,br,pt,
cadernosaa.ufba.br,homepage_unreachable,remainder,Cadernos de arte e antropologia,br,pt,
cadernoscajuina.pro.br,homepage_unreachable,remainder,Cadernos Cajuína,br,pt,
cahayabanten.tv,homepage_unreachable,remainder,CTV Banten,id,,
cajur.com.br,homepage_unreachable,remainder,Cadernos de Informação Jurídica,br,pt,
californiamedios.com,homepage_unreachable,remainder,XHKT-FM,mx,,
camarasaocarlos.sp.gov.br,homepage_unreachable,remainder,TV Câmara,br,pt,
campesinafm.com.ve,homepage_unreachable,remainder,Campesina 94.5 FM (Lara),ve,,
campoterritorio.ig.ufu.br,homepage_unreachable,remainder,Campo - Território,br,pt,
canada.ca,homepage_unreachable,remainder,Weatheradio Canada,ca,,
canadianbusiness.com,homepage_unreachable,remainder,Canadian Business,ca,en,
canadiangardening.com,homepage_unreachable,remainder,Canadian Gardening,ca,en,
canadianmennonite.org,homepage_unreachable,remainder,Canadian Mennonite,ca,en,
canal-a.com,homepage_unreachable,remainder,Canal A,co,,
canal10.com.uy,homepage_unreachable,remainder,Canal 10,uy,,
canal10tucuman.com.ar,homepage_unreachable,remainder,Channel 10,ar,,
canal10tv.com.ar,homepage_unreachable,remainder,Channel 10,ar,,
canal11delzulia.com.ve,homepage_unreachable,remainder,Niños Cantores Televisión,ve,,
canal12dgo.com,homepage_unreachable,remainder,XHND-TDT,mx,,
canal18.tv,homepage_unreachable,remainder,Canal 18,es,,
canal8tic.es,homepage_unreachable,remainder,Q5746696,es,es,
canal9.ch,homepage_unreachable,remainder,Q2935895,ch,,
canal9.cr,homepage_unreachable,remainder,Repretel 9,cr,,
canal9tampico.com,homepage_unreachable,remainder,XHFW-TDT,mx,,
canalbuzz.es,homepage_unreachable,remainder,Buzz,es,es,
canalc.com,homepage_unreachable,remainder,Canal C:,es,,
canalcaribe.icrt.cu,homepage_unreachable,remainder,Q60824206,cu,,
canalcatala.cat,homepage_unreachable,remainder,Canal Català,es,,
canalcdo.cl,homepage_unreachable,remainder,Canal del Deporte Olímpico,cl,,
canalcurta.com.br,homepage_unreachable,remainder,Curta!,br,pt,
canale34.com,homepage_unreachable,remainder,Q3655030,it,,
canalplus.com.ve,homepage_unreachable,remainder,Q5746707,ve,,
canalrural.com.br,homepage_unreachable,remainder,Canal Rural,br,pt,
cancerresearchandtreatment.org,homepage_unreachable,remainder,Cancer Research and Treatment,kr,en,
cano.malachite-mgmt.com,homepage_unreachable,remainder,Canadian oncology nursing journal = Revue canadienne de nursing oncologique,ca,,
cap-fm.tn,homepage_unreachable,remainder,Cap FM,tn,,
capilanocourier.com,homepage_unreachable,remainder,The Capilano Courier,ca,,
capital963.com,homepage_unreachable,remainder,CKRA-FM,ca,,
capitalfm.com.my,homepage_unreachable,remainder,Capital FM 88.9,my,en,
capitalkfm.com,homepage_unreachable,remainder,Capitalk 100.4 FM,zw,,
carac.tv,homepage_unreachable,remainder,Q3443191,ch,,
carlita.cahaya.tv,homepage_unreachable,remainder,Q12478386,id,,
cartoonnetwork.com.pk,homepage_unreachable,remainder,Cartoon Network,pk,,
cartoonnetwork.com.tw,homepage_unreachable,remainder,Cartoon Network,tw,zh,
cartoonnetworkmena.com,homepage_unreachable,remainder,Cartoon Network Arabic,ae,,
carve850.com.uy,homepage_unreachable,remainder,Radio Carve,uy,,
cascavel.pr.gov.br,homepage_unreachable,remainder,Q124989685,br,pt,
cassilandia.ms.gov.br,homepage_unreachable,remainder,Q124989686,br,pt,
catchword.com,homepage_unreachable,remainder,Taxon,at,en,
catcountry995.ca,homepage_unreachable,remainder,CKTY-FM,ca,,
catholicregister.org,homepage_unreachable,remainder,The Catholic Register,ca,en,
catiatve.org.ve,homepage_unreachable,remainder,Catia TVe,ve,,
catolicadefortaleza.edu.br,homepage_unreachable,remainder,Kairós: Revista Acadêmica da Prainha,br,pt,
caucaia.ce.gov.br,homepage_unreachable,remainder,Q124989694,br,pt,
cbcmusic.ca,homepage_unreachable,remainder,CBC Music,ca,,
cbncaruaru.com,homepage_unreachable,remainder,Q56352013,br,,
cbnjoaopessoa.com.br,homepage_unreachable,remainder,Q9669669,br,pt,
cbnnatal.com.br,homepage_unreachable,remainder,CBN Natal,br,pt,
cbnrecife.com,homepage_unreachable,remainder,Q9669694,br,,
cbnrp.com.br,homepage_unreachable,remainder,Q51882717,br,pt,
cbnvaledoiguacu.com.br,homepage_unreachable,remainder,Q10365758,br,pt,
cbseuropa.eu,homepage_unreachable,remainder,Film Café,pl,,
cdi.gob.mx,homepage_unreachable,remainder,XHCARH-FM,mx,,
ced.revistas.deusto.es,homepage_unreachable,remainder,Q78352066,es,es,
cell-research.com,homepage_unreachable,remainder,Cell Research,cn,en,
celljournal.org,homepage_unreachable,remainder,Cell journal,ir,en,
cem.itesm.mx,homepage_unreachable,remainder,Razon y Palabra,ec,es,
cemporcentoskate.com.br,homepage_unreachable,remainder,Q9719138,br,pt,
cenesex.sld.cu,homepage_unreachable,remainder,Sexología y Sociedad,cu,,
central.bac-lac.gc.ca,homepage_unreachable,remainder,Canadian Military Journal,ca,en,
centros.uv.es,homepage_unreachable,remainder,Sagvntum,es,es,
centrovisiontv.cl,homepage_unreachable,remainder,Q5746400,cl,,
centv.cn,homepage_unreachable,remainder,China Education Television,cn,zh,
cervantesvirtual.com,homepage_unreachable,remainder,El Propagador de la libertad,es,es,
ces.uc.pt,homepage_unreachable,remainder,Revista critica de ciencias sociais,pt,pt,
cetv.com,homepage_unreachable,remainder,China Entertainment Television,cn,,
cfjctoday.com,homepage_unreachable,remainder,CFJC-TV,ca,,
cfpvfm.com,homepage_unreachable,remainder,CFPV-FM,ca,,
cftvdt.tv,homepage_unreachable,remainder,CFTV-DT,ca,,
cgq.ulaval.ca,homepage_unreachable,remainder,Cahiers de Geographie du Quebec,ca,fr,
ch.interest.me,homepage_unreachable,remainder,OCN,kr,,
ch7.com,homepage_unreachable,remainder,BBTV Channel 7,th,,
chandamama.com,homepage_unreachable,remainder,Chandamama,in,,
channel32.ca,homepage_unreachable,remainder,CFSO-TV,ca,,
channelninebd.tv,homepage_unreachable,remainder,Channel 9,bd,,
channelv.com,homepage_unreachable,remainder,Channel V,hk,en,
channelvph.webs.com,homepage_unreachable,remainder,Channel V Philippines,ph,,
channelw.my,homepage_unreachable,remainder,Channel W,my,,
chaskor.ru,homepage_unreachable,remainder,Chastny Korrespondent,ru,ru,
chat945.com,homepage_unreachable,remainder,CHAT-FM,ca,,
chatelaine.com,homepage_unreachable,remainder,Chatelaine,ca,en,
chatnewstoday.ca,homepage_unreachable,remainder,CHAT-TV,ca,,
chbp.chelm.pl,homepage_unreachable,remainder,Rocznik Chełmski,pl,pl,
che.faced.ufu.br,homepage_unreachable,remainder,Cadernos de História da Educação,br,pt,
chem.uaic.ro,homepage_unreachable,remainder,Acta Chemica Iasi,pl,en,
chercheursdelawallonie.be,homepage_unreachable,remainder,Q3231433,be,fr,
cheveretufm.com.ve,homepage_unreachable,remainder,Chevere 97.9 fm (Zulia),ve,,
childshealth.zaslavsky.com.ua,homepage_unreachable,remainder,Zdorovʹe Rebenka,ua,uk,
chinaqw.com,homepage_unreachable,remainder,chinaqw.com,cn,,
chinawriter.com.cn,homepage_unreachable,remainder,Wen yi bao,cn,zh,
chinaxwcb.com,homepage_unreachable,remainder,China Press Publication Radio Film and Television Journal,cn,,
chinesevoice.co.nz,homepage_unreachable,remainder,AM936,nz,,
chnt.ca,homepage_unreachable,remainder,CHNT-FM,ca,,
choosethehits.com.au,homepage_unreachable,remainder,Choose The Hits,au,,
choqfm.ca,homepage_unreachable,remainder,CHOQ-FM,ca,,
chr.up.ac.za,homepage_unreachable,remainder,African Human Rights Law Journal,za,en,
chroniclejournal.com,homepage_unreachable,remainder,The Chronicle-Journal,ca,en,
ci.uc.pt,homepage_unreachable,remainder,Revista de História das Ideias,pt,pt,
cicuradio.ca,homepage_unreachable,remainder,CICU-FM,ca,,
cidade.iol.pt,homepage_unreachable,remainder,Cidade FM,pt,pt,
ciencias.holguin.cu,homepage_unreachable,remainder,Ciencias Holguín,cu,es,
cihan.com.tr,homepage_unreachable,remainder,Cihan News Agency,tr,en,
cihsfm.net,homepage_unreachable,remainder,CIHS-FM,ca,,
cimonline.ca,homepage_unreachable,remainder,Clinical and Investigative Medicine,ca,,
cinaradio.com,homepage_unreachable,remainder,CINA,ca,,
cinemax-tv.com,homepage_unreachable,remainder,Cinemax 2,ro,,
cinepop.ca,homepage_unreachable,remainder,Cinépop,ca,,
cinestarteuve.com,homepage_unreachable,remainder,Cinestar,es,,
cititvonline.com,homepage_unreachable,remainder,Citi TV [Ghana],gh,,
citv.com.au,homepage_unreachable,remainder,Crime & Investigation Network,au,,
city.ageo.lg.jp,homepage_unreachable,remainder,Q105763424,jp,ja,
city.ayase.kanagawa.jp,homepage_unreachable,remainder,Q132911228,jp,ja,
city.fukuoka.lg.jp,homepage_unreachable,remainder,Q125313187,jp,ja,
city.nagoya.jp,homepage_unreachable,remainder,Q51777036,jp,ja,
citychannel.ie,homepage_unreachable,remainder,City Channel,ie,,
cityradiofm897.com,homepage_unreachable,remainder,City Radio 89.7FM,ng,en,
ciudadanodiario.com.ar,homepage_unreachable,remainder,El Ciudadano (Mendoza),ar,es,
civilistica.com,homepage_unreachable,remainder,Civilistica.com,br,pt,
cj-106.assiniboine.net,homepage_unreachable,remainder,CJJJ-FM,ca,,
cjc.utpjournals.press,homepage_unreachable,remainder,Canadian Journal of Communication,ca,en,
cjc.wiley-vch.de,homepage_unreachable,remainder,Chinese Journal of Chemistry,cn,en,
cjenm.com,homepage_unreachable,remainder,Mnet,kr,,
cjgy.ca,homepage_unreachable,remainder,CJGY-FM,ca,,
cjme.com,homepage_unreachable,remainder,CJME,ca,,
cjmenet.com,homepage_unreachable,remainder,Chinese Journal of Mechanical Engineering,cn,en,
cjnb.com,homepage_unreachable,remainder,CJNB,ca,,
cjocfm.com,homepage_unreachable,remainder,CJOC-FM,ca,,
cjol.qdio.ac.cn,homepage_unreachable,remainder,Chinese Journal of Oceanology and Limnology,cn,en,
cjpmi.ifl.pt,homepage_unreachable,remainder,Cinema: Journal of Philosophy and the Moving Image,pt,en,
cjtbradio.ca,homepage_unreachable,remainder,CJTB-FM,ca,,
cjwe.ca,homepage_unreachable,remainder,CJWE-FM,ca,,
cjwwradio.com,homepage_unreachable,remainder,CJWW,ca,,
ckdh.net,homepage_unreachable,remainder,CKDH-FM,ca,en,
ckom.com,homepage_unreachable,remainder,CKOM,ca,,
ckpgtoday.ca,homepage_unreachable,remainder,CKPG-TV,ca,,
ckpmfm.com,homepage_unreachable,remainder,CKPM-FM,ca,,
ckrp.ca,homepage_unreachable,remainder,CKRP-FM,ca,fr,
ckrw.com,homepage_unreachable,remainder,CKRW-FM,ca,,
ckug.ca,homepage_unreachable,remainder,CKUG-FM,ca,,
ckwr.com,homepage_unreachable,remainder,CKWR-FM,ca,,
classhorse.tv,homepage_unreachable,remainder,Horse TV,it,,
classic.daai.tv,homepage_unreachable,remainder,DAAi TV,tw,,
clinexporl.com,homepage_unreachable,remainder,Clinical and Experimental Otorhinolaryngology,kr,en,
clubdjportugal.com,homepage_unreachable,remainder,Club Dj Portugal,pt,pt,
clubedohardware.com.br,homepage_unreachable,remainder,Clube do Hardware,br,pt,
cma.ca,homepage_unreachable,remainder,Canadian Journal of Rural Medicine,ca,en,
cmaj.ca,homepage_unreachable,remainder,Canadian Medical Association Journal,ca,en,
cmghjournal.org,homepage_unreachable,remainder,Cellular and molecular gastroenterology and hepatology,nl,en,
cnpf.embrapa.br,homepage_unreachable,remainder,Pesquisa florestal brasileira,br,pt,
cnq.org,homepage_unreachable,remainder,Q47523541,ca,fr,
cnsilk.cn,homepage_unreachable,remainder,Journal of Silk,cn,zh,
cnt.com.br,homepage_unreachable,remainder,CNT Bahia,br,pt,
coasttenerife.com,homepage_unreachable,remainder,Coast FM,es,,
collection.nlc-bnc.ca,homepage_unreachable,remainder,The Canadian Mineralogist,ca,en,
colson.edu.mx,homepage_unreachable,remainder,Región y Sociedad,mx,es,
combinatorics.org,homepage_unreachable,remainder,Electronic Journal of Combinatorics,au,en,
comercioyjusticia.info,homepage_unreachable,remainder,Q5778964,ar,es,
comitan.radionucleo.com,homepage_unreachable,remainder,XHUI-FM,mx,,
communitas.uqam.ca,homepage_unreachable,remainder,Communitas,ca,en,
community.cla.ca,homepage_unreachable,remainder,Feliciter,ca,en,
comparativelawreview.unipg.it,homepage_unreachable,remainder,Comparative Law Review,it,en,
comprped.com,homepage_unreachable,remainder,Journal of Comprehensive Pediatrics,ir,en,
con-textoskantianos.net,homepage_unreachable,remainder,Con-textos Kantianos: International Journal of Philosophy,es,,
concienciatv.gob.ve,homepage_unreachable,remainder,Q10926825,ve,,
concordia.ca,homepage_unreachable,remainder,The Journal of Canadian Art History,ca,en,
congreso.gob.pe,homepage_unreachable,remainder,Q5746881,pe,,
conjur.com.br,homepage_unreachable,remainder,Consultor Jurídico,br,pt,
connectatecnologia.com.br,homepage_unreachable,remainder,Q124935077,br,pt,
constructireland.ie,homepage_unreachable,remainder,Construct Ireland,ie,en,
contacto.lu,homepage_unreachable,remainder,Contacto,lu,pt,
content.ajarchive.org,homepage_unreachable,remainder,Annals of the Transvaal Museum,za,en,
content.karger.com,homepage_unreachable,remainder,Obesity Facts,ch,en,
continental1520.com.br,homepage_unreachable,remainder,Q10365705,br,pt,
cool100.ca,homepage_unreachable,remainder,CHCQ-FM,ca,,
corporacionpichilemu.cl,homepage_unreachable,remainder,Radio Corporación,cl,es,
correiodosul.com.br,homepage_unreachable,remainder,Q8351166,br,pt,
corrierealpi.quotidianiespresso.it,homepage_unreachable,remainder,Corriere delle Alpi,it,it,
corsalud.sld.cu,homepage_unreachable,remainder,CorSalud,cu,es,
cortv.oaxaca.gob.mx,homepage_unreachable,remainder,Oaxaca TV,mx,,
cosmo-mg.mcgill.ca,homepage_unreachable,remainder,Mathematical Geosciences,ca,,
cosmopolitan.cl,homepage_unreachable,remainder,Q24213904,cl,es,
cosmopolitanfm.com,homepage_unreachable,remainder,PM2FAP,id,,
country1049.ca,homepage_unreachable,remainder,CHWC-FM,ca,,
country105.ca,homepage_unreachable,remainder,CFDC-FM,ca,,
country105.fm,homepage_unreachable,remainder,CKQM-FM,ca,,
country1073.ca,homepage_unreachable,remainder,CJDL-FM,ca,,
cpbrfm.com,homepage_unreachable,remainder,CFDY-FM,ca,,
cqd.com.cn,homepage_unreachable,remainder,China Quality Daily,cn,zh,
cqn.com.cn,homepage_unreachable,remainder,China Quality Daily,cn,zh,
cr.ie,homepage_unreachable,remainder,Q65328221,ie,,
cra-journals.cineca.it,homepage_unreachable,remainder,Annals of Silvicultural Research,it,it,
credo.press,homepage_unreachable,remainder,credo.press,ru,en,
crimejusticejournal.com,homepage_unreachable,remainder,"International Journal for Crime, Justice and Social Democracy",au,en,
criticadigital.com,homepage_unreachable,remainder,Crítica de la Argentina,ar,es,
crossover.com.ph,homepage_unreachable,remainder,DXAC,ph,,
cruwsible.com.au,homepage_unreachable,remainder,Cruwsible,au,en,
cruzfm.ca,homepage_unreachable,remainder,CKRI-FM,ca,,
crystal1037.mx,homepage_unreachable,remainder,XHCME-FM,mx,,
csb-scpo.unige.it,homepage_unreachable,remainder,Q104089775,it,it,
cschannels.eu,homepage_unreachable,remainder,Kino CS,cz,,
csci-scrc.medical.org,homepage_unreachable,remainder,Clinical and Investigative Medicine,ca,,
ctee.com.tw,homepage_unreachable,remainder,Commercial Times,tw,zh,
ctitv.com,homepage_unreachable,remainder,Chung T'ien Television,tw,,
ctrestv.com.br,homepage_unreachable,remainder,Q137204692,br,pt,
ctv.com.tw,homepage_unreachable,remainder,China Television,tw,zh,
cuadernoslinguistica.colmex.mx,homepage_unreachable,remainder,Cuadernos de Lingüística de El Colegio de México,mx,en,
cuartavision.cl,homepage_unreachable,remainder,CuartaVisión,cl,,
cultmovienetwork.com,homepage_unreachable,remainder,The Cult Movie Network,ca,,
culturaememoria.com.br,homepage_unreachable,remainder,Arquivos do CMD,br,pt,
culturafmaraci.com.br,homepage_unreachable,remainder,"Radio Cultura FM, Araci",br,pt,
cumhuriyet.dergipark.gov.tr,homepage_unreachable,remainder,Cumhuriyet Üniversitesi İlahiyat Fakültesi Dergisi,tr,tr,
cup.ca,homepage_unreachable,remainder,Canadian University Press,ca,,
curriculosemfronteiras.org,homepage_unreachable,remainder,Currículo sem Fronteiras,pt,pt,
currylifemagazine.com,homepage_unreachable,remainder,Curry Life,bd,en,
cw6sandiego.com,homepage_unreachable,remainder,XETV-TDT,mx,,
cx40radiofenix.com,homepage_unreachable,remainder,CX 40 Radio Fénix,uy,,
cyrtv.net,homepage_unreachable,remainder,China Yellow River Television,cn,,
czasopisma.ignatianum.edu,homepage_unreachable,remainder,Rocznik Filozoficzny Ignatianum,pl,,
czasopisma.pwszplock.pl,homepage_unreachable,remainder,Rocznik Towarzystwa Naukowego w Płocku,pl,pl,
czasopismo.icomos-poland.org,homepage_unreachable,remainder,Protection of cultural heritage,pl,,
czbtv.com,homepage_unreachable,remainder,Chaozhou Broadcast Television,cn,,
d-intl.com,homepage_unreachable,remainder,Dispatch International,se,,
d24am.com,homepage_unreachable,remainder,Diário do Amazonas,br,pt,
daaily.com,homepage_unreachable,remainder,DAAily Platforms,ch,,
dahebao.cn,homepage_unreachable,remainder,Dahe Daily,cn,zh,
dailygleaner.canadaeast.com,homepage_unreachable,remainder,The Daily Gleaner,ca,en,
dailytimesng.com,homepage_unreachable,remainder,Daily Times of Nigeria,ng,en,
dailyxtra.com,homepage_unreachable,remainder,Xtra Ottawa,ca,en,
dalgazette.com,homepage_unreachable,remainder,The Dalhousie Gazette,ca,en,
darusalamradio.com,homepage_unreachable,remainder,Darusalam Radio,iq,ar,
darwin.edu.ar,homepage_unreachable,remainder,Hickenia,ar,es,
darwins97seven.org.au,homepage_unreachable,remainder,Darwin's 97 Seven,au,,
datanews.be,homepage_unreachable,remainder,Q2509411,be,nl,
davidsonia.org,homepage_unreachable,remainder,Davidsonia,ca,en,
db.doyma.es,homepage_unreachable,remainder,Atención Primaria,es,es,
dch.tv,homepage_unreachable,remainder,Q5807026,cl,,
dcidj.uog.edu.et,homepage_unreachable,remainder,"Disability, CBR and Inclusive Development",et,en,
ddindia.gov.in,homepage_unreachable,remainder,Doordarshan,in,,
ddk.viamedica.pl,homepage_unreachable,remainder,Q11694064,pl,pl,
ddkdehradun.org,homepage_unreachable,remainder,DD Uttrakhand,in,,
ddkguwahati.gov.in,homepage_unreachable,remainder,DD North-East,in,,
ddkharyana.tv,homepage_unreachable,remainder,DD Haryana,in,,
ddkhimachalpradesh.tv,homepage_unreachable,remainder,DD Himachal Pradesh,in,,
ddkjharkhand.tv,homepage_unreachable,remainder,DD Jharkhand,in,,
ddkkashir.tv,homepage_unreachable,remainder,DD Kashir,in,,
ddkmizoram.tv,homepage_unreachable,remainder,DD Mizoram,in,,
ddkrajasthan.tv,homepage_unreachable,remainder,DD Rajasthan,in,,
ddpodhigai.org.in,homepage_unreachable,remainder,DD Chennai,in,,
ddraipur.gov.in,homepage_unreachable,remainder,DD Chhattisgarh,in,,
ddsaptagiri.tv,homepage_unreachable,remainder,DD Saptagiri,in,,
ddtjournal.org,homepage_unreachable,remainder,Drug Development and Therapeutics,in,en,
de-vlaamse-gids.be,homepage_unreachable,remainder,Q13571435,be,,
deakin.edu.au,homepage_unreachable,remainder,Transnational Curriculum Inquiry,ca,en,
degruyter,homepage_unreachable,remainder,Journal of Veterinary Research,pl,en,
degruyter.com.view,homepage_unreachable,remainder,Environmental Protection and Natural Resources,pl,,
delameusealardenne.be,homepage_unreachable,remainder,Q3020398,be,fr,
delhinewsrecord.com,homepage_unreachable,remainder,The Delhi News-Record,ca,,
deltabroadcastingsystem.net,homepage_unreachable,remainder,DWXI-TV,ph,,
demetra.uerj.br,homepage_unreachable,remainder,"DEMETRA: Alimentação, Nutrição & Saúde",br,pt,
demmath.mini.pw.edu.pl,homepage_unreachable,remainder,Demonstratio Mathematica,pl,en,
deolhonoradio.com.br,homepage_unreachable,remainder,Mix FM Salvador,br,pt,
deportes.televisa.com,homepage_unreachable,remainder,XEX-AM,mx,,
deportv.gov.ar,homepage_unreachable,remainder,DeporTV,ar,,
depositori.pnm.gov.my,homepage_unreachable,remainder,Intellectual Discourse,my,en,
derbestemix.be,homepage_unreachable,remainder,Radio Contact,be,de,
derechoprivado.uniandes.edu.co,homepage_unreachable,remainder,Revista de Derecho Privado (Bogotá. 1986),co,es,
dergiler.ankara.edu.tr,homepage_unreachable,remainder,Ankara Universitesi Egitim Bilimleri Fakultesi Ozel Egitim Dergisi,tr,tr,
detskiymir.tv,homepage_unreachable,remainder,Detski Mir,ru,,
dfwb.njnews.cn,homepage_unreachable,remainder,Oriental Guardian,cn,zh,
dgmbc.com,homepage_unreachable,remainder,Daegu Munhwa Broadcasting Corporation,kr,,
diamondfm.co.zw,homepage_unreachable,remainder,Diamond FM,zw,,
diamondfm.ui.edu.ng,homepage_unreachable,remainder,Diamond 101.1 FM,ng,,
diarijornada.coop,homepage_unreachable,remainder,Jornada,es,,
diario16.com,homepage_unreachable,remainder,Diario 16,es,es,
diariocatarinense.clicrbs.com.br,homepage_unreachable,remainder,Diário Catarinense,br,pt,
diariodecuyo.com.ar,homepage_unreachable,remainder,Diario de Cuyo,ar,es,
diariodemorelia.mx,homepage_unreachable,remainder,Diario de Morelia,mx,es,
diarioeletronicooficial.com.br,homepage_unreachable,remainder,Q124978112,br,pt,
diarioelpueblo.com.pe,homepage_unreachable,remainder,El Pueblo,pe,es,
diarioimagenqroo.mx,homepage_unreachable,remainder,Diario Imagen,mx,es,
diariolalibertad.com,homepage_unreachable,remainder,La Libertad,co,es,
diarionorte.com,homepage_unreachable,remainder,Diario Norte,ar,es,
diariooficial.feiradesantana.ba.gov.br,homepage_unreachable,remainder,Q124914495,br,pt,
diariooficial.gurupi.to.gov.br,homepage_unreachable,remainder,Q124935090,br,pt,
diariooficial.palmas.to.gov.br,homepage_unreachable,remainder,Q124978081,br,pt,
diariooficial.pi.gov.br,homepage_unreachable,remainder,Q10267578,br,pt,
diarioperfil.pe,homepage_unreachable,remainder,El Perfil,pe,es,
diariored.canalred.tv,homepage_unreachable,remainder,Diario.RED,es,es,
didacticahumanidadesyciencias.com,homepage_unreachable,remainder,Revista Internacional de Investigación e Innovación en Didáctica de las Humanidades y las Ciencias,es,gl,
diego993.com,homepage_unreachable,remainder,XHOCL-FM,mx,es,
dietagespresse.com,homepage_unreachable,remainder,Die Tagespresse,at,de,
difusorabage.com.br,homepage_unreachable,remainder,Rádio Difusora (Bagé),br,pt,
difusoraon.com,homepage_unreachable,remainder,Q48855540,br,,
digisbs.com,homepage_unreachable,remainder,Shizuoka Broadcasting System,jp,,
digitalradiogaga.com.au,homepage_unreachable,remainder,Radio Gaga,au,en,
diocesi.parma.it,homepage_unreachable,remainder,Vita Nuova,it,it,
dirajournal.com,homepage_unreachable,remainder,Darpan International Research Analysis,in,en,
direitopublico.idp.edu.br,homepage_unreachable,remainder,Direito Público,br,pt,
discoverychannelasia.com,homepage_unreachable,remainder,DMAX,sg,,
discuss.wmie.uz.zgora.pl,homepage_unreachable,remainder,Discussiones Mathematicae. Graph Theory,pl,en,
divaonline.com.pk,homepage_unreachable,remainder,Diva Magazine,pk,,
divastv.tv,homepage_unreachable,remainder,Q108569026,uy,,
dlaciebie.tv,homepage_unreachable,remainder,DlaCiebie.tv,pl,,
dmb.imbc.com,homepage_unreachable,remainder,Channel M (Korea),kr,,
dmp.umed,homepage_unreachable,remainder,Dental and Medical Problems,pl,,
doaj.org,homepage_unreachable,remainder,International Journal of Education Policy and Leadership,ca,en,
dobre.radio,homepage_unreachable,remainder,Q102309060,pl,,
doc.rero.ch,homepage_unreachable,remainder,Revue historique neuchâteloise,ch,fr,
docidadesp.imprensaoficial.com.br,homepage_unreachable,remainder,Q124978094,br,pt,
doe.aparecida.go.gov.br,homepage_unreachable,remainder,Q124989530,br,pt,
doe.caldasnovas.go.gov.br,homepage_unreachable,remainder,Q124989655,br,pt,
doem.org.br,homepage_unreachable,remainder,Q124935323,br,pt,
doiserbia.nbs.bg.ac.rs,homepage_unreachable,remainder,Nuclear Technology and Radiation Protection,rs,en,
doiserbia.nbs.bg.ac.yu,homepage_unreachable,remainder,Journal of the Serbian Chemical Society,rs,en,
dom.bacabalma.com.br,homepage_unreachable,remainder,Q124989586,br,pt,
dominionpaper.ca,homepage_unreachable,remainder,The Dominion,ca,,
dorfzeitung.com,homepage_unreachable,remainder,Q139569790,at,,
drb.ie,homepage_unreachable,remainder,Dublin Review of Books,ie,,
drna.di.univr.it,homepage_unreachable,remainder,Dolomites Research Notes on Approximation,it,en,
dshopping.com.tr,homepage_unreachable,remainder,D Shopping,tr,tr,
dspace.palermo.edu,homepage_unreachable,remainder,Psicodebate,ar,es,
dspace.unav.es,homepage_unreachable,remainder,Memoria y Civilización: Anuario de Historia,es,es,
dssg.unifi.it,homepage_unreachable,remainder,Annali di Storia di Firenze,it,it,
dtcfdergisi.ankara.edu.tr,homepage_unreachable,remainder,Ankara Üniversitesi Dil ve Tarih-Coğrafya Fakültesi Dergisi,tr,tr,
dumaguetebairadio.com,homepage_unreachable,remainder,DYEM,ph,,
dunyatv.com.tr,homepage_unreachable,remainder,Dünya TV,tr,tr,
durango.lazradio.com.mx,homepage_unreachable,remainder,XHRPU-FM,mx,,
dwad1098.com,homepage_unreachable,remainder,DWAD-AM,ph,,
dwfx-fm.com,homepage_unreachable,remainder,DWFX,ph,,
dwiz882am.com,homepage_unreachable,remainder,DWIZ-AM,ph,,
dxol.webs.com,homepage_unreachable,remainder,DXOL,ph,,
dywc801.com,homepage_unreachable,remainder,DYWC-AM,ph,,
dzairnews.net,homepage_unreachable,remainder,Dzaïr News,dz,,
dzb.cien.com.cn,homepage_unreachable,remainder,China Industrial Economy News,cn,zh,
dzme-1530.com,homepage_unreachable,remainder,DZME,ph,,
dzrh.tripod.com,homepage_unreachable,remainder,DZRH-TV,ph,,
dzrjtv.com,homepage_unreachable,remainder,DYNJ-TV,ph,,
e-dergi.marmara.edu.tr,homepage_unreachable,remainder,Öneri,tr,tr,
e-eht.org,homepage_unreachable,remainder,Enzyme research,kr,en,
e-emm.or.kr,homepage_unreachable,remainder,Experimental and Molecular Medicine,kr,en,
e-emm.org,homepage_unreachable,remainder,Experimental and Molecular Medicine,kr,en,
e-journal.um.edu.my,homepage_unreachable,remainder,Journal of Al-Tamaddun,my,ar,
e-migration.ro,homepage_unreachable,remainder,Journal of Identity and Migration Studies,ro,en,
e-neuro.it,homepage_unreachable,remainder,Rivista elettronica di neuroscienze,it,it,
e-publicacoes.uerj.br,homepage_unreachable,remainder,Q17988401,br,pt,
e-revistes.uji.es,homepage_unreachable,remainder,Potestas. Estudios del Mundo Clásico e Historia del Arte,es,en,
e-scripta.uni.lodz.pl,homepage_unreachable,remainder,e-Scripta Romanica,pl,fr,
e-shaw.org,homepage_unreachable,remainder,Safety and health at work,kr,en,
e-thessalia.gr,homepage_unreachable,remainder,Thessalia,gr,el,
e.titan24.com,homepage_unreachable,remainder,Titan Sports,cn,zh,
eademfoco.cecierj.edu.br,homepage_unreachable,remainder,EAD em FOCO,br,pt,
eafit.edu.co,homepage_unreachable,remainder,AD-minister,co,es,
eaglebroadcasting.net,homepage_unreachable,remainder,DZEL,ph,,
easternherald.com,homepage_unreachable,remainder,The Eastern Herald,in,en,
eastfm.ca,homepage_unreachable,remainder,CJRK-FM,ca,,
easyrockdavao.com,homepage_unreachable,remainder,DXYS,ph,,
ecfm.ca,homepage_unreachable,remainder,CKEC-FM,ca,,
echonews.com.au,homepage_unreachable,remainder,Lismore Echo,au,,
echoplodu.fetalecho.pl,homepage_unreachable,remainder,Prenatal Cardiology,pl,pl,
ecmjournal.org,homepage_unreachable,remainder,European Cells and Materials,ch,en,
ecoedulaw.ru,homepage_unreachable,remainder,"Èkonomika, Pedagogika i Pravo",ru,ru,
ecologistasenaccion.org,homepage_unreachable,remainder,El Ecologista,es,es,
ecology.dp.ua,homepage_unreachable,remainder,"Vìsnik Dnìpropetrovsʹkogo Unìversitetu: Serìâ Bìologìâ, Ekologìâ",ua,uk,
econstor.eu,homepage_unreachable,remainder,Business Research,ch,en,
econtent.hogrefe.com,homepage_unreachable,remainder,Swiss Journal of Psychology,ch,en,
ecos.cdi.gob.mx,homepage_unreachable,remainder,XEQIN-AM,mx,,
editorial.upgto.edu.mx,homepage_unreachable,remainder,UPGTO,mx,es,
editorialaglaya.com,homepage_unreachable,remainder,Cartagena Histórica,es,es,
editorialpolar.com,homepage_unreachable,remainder,Q15696605,ar,es,
editorialtecnologica.tec.ac.cr,homepage_unreachable,remainder,Tecnología en Marcha,cr,es,
edizionicf.unive.it,homepage_unreachable,remainder,MDCCC 1800,it,it,
edizionistudium.it,homepage_unreachable,remainder,Studium,it,it,
edumag.mrsu.ru,homepage_unreachable,remainder,Integraciâ Obrazovaniâ,ru,ru,
eduscience.hu,homepage_unreachable,remainder,Practice and Theory in Systems of Education,hu,en,
eduwebtv.moe.edu.my,homepage_unreachable,remainder,TV Pendidikan,my,,
edziennik.gddkia.gov.pl,homepage_unreachable,remainder,Official Journal of General Directorate for National Roads and Highways,pl,pl,
eefb.ucr.ac.cr,homepage_unreachable,remainder,"Agronomia mesoamericana : organo divulgativo del PCCMCA, Programa Cooperativo Centroamericano de Mejoramiento de Cultivos y Animales",cr,es,
egw.com.br,homepage_unreachable,remainder,Q10273115,br,pt,
eh.wuwr.pl,homepage_unreachable,remainder,Estudios Hispánicos,pl,es,
ehnewspaper.ca,homepage_unreachable,remainder,The Griffins' Nest,ca,,
einj.or.kr,homepage_unreachable,remainder,International neurourology journal,kr,en,
ejabf.journals.ekb.eg,homepage_unreachable,remainder,Egyptian Journal of Aquatic Biology and Fisheries,eg,en,
ejcsit.uniten.edu.my,homepage_unreachable,remainder,Electronic Journal of Computer Science and Information Technology,my,en,
ejge.org,homepage_unreachable,remainder,European Journal of Government and Economics,es,en,
ejhs.ju.edu.et,homepage_unreachable,remainder,Ethiopian journal of health sciences,et,en,
ejls.eu,homepage_unreachable,remainder,European Journal of Legal Studies,it,en,
ejns.edu.eg,homepage_unreachable,remainder,Egyptian Journal of Neurosurgery,eg,en,
ejournal.unam.mx,homepage_unreachable,remainder,Revista Mexicana de Biodiversidad,mx,,
ejournal6.com,homepage_unreachable,remainder,Voennyi Sbornik,ru,,
ejournals.library.ualberta.ca,homepage_unreachable,remainder,Canadian Studies in Population,ca,en,
ejpae.com,homepage_unreachable,remainder,European Journal of Philosophy in Arts Education,se,en,
ekaitza.org,homepage_unreachable,remainder,Q3049568,es,fr,
elama.perussanoma.fi,homepage_unreachable,remainder,Q11857708,fi,fi,
elancasti.com.ar,homepage_unreachable,remainder,El Ancasti,ar,,
elargentino.com,homepage_unreachable,remainder,Newsweek Argentina,ar,,
elbaker.cl,homepage_unreachable,remainder,El Baker,cl,,
elconfidencialdigital.com,homepage_unreachable,remainder,Confidencial Digital,es,es,
elcorreoweb.es,homepage_unreachable,remainder,El Correo de Andalucía,es,es,
elcostureromagazine.com,homepage_unreachable,remainder,El Costurero,es,es,
eldebate.com.ar,homepage_unreachable,remainder,El Debate,ar,es,
eldesconcierto.cl,homepage_unreachable,remainder,El Desconcierto,cl,es,
eldiario.net,homepage_unreachable,remainder,El Diario,bo,es,
elib.mi.sanu.ac.rs,homepage_unreachable,remainder,The Teaching of Mathematics,rs,en,
elimpulso.com,homepage_unreachable,remainder,El Impulso,ve,es,
elle.ru,homepage_unreachable,remainder,Elle Russia,ru,ru,
elmostrador.tv,homepage_unreachable,remainder,Q17629870,cl,,
elmundo.com.ve,homepage_unreachable,remainder,El Mundo,ve,,
elnuevopais.net,homepage_unreachable,remainder,El Nuevo País,ve,es,
elperuano.com.pe,homepage_unreachable,remainder,El Peruano,pe,es,
elperuano.tsi.com.pe,homepage_unreachable,remainder,El Peruano,pe,es,
elsevier.es,homepage_unreachable,remainder,Infectio,co,es,
elshaab.org,homepage_unreachable,remainder,Al Shaab,eg,ar,
elsiglodetorreon.com.mx,homepage_unreachable,remainder,El Siglo de Torreón,mx,es,
elsoldelbajio.com.mx,homepage_unreachable,remainder,El Sol del Bajio,mx,es,
emerald.com,homepage_unreachable,remainder,Mental Illness,it,en,
emeraldinsight.com,homepage_unreachable,remainder,Innovation & Management Review,br,en,
emis.ams.org,homepage_unreachable,remainder,Matematicki Vesnik,rs,,
emisoraciudaddemontevideo.com.uy,homepage_unreachable,remainder,CX 42 Emisora Ciudad de Montevideo,uy,,
en-journal.org,homepage_unreachable,remainder,Experimental neurobiology,kr,en,
en.farsnews.com,homepage_unreachable,remainder,Fars News Agency,ir,,
en.newspaper.albaathmedia.sy,homepage_unreachable,remainder,Al-Baʻth,sy,ar,
en.revistaautismo.com.br,homepage_unreachable,remainder,Revista Autismo,br,pt,
endo.dentalpresspub.com,homepage_unreachable,remainder,Dental Press Endodontics,br,,
enec.ro,homepage_unreachable,remainder,Hyperion International Journal of Econophysics & New Economy,ro,en,
energy997.ca,homepage_unreachable,remainder,CKPT-FM,ca,,
energyfm1067.com,homepage_unreachable,remainder,DWET-FM,ph,,
energyfm947.com,homepage_unreachable,remainder,DYKT,ph,,
enginsci.cn,homepage_unreachable,remainder,"Engineering (Beijing, China)",cn,en,
engtechjournal.org,homepage_unreachable,remainder,Engineering and Technology Journal,iq,ar,
enkare.org,homepage_unreachable,remainder,Enkare Review,ke,en,
enlacebpb.cl,homepage_unreachable,remainder,Q5832871,cl,,
ennrjournal.com,homepage_unreachable,remainder,Environment and Natural Resources Journal,th,,
entertainment.xin.msn.com,homepage_unreachable,remainder,MediaCorp Channel 5,sg,en,
entomobrasilis.org,homepage_unreachable,remainder,EntomoBrasilis,br,pt,
entomologi.no,homepage_unreachable,remainder,Norwegian Journal of Entomology,no,en,
entomologiajournal.org,homepage_unreachable,remainder,Entomologia,it,,
entrepalavras.ufc.br,homepage_unreachable,remainder,Entrepalavras: Revista de Linguística do Departamento de Letras Vernáculas da Universidade Federal do Ceará,br,pt,
environ.ses.us.edu.pl,homepage_unreachable,remainder,Environmental & Socio-economic Studies,pl,en,
enyinba.com,homepage_unreachable,remainder,"94.3 – Enyimba FM, Aba",ng,,
epaper.appenzeller-volksfreund.ch,homepage_unreachable,remainder,Q125869787,ch,,
epaper.bbtnews.com.cn,homepage_unreachable,remainder,Beijing Business Today,cn,zh,
epaper.csstoday.net,homepage_unreachable,remainder,Chinese Social Sciences Today,cn,,
epaper.jwb.com.cn,homepage_unreachable,remainder,Jin Wan Bao,cn,zh,
epaper.lematindimanche.ch,homepage_unreachable,remainder,Le Matin Dimanche,ch,fr,
epaper.prameyanews.com,homepage_unreachable,remainder,Prameya,in,,
epaper.rashtriyahindimail.in,homepage_unreachable,remainder,Rashtriya Hindi Mail,in,hi,
epm.fem.sumdu.edu.ua,homepage_unreachable,remainder,Economic Processes Management,ua,en,
epress.lib.uts.edu.au,homepage_unreachable,remainder,Commonwealth Journal of Local Governance,au,en,
epri.sci.eg,homepage_unreachable,remainder,Egyptian Journal of Petroleum,eg,en,
eprints.lib.hokudai.ac.jp,homepage_unreachable,remainder,Journal of the Faculty of Agriculture of the Hokaido University,jp,en,
epublications.bond.edu.au,homepage_unreachable,remainder,Spreadsheets in Education,au,en,
equilibrium.umk.pl,homepage_unreachable,remainder,Equilibrium. Quarterly Journal of Economics and Economic Policy,pl,en,
er.uqam.ca,homepage_unreachable,remainder,Les Cahiers des dix,ca,fr,
erembusiness.com,homepage_unreachable,remainder,Erem Business,ae,ar,
erevistas.csic.es,homepage_unreachable,remainder,Íconos,ec,es,
err.eg.net,homepage_unreachable,remainder,Egyptian Rheumatology and Rehabilitation,in,en,
esanchar.co.in,homepage_unreachable,remainder,Sanchar,in,mr,
escripta.uas.edu.mx,homepage_unreachable,remainder,Q116187796,mx,es,
escritadahistoria.com,homepage_unreachable,remainder,Q130325190,br,pt,
esculapio.pk,homepage_unreachable,remainder,Esculapio,pk,en,
esim.eg.net,homepage_unreachable,remainder,The Egyptian journal of internal medicine,in,en,
espacestemps.net,homepage_unreachable,remainder,EspacesTemps.net,ch,fr,
espaciotiempoyeducacion.com,homepage_unreachable,remainder,"Espacio, Tiempo y Educación",es,it,
espanadiario.es,homepage_unreachable,remainder,España Diario,es,es,
espectador.com,homepage_unreachable,remainder,El Espectador (radio),uy,,
espn.com.br,homepage_unreachable,remainder,Q3046147,br,pt,
espn.in,homepage_unreachable,remainder,Sony ESPN,in,,
espn620am.com,homepage_unreachable,remainder,XESS-AM,mx,,
essor-rbe.ca,homepage_unreachable,remainder,Thrive,ca,en,
estereohuatulco.fm,homepage_unreachable,remainder,XHUAT-FM,mx,,
estudios-online.org,homepage_unreachable,remainder,Q56338197,pl,en,
estudiosdeasiayafrica.colmex.mx,homepage_unreachable,remainder,Estudios de Asia y África,mx,es,
estudiosdegenero.colmex.mx,homepage_unreachable,remainder,Revista Interdisciplinaria de Estudios de Género de El Colegio de México,mx,es,
estudiosdemograficosyurbanos.colmex.mx,homepage_unreachable,remainder,Estudios Demográficos y Urbanos,mx,es,
estudioseconomicos.colmex.mx,homepage_unreachable,remainder,Estudios Económicos,mx,es,
estudioseconomicos.uns.edu.ar,homepage_unreachable,remainder,Estudios Económicos,ar,es,
estudiossociologicos.colmex.mx,homepage_unreachable,remainder,Estudios Sociológicos,mx,es,
estudishistoriaagraria.ub.edu,homepage_unreachable,remainder,Estudis d història agrària,es,,
etc.cl,homepage_unreachable,remainder,Etc...TV,cl,,
etc.se,homepage_unreachable,remainder,Q1276079,se,sv,
ethora.com.br,homepage_unreachable,remainder,Q10277792,br,pt,
ettv.net.tw,homepage_unreachable,remainder,Eastern Broadcasting Company,tw,zh,
etvghana.com,homepage_unreachable,remainder,E.tv Ghana,gh,,
euclidesdacunha-ba.pgbrasil.org,homepage_unreachable,remainder,Q124914485,br,,
eunatvc.com.br,homepage_unreachable,remainder,TV Concórdia,br,pt,
euppublishing.com,homepage_unreachable,remainder,International Review of Scottish Studies,ca,en,
europaplusfm.ru,homepage_unreachable,remainder,Europa Plus,ru,ru,
europeanvibe.com,homepage_unreachable,remainder,European Vibe Magazine,es,en,
evenkya.ru,homepage_unreachable,remainder,Q4529628,ru,ru,
everant.org,homepage_unreachable,remainder,Engineering and Technology Journal,in,en,
eviathema.eu,homepage_unreachable,remainder,Eviathema.gr,gr,,
eviathema.info,homepage_unreachable,remainder,Eviathema.gr,gr,,
eviathema.news,homepage_unreachable,remainder,Eviathema.gr,gr,,
eviathema.online,homepage_unreachable,remainder,Eviathema.gr,gr,,
eviathema.world,homepage_unreachable,remainder,Eviathema.gr,gr,,
eviathema.ελ,homepage_unreachable,remainder,Eviathema.gr,gr,,
exell.ff.untz.ba,homepage_unreachable,remainder,ExELL (Explorations in English Language and Linguistics),pl,en,
exetertoday.ca,homepage_unreachable,remainder,CKXM-FM,ca,,
exit-poesie.com,homepage_unreachable,remainder,Exit,ca,fr,
exitos913.com,homepage_unreachable,remainder,XHMLS-FM,mx,,
experimentalneurobiology.org,homepage_unreachable,remainder,Experimental neurobiology,kr,en,
extremaduratv.canalextremadura.es,homepage_unreachable,remainder,Extremadura TV,es,es,
faajiradio.fm,homepage_unreachable,remainder,Faaji FM,ng,,
fabsmag.com,homepage_unreachable,remainder,Fab,ca,,
facetv.co.nz,homepage_unreachable,remainder,Face TV,nz,,
fajar.tv,homepage_unreachable,remainder,Q12482724,id,,
family.ca,homepage_unreachable,remainder,Family Channel,ca,,
familyjr.ca,homepage_unreachable,remainder,Family Jr.,ca,,
farmand.com,homepage_unreachable,remainder,Farmand,no,,
farroupilha.clicrbs.com.br,homepage_unreachable,remainder,Rádio Farroupilha,br,pt,
fashionmagazine.com,homepage_unreachable,remainder,Fashion,ca,en,
fastweb.tv,homepage_unreachable,remainder,TV di Fastweb,it,,
fawan.com,homepage_unreachable,remainder,Fazhi Wanbao,cn,,
fckarpaty.lviv.ua,homepage_unreachable,remainder,Q12108784,ua,uk,
federscacchi.com,homepage_unreachable,remainder,Scacchitalia,it,it,
feg.unesp.br,homepage_unreachable,remainder,International Journal of High Dilution Research,br,en,
femernbusiness.com,homepage_unreachable,remainder,FehmarnBusiness,dk,,
feminismos.neim.ufba.br,homepage_unreachable,remainder,Revista Feminismos,br,pt,
feministisktperspektiv.se,homepage_unreachable,remainder,Q10494602,se,sv,
ffha.unsj.edu.ar,homepage_unreachable,remainder,Memoria Europae,ar,es,
ffwdweekly.com,homepage_unreachable,remainder,Fast Forward Weekly,ca,,
fhc.amb.edu.pl,homepage_unreachable,remainder,Folia Histochemica et Cytobiologica,pl,en,
fibracattv.cat,homepage_unreachable,remainder,Fibracat TV,es,,
fightnetwork.com,homepage_unreachable,remainder,Fight Network,ca,,
fiji.gov.fj,homepage_unreachable,remainder,Fiji Focus,fj,en,
firstsearch.oclc.org,homepage_unreachable,remainder,Mountain Research and Development,ch,en,
firsttv.tn,homepage_unreachable,remainder,First TV,tn,,
fitnessresearch.edu.au,homepage_unreachable,remainder,Journal of Fitness Research,au,en,
fitosanidad.cu,homepage_unreachable,remainder,Fitosanidad,cu,es,
fitzhugh.ca,homepage_unreachable,remainder,The Fitzhugh,ca,,
fizika.hfd.hr,homepage_unreachable,remainder,Fizika A (Zagreb),hr,en,
fiztv.com.br,homepage_unreachable,remainder,FizTV,br,pt,
fjorton.tv,homepage_unreachable,remainder,Fjorton,se,,
flacso.edu.ec,homepage_unreachable,remainder,Íconos,ec,es,
flacso.org.ec,homepage_unreachable,remainder,Urvio,ec,es,
flaixbac.cat,homepage_unreachable,remainder,Flaixbac,es,,
flaixfm.cat,homepage_unreachable,remainder,Flaix FM,es,,
flaixtv.cat,homepage_unreachable,remainder,Q8961753,es,,
flash.lakeheadu.ca,homepage_unreachable,remainder,Alces,ca,en,
flava1079fm.com,homepage_unreachable,remainder,CJWV-FM,ca,,
florabase.dec.wa.gov.au,homepage_unreachable,remainder,Nuytsia,au,en,
flow949fm.com,homepage_unreachable,remainder,"94.9 – Flo FM, Umuahia",ng,,
fm-tokamachi.com,homepage_unreachable,remainder,Q11290568,jp,,
fm-zenkouji.co.jp,homepage_unreachable,remainder,Nagano Community Broadcasting,jp,ja,
fm5.at,homepage_unreachable,remainder,Q1411134,at,de,
fm94.rj.gov.br,homepage_unreachable,remainder,Rádio Roquette-Pinto (1934-2003),br,pt,
fm974.rbc.cn,homepage_unreachable,remainder,Beijing Yinyue Tai,cn,zh,
fmcristal.com.br,homepage_unreachable,remainder,Q10279065,br,pt,
fmdelamontana.com.ar,homepage_unreachable,remainder,FM de la Montaña,ar,,
fmgunma.com,homepage_unreachable,remainder,FM Gunma,jp,,
fmhamstar.wixsite.com,homepage_unreachable,remainder,FM Ham-star,jp,,
fmimizu.com,homepage_unreachable,remainder,Q11290547,jp,,
fmlideranca909.com.br,homepage_unreachable,remainder,Q10366079,br,pt,
fmnagano.co.jp,homepage_unreachable,remainder,Nagano FM Broadcasting,jp,ja,
fmnobeoka.jp,homepage_unreachable,remainder,Q17219974,jp,ja,
fmport.com,homepage_unreachable,remainder,Niigata Kenmin FM Broadcast,jp,ja,
fmshonan783.co.jp,homepage_unreachable,remainder,Shonan Hiratsuka Community Radio,jp,ja,
fmtaro.co.jp,homepage_unreachable,remainder,Q11261294,jp,ja,
focusnewsroom.com,homepage_unreachable,remainder,Focus FM,gh,en,
folketsnyheter.se,homepage_unreachable,remainder,Q10497372,se,sv,
fonstret.se,homepage_unreachable,remainder,Q10501079,se,sv,
footballua.tv,homepage_unreachable,remainder,Football 1,ua,,
forointernacional.colmex.mx,homepage_unreachable,remainder,Foro internacional,mx,es,
fortsaskonline.com,homepage_unreachable,remainder,CKFT,ca,,
forumclinicaloncology.org,homepage_unreachable,remainder,Forum of clinical oncology,pl,en,
foxarabia.com,homepage_unreachable,remainder,Q124785143,ae,ar,
foxlife.it,homepage_unreachable,remainder,Fox Life,it,it,
foxsports.com.ar,homepage_unreachable,remainder,Fox Sports 3,ar,,
foxsports.com.co,homepage_unreachable,remainder,Fox Sports Colombia,co,,
foxsports.it,homepage_unreachable,remainder,Fox Sports,it,it,
foxsportsasia.com,homepage_unreachable,remainder,Fox Sports Asia,hk,,
foxtelmovies.com.au,homepage_unreachable,remainder,Foxtel Movies,au,,
fpbahasa.ukm.my,homepage_unreachable,remainder,Gema Online Journal of Language Studies,my,en,
fppc.com.tr,homepage_unreachable,remainder,Family Practice and Palliative Care,tr,tr,
fr.chatelaine.com,homepage_unreachable,remainder,châtelaine,ca,fr,
fr.newspaper.albaathmedia.sy,homepage_unreachable,remainder,Al-Baʻth,sy,ar,
fraza.univ.rzeszow.pl,homepage_unreachable,remainder,Fraza,pl,pl,
free981.com,homepage_unreachable,remainder,CKLO-FM,ca,,
fremantleherald.com,homepage_unreachable,remainder,Fremantle Herald,au,,
frenchwam.com,homepage_unreachable,remainder,Emirates News Agency,ae,,
fresh927.com.au,homepage_unreachable,remainder,Fresh 92.7,au,,
freshfonts.io,homepage_unreachable,remainder,Fresh Fonts,ch,,
frissmeleg.hu,homepage_unreachable,remainder,Q117035313,hu,hu,
fujitv.com,homepage_unreachable,remainder,Fuji Television,jp,,
funcas.es,homepage_unreachable,remainder,Papeles de economía española,es,es,
funny1060.com,homepage_unreachable,remainder,CFVP,ca,,
funscreen.tfai.org.tw,homepage_unreachable,remainder,Funscreen Weekly,tw,zh,
fupress.net,homepage_unreachable,remainder,Phytopathologia Mediterranea,it,en,
fusemagazine.org,homepage_unreachable,remainder,Fuse,ca,,
fusion.com.pe,homepage_unreachable,remainder,Fusion Gourmet,pe,,
futvcr.com,homepage_unreachable,remainder,FUTV,cr,,
fuw.ch,homepage_unreachable,remainder,Finanz und Wirtschaft,ch,de,
galatvchihuahua.tv,homepage_unreachable,remainder,XHAUC-TDT,mx,,
gallica.bnf.fr,homepage_unreachable,remainder,Le Révolté,ch,fr,
gallicaintramuros.bnf.fr,homepage_unreachable,remainder,Ech-Chaab,dz,ar,
gamesvillage.it,homepage_unreachable,remainder,Giochi per il mio computer,it,it,
gangway.net,homepage_unreachable,remainder,Gangway,au,en,
garadvest.by,homepage_unreachable,remainder,Q96432612,by,ru,
garage-tv.es,homepage_unreachable,remainder,El Garage TV,ar,es,
gardencity899fm.com,homepage_unreachable,remainder,Garden City Radio 89.9,ng,,
gazaalan.net,homepage_unreachable,remainder,Gaza Now News Network,ps,,
gazetaam.com.br,homepage_unreachable,remainder,Q10365817,br,pt,
gazetadosul.com.br,homepage_unreachable,remainder,Gazeta Do Sul,br,pt,
gazetafm.com.br,homepage_unreachable,remainder,Gazeta FM,br,pt,
gcn.ie,homepage_unreachable,remainder,Gay Community News,ie,en,
gcrfm.co.za,homepage_unreachable,remainder,Giyani Community Radio,za,,
ge-fao.ch,homepage_unreachable,remainder,Q3070990,ch,,
gemradio.com.mx,homepage_unreachable,remainder,XHLPZ-FM,mx,,
geniostv.com,homepage_unreachable,remainder,Q5877125,pe,,
genius.co.at,homepage_unreachable,remainder,Genius Lesestücke,at,de,
geom-center.onaft.edu.ua,homepage_unreachable,remainder,Pracì Mìžnarodnogo Geometričnogo Centru,ua,uk,
geomedia.hu,homepage_unreachable,remainder,Szabad Föld,hu,hu,
geometry-center.com,homepage_unreachable,remainder,Pracì Mìžnarodnogo Geometričnogo Centru,ua,,
ges.jvolsu.com,homepage_unreachable,remainder,"Vestnik Volgogradskogo Gosudarstvennogo Universiteta. Seriâ 3, Èkonomika,Èkologiâ",ru,ru,
geschichtedergegenwart.ch,homepage_unreachable,remainder,Geschichte der Gegenwart,ch,de,
gi-intervention.org,homepage_unreachable,remainder,Gastrointestinal Intervention,kr,en,
gigapp.org,homepage_unreachable,remainder,GIGAPP Estudios Working Papers,es,,
gio.gov.tw,homepage_unreachable,remainder,Taiwan Review,tw,de,
giornalediendodonzia.it,homepage_unreachable,remainder,Giornale italiano di endodonzia,it,it,
gisdv.fentu.ru,homepage_unreachable,remainder,Humanitarian researches,ru,ru,
giureta.unipa.it,homepage_unreachable,remainder,"Rivista di Diritto dell'Economia, dei Trasporti e dell'Ambiente",it,it,
gjat.my,homepage_unreachable,remainder,Global Journal Al-Thaqafah,my,,
glasnik.hu,homepage_unreachable,remainder,Q1056099,hu,hr,
globalafricasciences.org,homepage_unreachable,remainder,Global Africa,sn,en,
globalbuddhism.org,homepage_unreachable,remainder,Journal of Global Buddhism,ch,en,
globalpeople.com.cn,homepage_unreachable,remainder,Global People,cn,zh,
globaltv65.com,homepage_unreachable,remainder,Global TV,ve,,
globofm.globoradio.globo.com,homepage_unreachable,remainder,Q10290140,br,,
glogow.radioplus.pl,homepage_unreachable,remainder,Radio Plus Głogów,pl,pl,
glueckspost.ch,homepage_unreachable,remainder,Glückspost,ch,,
gnarus.org,homepage_unreachable,remainder,Gnarus,br,,
goaprism.com,homepage_unreachable,remainder,Goa Prism,in,en,
gobcan.es,homepage_unreachable,remainder,Boletín Oficial de Canarias,es,es,
golden.myezrock.com,homepage_unreachable,remainder,CKGR-FM,ca,,
goldfmtagum.webs.com,homepage_unreachable,remainder,Q15221809,ph,,
gonline.uol.com.br,homepage_unreachable,remainder,G Magazine,br,pt,
goodtv.tv,homepage_unreachable,remainder,GOOD TV,tw,,
gornictwoigeologia.pwr.wroc.pl,homepage_unreachable,remainder,Mining Science,pl,pl,
gp.viamedica.pl,homepage_unreachable,remainder,Q11699715,pl,pl,
gq.ru,homepage_unreachable,remainder,GQ Russia,ru,ru,
gradiomex.com,homepage_unreachable,remainder,XEPZ-AM,mx,es,
grain-feed.onaft.edu.ua,homepage_unreachable,remainder,Zernovì Produkti ì Kombìkorma,ua,uk,
grain-mixedfodders.com,homepage_unreachable,remainder,Zernovì Produkti ì Kombìkorma,ua,,
gramenet.cat,homepage_unreachable,remainder,L'Ajuntament informa,es,es,
granblue.party,homepage_unreachable,remainder,Party Builder,au,en,
gree.uqam.ca,homepage_unreachable,remainder,Éthique en éducation et en formation : les dossiers du GREE,ca,fr,
grenz-echo.be,homepage_unreachable,remainder,Grenz-Echo,be,de,
grid.uns.ac.rs,homepage_unreachable,remainder,Journal of Graphic Engineering and Design,rs,en,
grimdarkmagazine.com,homepage_unreachable,remainder,Grimdark Magazine,au,en,
groove.com.au,homepage_unreachable,remainder,Groove 101.7,au,en,
groupelareference.afrikart.net,homepage_unreachable,remainder,La Référence Plus,cd,fr,
groupenicolas.lu,homepage_unreachable,remainder,Privat,lu,de,
grouprmo.ca,homepage_unreachable,remainder,CHHU-FM,ca,,
groups.google.com,homepage_unreachable,remainder,Q20035244,pl,,
grozny.fm,homepage_unreachable,remainder,Q97660128,ru,,
grozrab.org,homepage_unreachable,remainder,Groznensky Rabochy,ru,ru,
grupodepesquisafilosofiacienciaetecnologiasifpr.com,homepage_unreachable,remainder,IF-Sophia,br,pt,
gruporbp.com.br,homepage_unreachable,remainder,Q10365594,br,pt,
gryfice.radioplus.pl,homepage_unreachable,remainder,Radio Plus Gryfice,pl,pl,
gtg.uoardea.ro,homepage_unreachable,remainder,GeoJournal of Tourism and Geosites,ro,en,
gtv.com.tw,homepage_unreachable,remainder,Gala Television,tw,zh,
guaruja.sp.gov.br,homepage_unreachable,remainder,Q124935087,br,pt,
gundemhaberim.com,homepage_unreachable,remainder,gundemhaberim.com,tr,tr,
gutnliver.org,homepage_unreachable,remainder,Gut and liver,kr,en,
gva.be,homepage_unreachable,remainder,Gazet van Antwerpen,be,nl,
gyqx.ac.cn,homepage_unreachable,remainder,Plateau Meteorology,cn,en,
gzr.zr.ru,homepage_unreachable,remainder,Behind the wheel,ru,ru,
hackxcrack.net,homepage_unreachable,remainder,Q21811375,es,es,
haiwainet.cn,homepage_unreachable,remainder,People's Daily,cn,zh,
hakkatv.org.tw,homepage_unreachable,remainder,Hakka TV,tw,zh,
hal-zoria.io.ua,homepage_unreachable,remainder,Q12094057,ua,uk,
halo.radio,homepage_unreachable,remainder,Q81919765,pl,,
happyfmkoronadal.webs.com,homepage_unreachable,remainder,DXOM,ph,,
harjournal.com,homepage_unreachable,remainder,Hungarian Assyriological Review,hu,en,
hbo-br.tv,homepage_unreachable,remainder,HBO Brasil,br,,
hbtv.com.cn,homepage_unreachable,remainder,Hubei Television,cn,zh,
hdki.hr,homepage_unreachable,remainder,Chemical and Biochemical Engineering Quarterly,ca,en,
he.mishpacha.com,homepage_unreachable,remainder,Mishpacha,il,en,
heartrhythmcasereports.com,homepage_unreachable,remainder,HeartRhythm case reports,nl,en,
hebdo.ch,homepage_unreachable,remainder,L'Hebdo,ch,fr,
hebdosregionaux.ca,homepage_unreachable,remainder,Le Courrier du Sud,ca,fr,
hej.hermes-history.net,homepage_unreachable,remainder,"Historical Encounters: A Journal of Historical Consciousness, Historical Cultures, and History Education",au,en,
hellenicjcardiol.com,homepage_unreachable,remainder,Hellenic journal of cardiology : HJC = Hellēnikē kardiologikē epitheōrēsē,gr,en,
hello.steelbananas.com,homepage_unreachable,remainder,Steel Bananas,ca,en,
hemeroteca.unad.edu.co,homepage_unreachable,remainder,Revista de Investigación Agraria y Ambiental,co,es,
herbariumbradeanum.com,homepage_unreachable,remainder,Bradea,br,pt,
heritageradiofmeket.com,homepage_unreachable,remainder,"Heritage FM 104.9 (Heritage Polytechnic, Eket)",ng,,
herodoto.unifesp.br,homepage_unreachable,remainder,Heródoto,br,en,
heuteonline.ch,homepage_unreachable,remainder,Heute,ch,de,
highendmagz.com,homepage_unreachable,remainder,HighEnd,id,en,
highendteen.com,homepage_unreachable,remainder,HighEnd Teen,id,en,
higieneanimal.ufc.br,homepage_unreachable,remainder,Revista Brasileira de Higiene e Sanidade Animal,br,pt,
hillfm.com.au,homepage_unreachable,remainder,2HIL,au,en,
himalayatv.com,homepage_unreachable,remainder,Himalaya TV,np,,
hipapr.com,homepage_unreachable,remainder,Hipapr,in,,
hiphopnation.org,homepage_unreachable,remainder,Hip Hop Nation,es,es,
hiptv.tv,homepage_unreachable,remainder,HipTV,ng,,
hirlap.ro,homepage_unreachable,remainder,Szatmári Magyar Hírlap,ro,hu,
hirondellenews.com,homepage_unreachable,remainder,Hirondelle News Agency,ch,,
hirurgiya.com.ua,homepage_unreachable,remainder,Klinichna khirurhiia,ua,en,
hispanianova.rediris.es,homepage_unreachable,remainder,Hispania Nova: revista de historia contemporanea,es,es,
histoirene.ch,homepage_unreachable,remainder,Revue historique neuchâteloise,ch,fr,
historeinonline.org,homepage_unreachable,remainder,Historein,gr,en,
historia.uff.br,homepage_unreachable,remainder,"Tempo (Rio de Janeiro, Brazil)",br,pt,
historiaabierta.org,homepage_unreachable,remainder,Historia 2.0,co,es,
historiamexicana.colmex.mx,homepage_unreachable,remainder,Historia Mexicana,mx,es,
historiaperspectivas.inhis.ufu.br,homepage_unreachable,remainder,Revista História & Perspectivas,br,pt,
historicalreview.org,homepage_unreachable,remainder,Historical Review,gr,en,
history-pages.kpi.ua,homepage_unreachable,remainder,Storìnki Istorìï,ua,ru,
history.jes.su,homepage_unreachable,remainder,Istoriya,ru,ru,
hit1009.com.au,homepage_unreachable,remainder,Sea FM,au,,
hit107.com.au,homepage_unreachable,remainder,SAFM,au,en,
hitfm.ru,homepage_unreachable,remainder,Hit FM,ru,ru,
hitradio.com.au,homepage_unreachable,remainder,Hit Radio 87.6,au,,
hiu.cn,homepage_unreachable,remainder,The Voice of Jingjinji,cn,zh,
hljradio.com,homepage_unreachable,remainder,Long Guang,cn,,
hminne.no,homepage_unreachable,remainder,Q85966219,no,no,
hmj.lums.ac.ir,homepage_unreachable,remainder,Herbal Medicines Journal,ir,en,
hnbb.gov.cn,homepage_unreachable,remainder,Hunan Broadcasting System,cn,zh,
hnow.tv,homepage_unreachable,remainder,H Now Entertainment,pk,,
hntv.tv,homepage_unreachable,remainder,Henan Satellite TV,cn,,
hobby.pl,homepage_unreachable,remainder,Q9302214,pl,pl,
hogartv.net,homepage_unreachable,remainder,Hogar TV,dz,,
holotipus.it,homepage_unreachable,remainder,Holotipus rivista di zoologia sistematica e tassonomia,it,it,
holyavenger.com.br,homepage_unreachable,remainder,Holy Avenger,br,pt,
home3.worldonline.es,homepage_unreachable,remainder,Revista de Climatología,es,es,
homeradio923.net,homepage_unreachable,remainder,DWQA,ph,,
homeradio987.net,homepage_unreachable,remainder,DXQM,ph,,
homeradiofm.net,homepage_unreachable,remainder,DXQR,ph,,
horizonfm.bf,homepage_unreachable,remainder,Horizon FM,bf,,
horizonte.cl,homepage_unreachable,remainder,Radio Horizonte,cl,,
horizontefm.pt,homepage_unreachable,remainder,Horizonte FM,pt,pt,
horriafm.org,homepage_unreachable,remainder,Horria FM,tn,,
hosct.org,homepage_unreachable,remainder,Hematology/oncology and stem cell therapy,nl,en,
hot1055fm.com,homepage_unreachable,remainder,CKQK-FM,ca,,
hotfm.ng,homepage_unreachable,remainder,Hot 98.3 FM Abuja,ng,,
hotfm.radyonatin.com,homepage_unreachable,remainder,Hot FM,ph,,
hototogisu.co.jp,homepage_unreachable,remainder,Hototogisu,jp,ja,
hour.ca,homepage_unreachable,remainder,Hour Community,ca,en,
hpsj.chd.ubc.ca,homepage_unreachable,remainder,Health Professional Student Journal,ca,en,
hsew.journals.ekb.eg,homepage_unreachable,remainder,Q135430539,eg,ar,
hssh.uottawa.ca,homepage_unreachable,remainder,Histoire sociale/Social History,ca,en,
htv.jp,homepage_unreachable,remainder,Hiroshima Telecasting,jp,ja,
huascotelevision.cl,homepage_unreachable,remainder,Q15845939,cl,,
hum.tv,homepage_unreachable,remainder,Hum TV,pk,,
hygeia.ig.ufu.br,homepage_unreachable,remainder,Hygeia : Revista Brasileira de Geografia Médica e da Saúde,br,pt,
hyper.com.au,homepage_unreachable,remainder,Hyper,au,en,
i102104.ie,homepage_unreachable,remainder,i102-104FM,ie,,
i105107.ie,homepage_unreachable,remainder,i105-107FM,ie,,
iaees.org,homepage_unreachable,remainder,Arthropods,hk,en,
iaeh.org,homepage_unreachable,remainder,Iranian journal of environmental health science & engineering,ir,en,
iahs.kaums.ac.ir,homepage_unreachable,remainder,International Archives of Health Sciences,in,en,
iaptd.com.br,homepage_unreachable,remainder,TV Plenitude,br,pt,
iar.agcm.it,homepage_unreachable,remainder,Italian Antitrust Review,it,it,
ibc.com.ph,homepage_unreachable,remainder,DYBQ,ph,,
icep.re.kr,homepage_unreachable,remainder,International Journal of Child Care and Education Policy,kr,en,
ichem.cl,homepage_unreachable,remainder,Revista Iberoamericana de Estudios Municipales,cl,es,
ichikawafm.co.jp,homepage_unreachable,remainder,Ichikawa FM,jp,ja,
icjournal.org,homepage_unreachable,remainder,Infection & chemotherapy,kr,,
icn.unal.edu.co,homepage_unreachable,remainder,Mutisia (Acta botanica Colombiana),co,es,
iconarp.ktun.edu.tr,homepage_unreachable,remainder,Iconarp International Journal of Architecture and Planning,tr,tr,
icondesign.it,homepage_unreachable,remainder,Icon Design,it,it,
icrt.com.tw,homepage_unreachable,remainder,International Community Radio Taipei,tw,zh,
icrtvcolima.com,homepage_unreachable,remainder,XHAMO-TDT,mx,,
id.nl,homepage_unreachable,remainder,Computer Idee,nl,nl,
ideasyvalores.unal.edu.co,homepage_unreachable,remainder,Ideas y Valores,co,es,
idunn.no,homepage_unreachable,remainder,Samtiden,no,no,
iedm.it,homepage_unreachable,remainder,Il de Martino,it,it,
iehca.eu,homepage_unreachable,remainder,Food & History,be,en,
iej.zaslavsky.com.ua,homepage_unreachable,remainder,Mìžnarodnij Endokrinologìčnij Žurnal,ua,uk,
ies.ijo.cn,homepage_unreachable,remainder,Guoji Yanke Zazhi,cn,zh,
ifam.edu.br,homepage_unreachable,remainder,Revista de Estudos e Pesquisas sobre Ensino Tecnológico,br,pt,
ifilmtv.ir,homepage_unreachable,remainder,iFilm2,ir,en,
ifm1059.com,homepage_unreachable,remainder,Inspiration 105.9 FM,ng,,
ifm923.com,homepage_unreachable,remainder,Inspiration FM Lagos,ng,,
igol.fm,homepage_unreachable,remainder,Q9295765,pl,,
ihac.nenu.edu.cn,homepage_unreachable,remainder,Journal of Ancient Civilizations,cn,en,
ihe.institutos.filo.uba.ar,homepage_unreachable,remainder,Cuadernos de Historia de España,ar,es,
iibfdergi.ibu.edu.tr,homepage_unreachable,remainder,Ekonomik ve Sosyal Araştırmalar Dergisi,tr,tr,
iiyama-catv.ne.jp,homepage_unreachable,remainder,i-net Iiyama,jp,ja,
ijacskros.com,homepage_unreachable,remainder,Indian Journal of Advances in Chemical Science,in,en,
ijad.tums.ac.ir,homepage_unreachable,remainder,Iranian journal of arthropod-borne diseases,ir,en,
ijair.jctjournals.com,homepage_unreachable,remainder,International Journal of Advanced and Innovative Research,in,en,
ijaswa.journals.ekb.eg,homepage_unreachable,remainder,International Journal of Advanced Studies in World Archaeology,eg,en,
ijb.rifr-ac.org,homepage_unreachable,remainder,Iranian Journal of Botany,ir,en,
ijcon.org,homepage_unreachable,remainder,International Journal of Contents,kr,en,
ijdo.ssu.ac.ir,homepage_unreachable,remainder,Iranian journal of diabetes and obesity,ir,en,
ijer.skums.ac.ir,homepage_unreachable,remainder,International Journal of Epidemiologic Research,ir,en,
ijfs.ir,homepage_unreachable,remainder,International journal of fertility & sterility,ir,en,
ijgt.ui.ac.ir,homepage_unreachable,remainder,International Journal of Group Theory,ir,en,
ijkrm.org,homepage_unreachable,remainder,International Journal of Knowledge and Research in Management and E-Commerce,in,en,
ijm2c.ir,homepage_unreachable,remainder,International Journal of Mathematical Modelling & Computations,ir,en,
ijmshr.journals.ekb.eg,homepage_unreachable,remainder,International Journal of Multidisciplinary Studies in Heritage Research,eg,en,
ijo.cn,homepage_unreachable,remainder,International Journal of Ophthalmology,cn,en,
ijp.iranpath.org,homepage_unreachable,remainder,Iranian Journal of Pathology,ca,en,
ijp.scbaghdad.edu.iq,homepage_unreachable,remainder,Iraqi Journal of Physics,iq,en,
ijtah.journals.ekb.eg,homepage_unreachable,remainder,"International Journal of Tourism, Archaeology and Hospitality",eg,en,
ils.unimas.my,homepage_unreachable,remainder,Issues in Language Studies,my,en,
im.microbios.org,homepage_unreachable,remainder,International Microbiology,es,en,
imageandnarrative.be,homepage_unreachable,remainder,Image and Narrative: online magazine of the visual narrative,be,,
imagenqueretaro.mx,homepage_unreachable,remainder,XHOZ-FM,mx,,
imagenradio.com.mx,homepage_unreachable,remainder,XHCHI-FM,mx,,
imaginefm.eu,homepage_unreachable,remainder,Q3148924,be,,
imayamtv.com,homepage_unreachable,remainder,Imayam TV,in,,
imbe.mg.gov.br,homepage_unreachable,remainder,Q124935109,br,pt,
imbiv.unc.edu.ar,homepage_unreachable,remainder,Kurtziana,ar,es,
imirante.globo.com,homepage_unreachable,remainder,Q10365979,br,,
imperatriz.difusora.fm,homepage_unreachable,remainder,Q107507018,br,,
imryt.org,homepage_unreachable,remainder,XHCMO-TV,mx,,
ims.cuhk.edu.hk,homepage_unreachable,remainder,Asian Journal of Mathematics,cn,en,
imta.gob.mx,homepage_unreachable,remainder,Tecnología y ciencias del agua,mx,es,
incidences.be,homepage_unreachable,remainder,Q3149873,be,fr,
independent.ng,homepage_unreachable,remainder,Independent Nigeria,ng,,
inder.co.cu,homepage_unreachable,remainder,Acción,cu,es,
indexlaw.org,homepage_unreachable,remainder,Revista Brasileira de Direito Empresarial,br,,
indianewsjournal.com,homepage_unreachable,remainder,India News Journal,in,en,
indianforester.co.in,homepage_unreachable,remainder,Indian Forester,in,en,
indianheartjournal.com,homepage_unreachable,remainder,Indian heart journal : official publication of the Cardiological Society of India,in,en,
indie88.com,homepage_unreachable,remainder,CIND-FM,ca,,
ineka.net.pl,homepage_unreachable,remainder,Inżynieria Ekologiczna,pl,pl,
inewsweek.cn,homepage_unreachable,remainder,China News Weekly,cn,zh,
info.catho.be,homepage_unreachable,remainder,Dimanche,be,fr,
infocultute.rsl.ru,homepage_unreachable,remainder,"Nauchno-informat͡sionnyĭ t͡sentr po kulʹture i iskusstvu ""Informkulʹtura""",ru,ru,
infomaxtv.com,homepage_unreachable,remainder,DWIM-TV,ph,,
informationr.net,homepage_unreachable,remainder,Information Research,se,en,
informationsecurity.com.tw,homepage_unreachable,remainder,Q109280464,tw,zh,
informit.org,homepage_unreachable,remainder,Journal of the Australian Early Medieval Association.,au,en,
infradplus.com,homepage_unreachable,remainder,Al-Muqtataf,eg,ar,
ing.puc.cl,homepage_unreachable,remainder,Revista de Ingenieria de Construccion,cl,es,
ingecuc.com,homepage_unreachable,remainder,INGE CUC,co,en,
ingenieria1.udistrital.edu.co,homepage_unreachable,remainder,Redes de Ingeniería,co,es,
ingentaconnect.com,homepage_unreachable,remainder,Bulletin du Jardin botanique national de Belgique,be,fr,
ingentaselect.com,homepage_unreachable,remainder,African Journal of AIDS Research,za,en,
inisav.cu,homepage_unreachable,remainder,Fitosanidad,cu,es,
inmcv.cultura.gob.ar,homepage_unreachable,remainder,Q133865102,ar,es,
inn.co.il,homepage_unreachable,remainder,Arutz Sheva,il,en,
insight-library.net,homepage_unreachable,remainder,Central-European Journal of Immunology,pl,en,
inspirationalradio730.co.tt,homepage_unreachable,remainder,Radio Trinidad,tt,,
institutomendelac.edu.mx,homepage_unreachable,remainder,XHMR-FM,mx,,
inteligenciacompetitivarev.com.br,homepage_unreachable,remainder,Revista Inteligência Competitiva,br,pt,
intercarto.ru,homepage_unreachable,remainder,InterCarto. InterGIS,ru,ru,
intercept.com.br,homepage_unreachable,remainder,Q139856823,br,pt,
internationaltransformativeresearch.com,homepage_unreachable,remainder,International Journal for Transformative Research,pl,en,
intersections.anu.edu.au,homepage_unreachable,remainder,Intersections,au,en,
intersomfm.com.br,homepage_unreachable,remainder,Q10303066,br,pt,
intervalles.ch,homepage_unreachable,remainder,Intervalles,ch,fr,
interviu.es,homepage_unreachable,remainder,Interviú,es,es,
investigacionesgeograficas.unam.mx,homepage_unreachable,remainder,Investigaciones Geográficas,mx,,
ioh.iums.ac.ir,homepage_unreachable,remainder,Salāmat-i kār-i Īrān,ir,fa,
iop.org,homepage_unreachable,remainder,Science and Technology of Advanced Materials,jp,en,
iospress.nl,homepage_unreachable,remainder,Annual Review of Cybertherapy and Telemedicine,be,en,
ipatinga.mg.gov.br,homepage_unreachable,remainder,Q124935115,br,pt,
iph.fgov.be,homepage_unreachable,remainder,Archives of Public Health,be,,
ipn.mx,homepage_unreachable,remainder,XHIPN-FM,mx,,
iquatroeditores.com,homepage_unreachable,remainder,Q116187782,mx,es,
irjns.org,homepage_unreachable,remainder,Iranian Journal of Neurosurgery,ir,en,
irr.ru,homepage_unreachable,remainder,From hand to hand,ru,ru,
irsr.eu,homepage_unreachable,remainder,International Review of Social Research,ro,,
irss.uoguelph.ca,homepage_unreachable,remainder,International Review of Scottish Studies,ca,en,
isder.ceser.res.in,homepage_unreachable,remainder,International Journal of Ecology & Development,in,en,
ishtartv.com,homepage_unreachable,remainder,Ishtar TV,iq,,
island.lk,homepage_unreachable,remainder,The Island,lk,en,
islandstudiesjournal.org,homepage_unreachable,remainder,Island Studies Journal,ca,en,
isp.uni.lodz.pl,homepage_unreachable,remainder,Q91316190,pl,en,
isst.org.in,homepage_unreachable,remainder,ISST Journal of Advances in Librarianship,in,en,
itapema.clicrbs.com.br,homepage_unreachable,remainder,Q10365894,br,pt,
itaquaquecetuba.sp.gov.br,homepage_unreachable,remainder,Q124935294,br,pt,
its.mx,homepage_unreachable,remainder,XHINS-FM,mx,,
itsonwb.com,homepage_unreachable,remainder,WB Channel,in,,
itvonline.it,homepage_unreachable,remainder,Irpinia Tv,it,it,
itvpatagonia.com,homepage_unreachable,remainder,Q5668500,cl,,
iupress.istanbul.edu.tr,homepage_unreachable,remainder,Anadolu Araştırmaları,tr,en,
ivcnetworks.com,homepage_unreachable,remainder,Q25631129,ve,,
ivt.coppe.ufrj.br,homepage_unreachable,remainder,Caderno Virtual de Turismo,br,pt,
iybtv.com,homepage_unreachable,remainder,Yanbian Broadcasting and Television,cn,,
iz.com.ua,homepage_unreachable,remainder,Q28704752,ua,ru,
jaadcasereports.org,homepage_unreachable,remainder,JAAD case reports,nl,en,
jackfmregina.com,homepage_unreachable,remainder,CKCK-FM,ca,,
jacs.usv.ro,homepage_unreachable,remainder,Journal of Applied Computer Science & Mathematics,ro,en,
jadve.com,homepage_unreachable,remainder,Journal of Advances in Vehicle Engineering,ir,en,
jalshamovies.com,homepage_unreachable,remainder,Jalsha Movies,in,,
jam883.fm,homepage_unreachable,remainder,DWJM,ph,,
jams-kpi.com,homepage_unreachable,remainder,Innovations in Acupuncture and Medicine,kr,en,
jamuna.tv,homepage_unreachable,remainder,Jamuna TV,bd,,
jap.kap.or.kr,homepage_unreachable,remainder,The journal of advanced prosthodontics,kr,en,
japhac.wixsite.com,homepage_unreachable,remainder,Journal of Applied Pharmaceutical Sciences,br,,
jaridatakhbarak.com,homepage_unreachable,remainder,jaridat akhbarak,eg,,
jatibonico.hero.cult.cu,homepage_unreachable,remainder,El Veguero Libre,cu,es,
jawapos.tv,homepage_unreachable,remainder,Jawa Pos Multimedia,id,,
jazzforum.com.pl,homepage_unreachable,remainder,Jazz Forum,pl,en,
jb.ul.pt,homepage_unreachable,remainder,Portugaliae Acta Biologica,pt,en,
jbes.strefa.pl,homepage_unreachable,remainder,Journal of Biology and Earth Sciences,pl,pl,
jbpe.ir,homepage_unreachable,remainder,Journal of biomedical physics & engineering,ir,en,
jbsu.journals.ekb.eg,homepage_unreachable,remainder,Q96736500,eg,ar,
jbv.or.kr,homepage_unreachable,remainder,Journal of bacteriology and virology : JBV,kr,en,
jcde.org,homepage_unreachable,remainder,Journal of Computational Design and Engineering,kr,en,
jcn.or.kr,homepage_unreachable,remainder,Journal of Communications and Networks,kr,en,
jcol.org.br,homepage_unreachable,remainder,Journal of Coloproctology,es,pt,
jcp.or.jp,homepage_unreachable,remainder,Shimbun Akahata,jp,ja,
jcvtr.tbzmed.ac.ir,homepage_unreachable,remainder,Journal of cardiovascular and thoracic research,ir,en,
jdb.sums.ac.ir,homepage_unreachable,remainder,Journal of Dental Biomaterial,ir,en,
je-lks.maieutiche.economia.unitn.it,homepage_unreachable,remainder,Journal of E-Learning and Knowledge Society,it,en,
jebhpme.ssu.ac.ir,homepage_unreachable,remainder,"Journal of Evidence Based Health Policy, Management & Economics",ir,en,
jehe.abzums.ac.ir,homepage_unreachable,remainder,Muhandisī-i Bihdāsht-i Muḥīṭ,ir,fa,
jehsd.ssu.ac.ir,homepage_unreachable,remainder,Journal of Environmental Health and Sustainable Development,ir,en,
jejh.journals.ekb.eg,homepage_unreachable,remainder,Al-Mağallah Al-Tārīẖiyyaẗ Al-Miṣriyyaẗ,eg,en,
jeos.eg.net,homepage_unreachable,remainder,Journal of the Egyptian Ophthalmological Society,in,en,
jetfm.be,homepage_unreachable,remainder,JetFM,be,,
jewds.eg.net,homepage_unreachable,remainder,Journal of the Egyptian Women's Dermatologic Soc,eg,,
jewelwpg.com,homepage_unreachable,remainder,CFJL-FM,ca,,
jewishtribune.ca,homepage_unreachable,remainder,The Jewish Tribune,ca,,
jfab.journals.ekb.eg,homepage_unreachable,remainder,Mağallaẗ Kulliyyaẗ Al-Ādāb - Ǧāmiʿaẗ Al-Zaqāzīq - Farʿ Banhā,eg,ar,
jfafu.journals.ekb.eg,homepage_unreachable,remainder,Q96737335,eg,ar,
jfhsc.journals.ekb.eg,homepage_unreachable,remainder,Q96737350,eg,ar,
jfpsu.journals.ekb.eg,homepage_unreachable,remainder,Mağallaẗ kulliyyaẗ Al-ādāb Ǧāmiʿaẗ Būrsaʿīd,eg,ar,
jgenomics.com,homepage_unreachable,remainder,Journal of genomics,au,en,
jguaa.journals.ekb.eg,homepage_unreachable,remainder,Journal of General Union of Arab Archaeologists,eg,ar,
jguaa2.journals.ekb.eg,homepage_unreachable,remainder,Journal of the General Union of Arab Archaeologists,eg,en,
jhr.ssu.ac.ir,homepage_unreachable,remainder,Journal of Community Health Research,ir,en,
jhse.journals.ekb.eg,homepage_unreachable,remainder,Q96736900,eg,ar,
jiacam.org,homepage_unreachable,remainder,Journal of Indian Association of Pediatric Surgeons,in,en,
jilintv.cn,homepage_unreachable,remainder,Jilin Radio Television,cn,zh,
jimin.jp,homepage_unreachable,remainder,Liberal & Democratic,jp,ja,
jios.foi.hr,homepage_unreachable,remainder,Journal of Information and Organizational Sciences,hr,en,
jiows.mcgill.ca,homepage_unreachable,remainder,The Journal of Indian Ocean World Studies,ca,en,
jitm.hk,homepage_unreachable,remainder,Journal of International Translational Medicine,cn,en,
jjbotany.com,homepage_unreachable,remainder,Journal of Japanese Botany,jp,en,
jjckb.cn,homepage_unreachable,remainder,Economic Information Daily,cn,zh,
jmr.unican.es,homepage_unreachable,remainder,Q56317343,es,en,
jmrt.elsevier.es,homepage_unreachable,remainder,Journal of Materials Research and Technology,br,en,
jmss.mui.ac.ir,homepage_unreachable,remainder,Journal of medical signals and sensors,in,en,
jn.pt,homepage_unreachable,remainder,Jornal de Notícias,pt,pt,
jnfs.ssu.ac.ir,homepage_unreachable,remainder,Journal of Nutrition and Food Security,ir,en,
jobat.be,homepage_unreachable,remainder,Jobat,be,,
jocms.org,homepage_unreachable,remainder,Journal of Contemporary Medical Sciences,iq,en,
jocr.journals.ekb.eg,homepage_unreachable,remainder,Majallat Buḥūth Kullīyat al-Ādāb,eg,ar,
joddd.tbzmed.ac.ir,homepage_unreachable,remainder,"Journal of dental research, dental clinics, dental prospects",ir,en,
jofde.ca,homepage_unreachable,remainder,Journal of Distance Education,ca,en,
johost.eu,homepage_unreachable,remainder,HoST - Journal of History of Science and Technology,pl,en,
jopeninnovation.springeropen.com,homepage_unreachable,remainder,"Journal of Open Innovation: Technology, Market and Complexity",ch,en,
jornalfanfulla.com.br,homepage_unreachable,remainder,Fanfulla,br,it,
jornaloficial.cambe.pr.gov.br,homepage_unreachable,remainder,Q124989658,br,pt,
jornaltribunadosertao.com.br,homepage_unreachable,remainder,Tribuna do Sertão,br,pt,
jorrnaldatarde.com,homepage_unreachable,remainder,Jornal da Tarde,br,,
jot.fm,homepage_unreachable,remainder,Journal of Object Technology,ch,en,
journal.brepols.net,homepage_unreachable,remainder,Viator,be,en,
journal.dresmara.ro,homepage_unreachable,remainder,Journal of Defense Resources Management,ro,en,
journal.eczakademi.org,homepage_unreachable,remainder,Turkish Journal of Pharmaceutical Sciences,tr,,
journal.forces.gc.ca,homepage_unreachable,remainder,Canadian Military Journal,ca,en,
journal.ftn.kg.ac.rs,homepage_unreachable,remainder,Serbian Journal of Electrical Engineering,rs,en,
journal.limu.edu.ly,homepage_unreachable,remainder,Libyan International Medical University Journal,in,ar,
journal.udvs.org,homepage_unreachable,remainder,Serbian Journal of Dermatology and Venereology,pl,en,
journal.uestc.edu.cn,homepage_unreachable,remainder,Journal of Electronic Science and Technology,cn,en,
journal.um.ac.id,homepage_unreachable,remainder,Sejarah dan Budaya Jurnal Sejarah Budaya dan Pengajarannya,id,id,
journalarchive.jst.go.jp,homepage_unreachable,remainder,Journal of Radiation Research,ca,en,
journaldemorges.ch,homepage_unreachable,remainder,Q21931650,ch,fr,
journales.akademicka.pl,homepage_unreachable,remainder,Cracow Indological Studies,pl,en,
journalhosting.ucalgary.ca,homepage_unreachable,remainder,Canadian medical education journal,ca,en,
journalofarrhythmia.com,homepage_unreachable,remainder,Journal of arrhythmia,au,en,
journals.adrri.org,homepage_unreachable,remainder,Journal of Agriculture and Food Sciences,gh,en,
journals.am.szczecin.pl,homepage_unreachable,remainder,Scientific Journals of the Maritime University of Szczecin,pl,en,
journals.bmsu.ac.ir,homepage_unreachable,remainder,Hospital Practices and Research,ir,en,
journals.brepols.net,homepage_unreachable,remainder,Viking and Medieval Scandinavia,be,en,
journals.co.za,homepage_unreachable,remainder,Comparative and International Law Journal of Southern Africa,za,en,
journals.gsjp.eu,homepage_unreachable,remainder,Pracì Mìžnarodnogo Geometričnogo Centru,ua,,
journals.istanbul.edu.tr,homepage_unreachable,remainder,Journal of Istanbul University Faculty of Dentistry,tr,en,
journals.pu.if.ua,homepage_unreachable,remainder,Osvìtnìj Prostìr Ukraïni,ua,uk,
journals.rgsociety.org,homepage_unreachable,remainder,International journal of advances in engineering sciences and applied mathematics,in,en,
journals.saaer.org.in,homepage_unreachable,remainder,Journal of Agriculture and Ecology,in,en,
journals.tbzmed.ac.ir,homepage_unreachable,remainder,Journal of caring sciences,ir,en,
journals.tkmkarpinski.com,homepage_unreachable,remainder,Archives of Biomedical Sciences,pl,en,
journals.ug.edu.gh,homepage_unreachable,remainder,Science and Development Journal,gh,en,
journals.wolfcorner.org,homepage_unreachable,remainder,Russian Academic Journal,ru,en,
journalstarmand.com,homepage_unreachable,remainder,Journal Le Saint-Armand,ca,fr,
jovempannewssantos.com.br,homepage_unreachable,remainder,Q59599475,br,pt,
joyfmotukpo.com,homepage_unreachable,remainder,Joy FM Otukpo,ng,en,
joyplay.cn,homepage_unreachable,remainder,Play (PRC magazine),cn,zh,
jrebelde.cubaweb.cu,homepage_unreachable,remainder,Juventud Rebelde,cu,es,
jroi.org,homepage_unreachable,remainder,Journal of Radiation Oncology Informatics,ch,en,
jspf.or.jp,homepage_unreachable,remainder,Journal of Plasma and Fusion Research,jp,en,
jsrp.ro,homepage_unreachable,remainder,Journal of Social Research & Policy,ro,ro,
jssa.journals.ekb.eg,homepage_unreachable,remainder,Q96736758,eg,ar,
jstage.jst.go.jp,homepage_unreachable,remainder,Journal of Nippon Medical School,in,en,
jtm.com.mo,homepage_unreachable,remainder,Jornal Tribuna de Macau,cn,pt,
jukeboxradio.com.au,homepage_unreachable,remainder,Toodyay Community Radio,au,en,
jurnaltribologi.mytribos.org,homepage_unreachable,remainder,Jurnal Tribologi,my,en,
jwent.net,homepage_unreachable,remainder,Journal of Water and Environmental Nanotechnology,ir,en,
jwl.shop,homepage_unreachable,remainder,JWL,ru,,
k-litefm.com,homepage_unreachable,remainder,CKLH-FM,ca,,
k-rock1039.com,homepage_unreachable,remainder,CKXX-FM,ca,,
k12stemeducation.in.th,homepage_unreachable,remainder,K-12 STEM Education,th,en,
k3tv.cat,homepage_unreachable,remainder,K3,es,,
k93.ca,homepage_unreachable,remainder,CIKX-FM,ca,,
k963.ca,homepage_unreachable,remainder,CKKO-FM,ca,,
k97.fm,homepage_unreachable,remainder,CIRK-FM,ca,,
kafm.or.kr,homepage_unreachable,remainder,Korean Journal of Family Medicine,kr,en,
kahaku.go.jp,homepage_unreachable,remainder,Bulletin of the National Science Museum (C),jp,en,
kalteng.tribunnews.com,homepage_unreachable,remainder,Tribun Kalteng,id,id,
kanaalz.be,homepage_unreachable,remainder,Q2381102,be,,
kanalbiz.com.tr,homepage_unreachable,remainder,Kanal Biz,tr,tr,
kanalk.ch,homepage_unreachable,remainder,Kanal K,ch,,
kanoner.com,homepage_unreachable,remainder,Canoner,ru,,
kanpo.go.jp,homepage_unreachable,remainder,Official Gazette,jp,ja,
kapatidtv.com,homepage_unreachable,remainder,Kapatid Channel,ph,,
kardio.ch,homepage_unreachable,remainder,Cardiovascular Medicine,ch,de,
karger.com,homepage_unreachable,remainder,Obesity Facts,ch,en,
kasparov.ru,homepage_unreachable,remainder,kasparov.ru,ru,ru,
kauhajoki-lehti.fi,homepage_unreachable,remainder,Q11870463,fi,fi,
kazanutlary.ru,homepage_unreachable,remainder,Kazan Utlary,ru,ru,
kbs.gov.tw,homepage_unreachable,remainder,Kaohsiung Broadcasting Station,tw,zh,
kebuenapv.com,homepage_unreachable,remainder,XHCJU-FM,mx,,
kenyanews.go.ke,homepage_unreachable,remainder,Kenya News Agency,ke,,
kerch.fm,homepage_unreachable,remainder,Q16718928,ua,,
kfk.us.edu.pl,homepage_unreachable,remainder,Q89490561,il,en,
kfun995.com,homepage_unreachable,remainder,CKKW-FM,ca,,
kidneys.zaslavsky.com.ua,homepage_unreachable,remainder,Počki,ua,uk,
kidz.com.tr,homepage_unreachable,remainder,Kidz/Animez,tr,tr,
kingscorecord.canadaeast.com,homepage_unreachable,remainder,Kings County Record,ca,en,
kinomagasinet.no,homepage_unreachable,remainder,Kinomagasinet,no,no,
kinopoisk.ru,homepage_unreachable,remainder,Kinopoisk,ru,ru,
kitchener.faithfm.org,homepage_unreachable,remainder,CJTW-FM,ca,,
kitchener.virginradio.ca,homepage_unreachable,remainder,CFCA-FM,ca,,
kitimat.myezrock.com,homepage_unreachable,remainder,CKTK-FM,ca,,
kixxcountry.ca,homepage_unreachable,remainder,CHVO-FM,ca,,
kkray.org.ua,homepage_unreachable,remainder,Q12112409,ua,uk,
klasyczna.fil.ug.edu.pl,homepage_unreachable,remainder,Q20035408,pl,pl,
klich.at.ua,homepage_unreachable,remainder,Q12110515,ua,uk,
klikk.no,homepage_unreachable,remainder,Villmarksliv,no,no,
kmf.ac.cn,homepage_unreachable,remainder,Zhishi guanli luntan,cn,zh,
kmk.umk.pl,homepage_unreachable,remainder,Bulletin of Geography: Physical Geography Series,pl,en,
koa.or.kr,homepage_unreachable,remainder,Clinics in orthopedic surgery,kr,en,
kofm.com.au,homepage_unreachable,remainder,Triple M Newcastle,au,,
kolekcjadisneykomiks.pl,homepage_unreachable,remainder,Q9207812,pl,pl,
komunikacjaspoleczna.com.pl,homepage_unreachable,remainder,Social Communication,pl,pl,
komunikacjaspoleczna.edu.pl,homepage_unreachable,remainder,Social Communication,pl,pl,
konteksty.pl,homepage_unreachable,remainder,Konteksty. Polska Sztuka Ludowa,pl,pl,
kontekstykultury.kn.edu.pl,homepage_unreachable,remainder,Q17619371,pl,pl,
kookje.co.kr,homepage_unreachable,remainder,The Kookje Daily News,kr,ko,
koordinatoren.no,homepage_unreachable,remainder,Q11981822,no,nb,
kooriradio.com,homepage_unreachable,remainder,Koori Radio,au,,
kootenays.myezrock.com,homepage_unreachable,remainder,CJAT-FM,ca,,
korl.or.kr,homepage_unreachable,remainder,Clinical and Experimental Otorhinolaryngology,kr,en,
kralmuzik.com.tr,homepage_unreachable,remainder,Kral FM,tr,tr,
krasnodar.rtrs.ru,homepage_unreachable,remainder,Q113410080,ru,ru,
krocknl.com,homepage_unreachable,remainder,CKXG-FM,ca,,
kroniki-portowe.pl,homepage_unreachable,remainder,Q24946541,pl,pl,
kseeg.org,homepage_unreachable,remainder,Economic and Environmental Geology,kr,,
ksgoc.or.kr,homepage_unreachable,remainder,Journal of gynecologic oncology,kr,en,
ksmbmb.or.kr,homepage_unreachable,remainder,Experimental and Molecular Medicine,kr,en,
ksrmtzx.com,homepage_unreachable,remainder,KunShan Daily,cn,zh,
ktn.co.jp,homepage_unreachable,remainder,TV-Nagasaki Broadcasting,jp,ja,
kubanpress.ru,homepage_unreachable,remainder,Q130331345,ru,ru,
kufm.net,homepage_unreachable,remainder,"K-U 92.7 FM, Benin-Auchi Road, Benin City",ng,,
kuleuven.be,homepage_unreachable,remainder,Q2538247,be,nl,
kultura-portal.ru,homepage_unreachable,remainder,Kultura,ru,ru,
kuna.net.kw,homepage_unreachable,remainder,Kuwait News Agency,kw,,
kurs.altapress.ru,homepage_unreachable,remainder,Free course,ru,ru,
kursdela.biz,homepage_unreachable,remainder,Q130331341,ru,ru,
kusan.uc3m.es,homepage_unreachable,remainder,CIAN-Revista de Historia de las Universidades,es,en,
kutchuday.in,homepage_unreachable,remainder,Kutchuday,in,gu,
kyungdosinmoon.com,homepage_unreachable,remainder,kyungdo sinmoon,kr,,
l.jvolsu.com,homepage_unreachable,remainder,Vestnik Volgogradskogo Gosudarstvennogo Universiteta. Seriâ 2. Âzykoznanie,ru,ru,
la1.rsi.ch,homepage_unreachable,remainder,RSI La 1,ch,,
la2.rsi.ch,homepage_unreachable,remainder,RSI La 2,ch,,
labimi.com.br,homepage_unreachable,remainder,Navegar,br,en,
labisalp.arc.usi.ch,homepage_unreachable,remainder,Histoire des Alpes - Storia delle Alpi - Geschichte der Alpen,ch,de,
laborest.unirc.it,homepage_unreachable,remainder,LaborEst,it,it,
lacapital.com.ar,homepage_unreachable,remainder,La Capital,ar,es,
lacarinosa.com,homepage_unreachable,remainder,La Cariñosa,co,,
lacomadre.mx,homepage_unreachable,remainder,XHQK-FM,mx,,
lacote.ch,homepage_unreachable,remainder,Q592085,ch,fr,
laestrellafm.com.mx,homepage_unreachable,remainder,XHFW-FM,mx,,
lagrand.radioramamexicali.com,homepage_unreachable,remainder,XED-AM,mx,,
lahdenseudunsanomat.fi,homepage_unreachable,remainder,Q18660421,fi,fi,
lahdenuutiset.fi,homepage_unreachable,remainder,Q11874362,fi,fi,
lahuasteca1079.com,homepage_unreachable,remainder,XHEOLA-FM,mx,,
laipsinaloa.gob.mx,homepage_unreachable,remainder,Q125952554,mx,es,
laizquierdadiario.com,homepage_unreachable,remainder,La Izquierda Diario,ar,es,
lajiribilla.co.cu,homepage_unreachable,remainder,Q11117980,cu,es,
lajornadadeguarico.com,homepage_unreachable,remainder,Q59335451,ve,,
laley989fm.com,homepage_unreachable,remainder,XHDU-FM,mx,,
laliberte.ch,homepage_unreachable,remainder,Q1303632,ch,fr,
laluztv.com,homepage_unreachable,remainder,Q5855502,pe,,
lamejorvillahermosa.com,homepage_unreachable,remainder,XHLI-FM,mx,,
lancasteronline.com,homepage_unreachable,remainder,"Lancaster Newspapers, Inc.",in,,
languageatwork.eu,homepage_unreachable,remainder,Language at Work : Bridging Theory and Practice,dk,en,
laotra.es,homepage_unreachable,remainder,LaOtra,es,es,
lapatrona935fm.com,homepage_unreachable,remainder,XHEJ-FM,mx,,
lapatrona981fm.com,homepage_unreachable,remainder,XHLH-FM,mx,,
laplageemrevista.ufscar.br,homepage_unreachable,remainder,Laplage em Revista,br,pt,
lapoderosaveracruz.fm,homepage_unreachable,remainder,XHQT-FM,mx,,
lapresse.it,homepage_unreachable,remainder,LaPresse,it,it,
laradiodeneta.webs.com,homepage_unreachable,remainder,XHNZ-FM,mx,,
laradioplus.com,homepage_unreachable,remainder,Radio Plus,ch,,
laraza1060.com,homepage_unreachable,remainder,XERDO-AM,mx,,
laregional.tv,homepage_unreachable,remainder,Q28737020,es,,
larespublica.com,homepage_unreachable,remainder,La Res Pública,ar,es,
lasestrellas.tv,homepage_unreachable,remainder,Las Estrellas,mx,,
lasprovinciastv.com,homepage_unreachable,remainder,Q9018280,es,,
lastorresdelucca.org,homepage_unreachable,remainder,Las Torres de Lucca,es,,
latele.ch,homepage_unreachable,remainder,Q3213364,ch,,
latele.com.ve,homepage_unreachable,remainder,La Tele,ve,,
latempete.info,homepage_unreachable,remainder,La Tempête des tropiques,cd,fr,
latinafm.com.mx,homepage_unreachable,remainder,XHTW-FM,mx,,
latremenda.com.mx,homepage_unreachable,remainder,XHDNG-FM,mx,,
latribune-online.com,homepage_unreachable,remainder,La Tribune,dz,fr,
launion.com.ar,homepage_unreachable,remainder,Q5805308,ar,es,
laverdadtv.tv,homepage_unreachable,remainder,Q5965476,es,,
lavozdegijon.es,homepage_unreachable,remainder,La Voz de Gijón,es,es,
lazurbana.fm,homepage_unreachable,remainder,Q5965630,co,,
lecoditalia.com.ar,homepage_unreachable,remainder,Q3817987,ar,it,
lecourrier.qc.ca,homepage_unreachable,remainder,Q2367653,ca,fr,
lefil.ulaval.ca,homepage_unreachable,remainder,Q64144166,ca,fr,
lejds.ch,homepage_unreachable,remainder,Q3186844,ch,fr,
lejourplus.com,homepage_unreachable,remainder,Le Jour Plus,ci,fr,
lemanbleu.ch,homepage_unreachable,remainder,Léman Bleu,ch,,
lematindimanche.ch,homepage_unreachable,remainder,Le Matin Dimanche,ch,fr,
lematindusenegal.info,homepage_unreachable,remainder,Le Matin,sn,fr,
lenicenligne.com,homepage_unreachable,remainder,Q3345112,ca,fr,
lepeuple.be,homepage_unreachable,remainder,Le Peuple,be,fr,
lephareonline.net,homepage_unreachable,remainder,Le Phare,cd,fr,
lepoiscaille.be,homepage_unreachable,remainder,Q3225744,be,fr,
lepotentiel.cd,homepage_unreachable,remainder,Le Potentiel,cd,fr,
lesne-prace-badawcze.pl,homepage_unreachable,remainder,Forest Research Papers,pl,pl,
lesoirdalgerie.com,homepage_unreachable,remainder,Le Soir d'Algérie,dz,fr,
letraseletras.ileel.ufu.br,homepage_unreachable,remainder,Letras & Letras,br,pt,
lexpressarchives.ch,homepage_unreachable,remainder,Q646229,ch,fr,
lg1043.com,homepage_unreachable,remainder,CHLG-FM,ca,,
liber.library.uu.nl,homepage_unreachable,remainder,LIBER Quarterly: the journal of European research libraries,be,en,
liberaleren.net,homepage_unreachable,remainder,Liberaleren,no,,
liberweb.it,homepage_unreachable,remainder,Li.B.e.R. Libri per bambini e ragazzi,it,it,
library.detut.edu.ua,homepage_unreachable,remainder,History of Science and Technology,ua,en,
libres.curtin.edu.au,homepage_unreachable,remainder,Libres: Library and Information Science Research Electronic Journal,sg,en,
liebertpub.com,homepage_unreachable,remainder,Journal of Men's Health,au,en,
lifetimeturkey.com,homepage_unreachable,remainder,Lifetime Türkiye,tr,,
lightingjournal.org,homepage_unreachable,remainder,International Journal of Sustainable Lighting,kr,en,
liguori.it,homepage_unreachable,remainder,Archivio di Storia della Cultura,it,it,
lijas.journals.ekb.eg,homepage_unreachable,remainder,Luxor International Journal of Archaeological Studies,eg,en,
limina.arts.uwa.edu.au,homepage_unreachable,remainder,Limina: a journal of historical and cultural studies,au,en,
limpartial.ch,homepage_unreachable,remainder,Q3204036,ch,fr,
limpartialarchives.ch,homepage_unreachable,remainder,Q3204036,ch,fr,
linfodrome.ci,homepage_unreachable,remainder,L'Inter,ci,fr,
lipiany.radioplus.pl,homepage_unreachable,remainder,Radio Plus Lipiany,pl,pl,
lis.edu.pl,homepage_unreachable,remainder,Z Badań nad Książką i Księgozbiorami Historycznymi,pl,en,
lite985.ca,homepage_unreachable,remainder,CJWL-FM,ca,,
literacy.ihepsa.ir,homepage_unreachable,remainder,Savād-i Salāmat,ir,fa,
litere.usv.ro,homepage_unreachable,remainder,"Messages, Sages and Ages",ro,en,
lithosphere.ru,homepage_unreachable,remainder,Lithosphere,ru,ru,
litoralradio.com,homepage_unreachable,remainder,Q61002345,br,,
litteraaperta.org,homepage_unreachable,remainder,Littera Aperta,es,,
liturgiasacra.uni.opole.pl,homepage_unreachable,remainder,Liturgia Sacra,pl,pl,
liverpooluniversitypress.co.uk,homepage_unreachable,remainder,Ars Judaica: The Bar-Ilan Journal of Jewish Art,il,en,
livramentodenossasenhora.ba.gov.br,homepage_unreachable,remainder,Q124935691,br,pt,
ljm.ksu.ru,homepage_unreachable,remainder,Lobachevskii Journal of Mathematics,ru,en,
lobservateur.cd,homepage_unreachable,remainder,L'Observateur,cd,fr,
logika.uwb.edu.pl,homepage_unreachable,remainder,"Studies in Logic, Grammar and Rhetoric",pl,en,
logos-and-epistemeproiectsbc.ro,homepage_unreachable,remainder,Logos & Episteme: An International Journal of Epistemology,ro,ro,
logoysk.by,homepage_unreachable,remainder,Rodny kraj,by,ru,
loja.revistaonline.com.br,homepage_unreachable,remainder,Q10331353,br,pt,
loki.ch,homepage_unreachable,remainder,LOKI,ch,de,
lokmanhekim.mersin.edu.tr,homepage_unreachable,remainder,Mersin Üniversitesi Tıp Fakültesi Lokman Hekim Tıp Tarihi ve Folklorik Tıp Dergisi,tr,tr,
london.faithfm.org,homepage_unreachable,remainder,CHJX-FM,ca,,
lora.ch,homepage_unreachable,remainder,Radio LoRa,ch,,
lotidningen.lo.se,homepage_unreachable,remainder,Q10416932,se,sv,
loveradiocebu.com,homepage_unreachable,remainder,DYBU-FM,ph,,
loveradiodavao.com,homepage_unreachable,remainder,DXBM-FM,ph,,
loveradiogensan.com,homepage_unreachable,remainder,DXWK,ph,,
lowiczanin.info,homepage_unreachable,remainder,Q11794054,pl,pl,
lp.thieme.de,homepage_unreachable,remainder,Indian Journal of Neurotrauma,in,en,
lqj.ch,homepage_unreachable,remainder,Le Quotidien Jurassien,ch,fr,
lse.ma,homepage_unreachable,remainder,Q3227245,ma,fr,
lsp.inrs.ca,homepage_unreachable,remainder,Lien Social et Politiques,ca,fr,
lsr.recht.ch,homepage_unreachable,remainder,Life Science Recht,ch,,
ltp.ulaval.ca,homepage_unreachable,remainder,Laval théologique et philosophique,ca,en,
lu4radio.com.ar,homepage_unreachable,remainder,Q16587212,ar,,
luluteen.com.br,homepage_unreachable,remainder,Luluzinha Teen e sua Turma,br,pt,
lumpenstation.art,homepage_unreachable,remainder,Lumpen Station,ch,,
lungenliga.ch,homepage_unreachable,remainder,Q130297770,ch,,
lux-post.lu,homepage_unreachable,remainder,Lux-Post,lu,de,
lyricsmagazin.ch,homepage_unreachable,remainder,Lyrics,ch,,
m4tv.at,homepage_unreachable,remainder,M4 Mostviertelfernsehen,at,de,
machadodeassis.net,homepage_unreachable,remainder,Machado de Assis em Linha,br,,
macleans.ca,homepage_unreachable,remainder,Maclean's,ca,en,
macn.secyt.gov.ar,homepage_unreachable,remainder,Revista del Museo Argentino de Ciencias Naturales,ar,en,
mad915fm.com,homepage_unreachable,remainder,Mad FM,tt,,
maditvafrica.com,homepage_unreachable,remainder,Madi TV,cd,,
madseriksen.no,homepage_unreachable,remainder,Q125449808,no,nb,
maestroysociedad.uo.edu.cu,homepage_unreachable,remainder,Maestro y Sociedad,cu,es,
magasinetkote.no,homepage_unreachable,remainder,Q19380828,no,no,
magazineimobiliario.com,homepage_unreachable,remainder,Magazine Imobiliário,pt,pt,
magazyn-arigato.com.pl,homepage_unreachable,remainder,Magazyn Arigato,pl,pl,
maghreb24.tv,homepage_unreachable,remainder,Maghreb 24,es,,
magic899.fm,homepage_unreachable,remainder,DWTM,ph,en,
magic967.fm,homepage_unreachable,remainder,CJWV-FM,ca,,
maharashtratimes.indiatimes.com,homepage_unreachable,remainder,Maharashtra Times,in,mr,
maik.rssi.ru,homepage_unreachable,remainder,Paleontological Journal,ru,en,
mail.crato.ce.gov.br,homepage_unreachable,remainder,Q124914111,br,pt,
mais-journal.ru,homepage_unreachable,remainder,Modelirovanie i Analiz Informacionnyh Sistem,ru,ru,
maisfm94.com.br,homepage_unreachable,remainder,Mais FM,br,pt,
maistvi.com,homepage_unreachable,remainder,'+TVI,pt,,
majic887fm.com,homepage_unreachable,remainder,DWLD,ph,,
malahatreview.ca,homepage_unreachable,remainder,The Malahat Review,ca,en,
malaysianow.com,homepage_unreachable,remainder,MalaysiaNow,my,en,
manchu-times.com,homepage_unreachable,remainder,Manchu Times,hk,,
maplantsjournal.ru,homepage_unreachable,remainder,"Mašiny i Ustanovki: Proektirovanie, Razrabotka i Èkspluataciâ",ru,ru,
margini.unibas.ch,homepage_unreachable,remainder,Margini. Giornale della dedica e altro,ch,it,
marica.rj.gov.br,homepage_unreachable,remainder,Q124935708,br,pt,
marketingmag.ca,homepage_unreachable,remainder,Marketing,ca,en,
maspopfm.com,homepage_unreachable,remainder,XHCK-FM,mx,,
massaya.tv,homepage_unreachable,remainder,Massaya TV,sy,,
masscommfedpolyoko.com,homepage_unreachable,remainder,Moment 98.7FM,ng,en,
matchtv.ru,homepage_unreachable,remainder,Match! Game,ru,ru,
math.u-szeged.hu,homepage_unreachable,remainder,Electronic Journal of Qualitative Theory of Differential Equations,hu,en,
mathem.pub.ro,homepage_unreachable,remainder,Balkan Journal of Geometry and Its Applications,ro,en,
matogrossototal.com,homepage_unreachable,remainder,Mato Grosso Total,br,,
max909.fm,homepage_unreachable,remainder,90.9 – Gregory FM (GUU),ng,,
maxima.com.mx,homepage_unreachable,remainder,XHI-FM,mx,,
maxtv.com.au,homepage_unreachable,remainder,Max,au,,
mazajfm.com,homepage_unreachable,remainder,Mazaj 95.3 FM,jo,,
mb.journals.ekb.eg,homepage_unreachable,remainder,Microbial Biosystems Journal,eg,en,
mbajournal.kozminski.edu.pl,homepage_unreachable,remainder,Management and Business Administration. Central Europe,pl,en,
mbcradio.net,homepage_unreachable,remainder,DWID,ph,,
mbcradios.net,homepage_unreachable,remainder,Panorama FM,ae,,
mbctv.co.in,homepage_unreachable,remainder,Q6714717,in,,
mbiv.unc.edu.ar,homepage_unreachable,remainder,Kurtziana,ar,es,
mcbox.tv,homepage_unreachable,remainder,Music Box,sk,,
mcgill.ca,homepage_unreachable,remainder,The McGill International Journal of Sustainable Development Law and Policy,ca,,
mclink.library.mcgill.ca,homepage_unreachable,remainder,DISP : the planning review,ch,en,
mctvnet.ne.jp,homepage_unreachable,remainder,Misawashi Cable Television,jp,ja,
mdgazet.ru,homepage_unreachable,remainder,Weekly Young Far East,ru,ru,
mdzol.com,homepage_unreachable,remainder,MDZ Online,ar,,
meandrosmedicaljournal.org,homepage_unreachable,remainder,Meandros Medical and Dental Journal,tr,,
mediaeveryday.com,homepage_unreachable,remainder,Media Everyday News,jo,,
mediamond.it,homepage_unreachable,remainder,Icon Design,it,it,
mediaset.it,homepage_unreachable,remainder,Mediaset Plus,it,it,
mediasetinfinity.mediaset.it,homepage_unreachable,remainder,Rete 4,it,it,
mediasetpremium.it,homepage_unreachable,remainder,Premium Action,it,it,
mediasetpremium.mediaset.it,homepage_unreachable,remainder,Mediaset Premium,it,it,
medicalforum.ch,homepage_unreachable,remainder,Swiss Medical Forum = Schweizerisches Medizin-Forum,ch,de,
medicina.kmu.lt,homepage_unreachable,remainder,Mens Sana Monographs,in,en,
medicina.lsmuni.lt,homepage_unreachable,remainder,Medicina,ch,en,
medicinalegal.gov.co,homepage_unreachable,remainder,Colombia Forense,co,es,
medicine.dp.ua,homepage_unreachable,remainder,"Vìsnik Dnìpropetrovsʹkogo Unìversitetu: Serìâ Bìologìâ, Medicina",ua,uk,
mediemakt.no,homepage_unreachable,remainder,Q11988857,no,nb,
medjdd.org,homepage_unreachable,remainder,Middle East journal of digestive diseases,ir,en,
medwave.cl,homepage_unreachable,remainder,Medwave,cl,es,
megaradio.mx,homepage_unreachable,remainder,XHMMS-FM,mx,,
mejgh.ir,homepage_unreachable,remainder,Middle East journal of digestive diseases,ir,en,
melbourneartjournal.unimelb.edu.au,homepage_unreachable,remainder,emaj: electronic Melbourne art journal,au,en,
mellow947.fm,homepage_unreachable,remainder,DWLL,ph,en,
mellowtouch957fm.webs.com,homepage_unreachable,remainder,DXBL,ph,,
melodybg.com,homepage_unreachable,remainder,Melody Radio,bg,,
menkoi-tv.co.jp,homepage_unreachable,remainder,Iwate Menkoi Television,jp,ja,
mercj.journals.ekb.eg,homepage_unreachable,remainder,Q96737088,eg,ar,
mercosur.int,homepage_unreachable,remainder,Mercosur Official Gazette,ar,pt,
mes.igh.ru,homepage_unreachable,remainder,Istoriya,ru,ru,
mesajtv.com.tr,homepage_unreachable,remainder,Mesaj TV,tr,tr,
meteo-intergate.com,homepage_unreachable,remainder,Neurologia Medico-chirurgica,jp,en,
metla.fi,homepage_unreachable,remainder,Metstieteen Aikakauskirja,fi,sv,
metro977.fm,homepage_unreachable,remainder,Radio Station,ng,,
metrojornal.com.br,homepage_unreachable,remainder,Metro Jornal,br,pt,
metrology.pg.gda.pl,homepage_unreachable,remainder,Metrology and Measurement Systems,pl,pl,
metropolehaiti.com,homepage_unreachable,remainder,Radio Metropole,ht,fr,
mfit.ikir.ru,homepage_unreachable,remainder,Vestnik KRAUNC: Fiziko-Matematičeskie Nauki,ru,ru,
mgmhd.com,homepage_unreachable,remainder,MGM HD,br,,
mgz.com.ua,homepage_unreachable,remainder,Q12153785,ua,uk,
microbiologiamedica.it,homepage_unreachable,remainder,Microbiologia Medica,it,it,
mifav.uniroma2.it,homepage_unreachable,remainder,Interaction Design and Architecture(s),it,it,
miltonnow.ca,homepage_unreachable,remainder,CJML-FM,ca,,
mineralogicalassociation.ca,homepage_unreachable,remainder,The Canadian Mineralogist,ca,en,
minerva.no,homepage_unreachable,remainder,Minerva,no,no,
mingpaomonthly.com,homepage_unreachable,remainder,Ming Pao Monthly,cn,zh,
mirdtu.edu.np,homepage_unreachable,remainder,Journal of International Affairs,np,en,
misesjournal.org.br,homepage_unreachable,remainder,Mises,br,pt,
mishpacha.com,homepage_unreachable,remainder,Mishpacha,il,en,
mitv.com.my,homepage_unreachable,remainder,U Television,my,,
mix.fm,homepage_unreachable,remainder,Mix FM,my,en,
mix106.fm,homepage_unreachable,remainder,Mix 106.3,au,en,
mix94.fm,homepage_unreachable,remainder,Mix FM-Fiji,fj,,
mixfm.mx,homepage_unreachable,remainder,XHDFM-FM,mx,,
mixfmfortaleza.com.br,homepage_unreachable,remainder,Q10331214,br,pt,
mixfmottawa.com,homepage_unreachable,remainder,Mix FM,ca,,
mixriofm.uol.com.br,homepage_unreachable,remainder,Q10331221,br,pt,
mixtv.com.br,homepage_unreachable,remainder,Mix TV,br,pt,
mjiri.iums.ac.ir,homepage_unreachable,remainder,Medical Journal of the Islamic Republic of Iran,ir,en,
mjosradioen.no,homepage_unreachable,remainder,Q19381689,no,no,
mjtimes.sk.ca,homepage_unreachable,remainder,Moose Jaw Times-Herald,ca,en,
mkasu.journals.ekb.eg,homepage_unreachable,remainder,Q135430784,eg,ar,
mmc.tv,homepage_unreachable,remainder,Q6072983,dk,,
mmm.uni.wroc.pl,homepage_unreachable,remainder,Q11765967,pl,pl,
mmt-tv.co.jp,homepage_unreachable,remainder,Miyagi Television Broadcasting,jp,ja,
mna.gpwb.gov.tw,homepage_unreachable,remainder,Military News Agency,tw,zh,
moa.minbas.cu,homepage_unreachable,remainder,Minería y Geología,cu,es,
model-dnu.dp.ua,homepage_unreachable,remainder,Vìsnik Dnìpropetrovsʹkogo Unìversitetu: Serìâ Modelûvannâ,ua,uk,
mogiguacu.sp.gov.br,homepage_unreachable,remainder,Q124935726,br,pt,
mohejournal.com,homepage_unreachable,remainder,"Movement, Health & Exercise",my,en,
moloncol.org,homepage_unreachable,remainder,Molecular Oncology,nl,en,
momentradio.com,homepage_unreachable,remainder,"Moment FM (Federal Polytechnic Oko), Oko",ng,,
mondaze.tv,homepage_unreachable,remainder,Mondaze.tv,se,,
monsterradiocebu.com,homepage_unreachable,remainder,DYBT,ph,,
montesdetoledo.org,homepage_unreachable,remainder,Q94579201,es,es,
monumenta.cc.sophia.ac.jp,homepage_unreachable,remainder,Monumenta Nipponica,jp,en,
mor911iloilo.com,homepage_unreachable,remainder,DYMC-FM,ph,,
morphology.dsma.dp.ua,homepage_unreachable,remainder,Morphologia,ua,uk,
moscowtimes.ru,homepage_unreachable,remainder,The Moscow Times,ru,en,
motosport.ch,homepage_unreachable,remainder,Q1949729,ch,,
mountainradiofm.com,homepage_unreachable,remainder,CJPR-FM,ca,,
mp.jvolsu.com,homepage_unreachable,remainder,Vestnik Volgogradskogo Gosudarstvennogo Universiteta. Serija 1. Mathematica. Physica,ru,ru,
mrd-journal.org,homepage_unreachable,remainder,Mountain Research and Development,ch,en,
mrtv4.com.mm,homepage_unreachable,remainder,MRTV-4,mm,,
msel.webs.upv.es,homepage_unreachable,remainder,Modelling in Science Education and Learning,es,es,
msmotor.tv,homepage_unreachable,remainder,MS Motor TV,it,,
mta.ca,homepage_unreachable,remainder,CHMA-FM,ca,,
mtv.com.tw,homepage_unreachable,remainder,Q6718738,tw,zh,
mtvpulse.it,homepage_unreachable,remainder,MTV Pulse,it,it,
mtvthailand.com,homepage_unreachable,remainder,MTV Thailand,th,,
mubasher-misr.aljazeera.net,homepage_unreachable,remainder,Al Jazeera Mubasher Misr,eg,,
multimedios.com.mx,homepage_unreachable,remainder,XHNLO-FM,mx,,
mundial1180.com.br,homepage_unreachable,remainder,Q10365985,br,pt,
mundoestranho.com.br,homepage_unreachable,remainder,Mundo Estranho,br,pt,
mundorama.net,homepage_unreachable,remainder,Mundorama,br,pt,
museumsnytt.no,homepage_unreachable,remainder,Q11990227,no,no,
musical.fm.br,homepage_unreachable,remainder,Musical FM,br,pt,
musicboxbrazil.tv.br,homepage_unreachable,remainder,Music Box Brazil,br,pt,
musulmanka.ru,homepage_unreachable,remainder,Q4308574,ru,ru,
mutaborverlag.ch,homepage_unreachable,remainder,Märchenforum,ch,de,
mxtv.co.jp,homepage_unreachable,remainder,Q62989155,jp,ja,
mychamplainvalley.com,homepage_unreachable,remainder,WFFF-TV,ca,,
myfmlu.com,homepage_unreachable,remainder,DZUL,ph,,
myitmakhamediagroup.info,homepage_unreachable,remainder,Myit Makha Media Group,mm,,
mytown-furukawa.co.jp,homepage_unreachable,remainder,Q11339715,jp,ja,
n10ce.com.br,homepage_unreachable,remainder,N10 CE,br,pt,
nacameh.cbsuami.org,homepage_unreachable,remainder,Nacameh,mx,es,
nacionalcomodoro.com.ar,homepage_unreachable,remainder,Q16587180,ar,,
nacionalneuquen.com.ar,homepage_unreachable,remainder,Q16941968,ar,,
nacionalsmandes.com.ar,homepage_unreachable,remainder,Q16587195,ar,,
nacionaltartagal.com.ar,homepage_unreachable,remainder,LRA25 Radio Nacional Tartagal,ar,,
nagasaki-np.co.jp,homepage_unreachable,remainder,The Nagasaki Shimbun,jp,ja,
naigaitimes.com,homepage_unreachable,remainder,Real Live News,jp,,
naijafm.ng,homepage_unreachable,remainder,Naija 92.7FM,ng,en,
naika.or.jp,homepage_unreachable,remainder,Internal Medicine,jp,en,
nakedeyemag.com,homepage_unreachable,remainder,Naked Eye,ca,,
nannewsngr.com,homepage_unreachable,remainder,News Agency of Nigeria,ng,,
nanochemres.org,homepage_unreachable,remainder,Nanochemistry Research,ir,en,
narkotiki.ru,homepage_unreachable,remainder,Narcology,ru,ru,
narss.sci.eg,homepage_unreachable,remainder,Egyptian Journal of Remote Sensing and Space Sciences,eg,en,
nashagazeta.ch,homepage_unreachable,remainder,Nasha Gazeta,ch,fr,
nashgorod.ru,homepage_unreachable,remainder,Nashgorod,ru,ru,
nashkrai.ga,homepage_unreachable,remainder,Q41657424,ua,uk,
nationellidag.se,homepage_unreachable,remainder,Nationell Idag,se,sv,
nativa.fm,homepage_unreachable,remainder,Nativa FM,br,,
naturallifechannel.com,homepage_unreachable,remainder,Natural Life Channel,tr,,
nau.ch,homepage_unreachable,remainder,Nau,ch,,
nauka-dialog.ru,homepage_unreachable,remainder,Nauchnyi Dialog,ru,ru,
nav.jvolsu.com,homepage_unreachable,remainder,Nizhnevolzhskiy Arheologicheskiy Vestnik,ru,,
navakal.in,homepage_unreachable,remainder,Nava Kaal,in,mr,
navgujaratsamay.com,homepage_unreachable,remainder,NavGujarat Samay,in,gu,
nbgdjt.com,homepage_unreachable,remainder,Ningbo Media Group,cn,,
nebelspalter.ch,homepage_unreachable,remainder,Nebelspalter,ch,de,
nemagia.ru,homepage_unreachable,remainder,Nemagia,ru,ru,
neman.lim.by,homepage_unreachable,remainder,Нёман,by,ru,
nematoda.org,homepage_unreachable,remainder,Nematoda,br,en,
nemmadventist.org,homepage_unreachable,remainder,DXHR-AM,ph,,
neo1.ch,homepage_unreachable,remainder,Neo 1,ch,,
neonet.lv,homepage_unreachable,remainder,Biznes & Baltiya,lv,ru,
neoskosmos.com,homepage_unreachable,remainder,Neos Kosmos,au,en,
ner.gov.tw,homepage_unreachable,remainder,National Education Radio,tw,zh,
neurologia.termedia.pl,homepage_unreachable,remainder,Neurologia i Neurochirurgia Polska,pl,pl,
neveufpb.wixsite.com,homepage_unreachable,remainder,Notícias asgardianas - Boletim do Núcleo de EstudosVikings e Escandinavos (NEVE),br,,
newcountry1035.ca,homepage_unreachable,remainder,CKCH-FM,ca,,
newcountry969.ca,homepage_unreachable,remainder,CJXL-FM,ca,,
newjournal.kcsnet.or.kr,homepage_unreachable,remainder,Bulletin of the Korean Chemical Society,kr,en,
newroz.tv,homepage_unreachable,remainder,Q2061421,se,,
newsabahtimes.com.my,homepage_unreachable,remainder,New Sabah Times,my,,
newsalliance.org,homepage_unreachable,remainder,European Alliance of News Agencies,ch,,
newsfeed.com.ng,homepage_unreachable,remainder,News Feed Nigeria,ng,en,
newsjournal.com.ng,homepage_unreachable,remainder,The News Journal,ng,en,
newsone.tv,homepage_unreachable,remainder,News One,pk,,
newspaper.albaathmedia.sy,homepage_unreachable,remainder,Al-Baʻth,sy,ar,
newstracker.ru,homepage_unreachable,remainder,Newstracker,ru,ru,
newsvanguard.in,homepage_unreachable,remainder,News Vanguard,in,,
newsweek.com.ar,homepage_unreachable,remainder,Newsweek Argentina,ar,,
newtelegraphonline.com,homepage_unreachable,remainder,New Telegraph,ng,,
newview.ar,homepage_unreachable,remainder,New View,ar,es,
nib.jp,homepage_unreachable,remainder,Nagasaki International Television Broadcasting,jp,ja,
nick.cctv.com,homepage_unreachable,remainder,Nickelodeon,cn,,
nick.ch,homepage_unreachable,remainder,Nickelodeon Schweiz,ch,,
nicknz.co.nz,homepage_unreachable,remainder,Nickelodeon New Zealand,nz,,
nikkan.co.jp,homepage_unreachable,remainder,Nikkan Kogyo Shimbun,jp,ja,
nikkei-cnbc.co.jp,homepage_unreachable,remainder,Nikkei CNBC,jp,ja,
ninanews.com,homepage_unreachable,remainder,National Iraqi News Agency,iq,ar,
nint.viamedica.pl,homepage_unreachable,remainder,Q11790460,pl,pl,
nivestnik.ru,homepage_unreachable,remainder,The New Historical Bulletin,ru,ru,
njog.org.np,homepage_unreachable,remainder,Nepal Journal of Obstetrics and Gynaecology,np,en,
nkrai.info,homepage_unreachable,remainder,Q41657424,ua,uk,
nmbsonline.com,homepage_unreachable,remainder,DXNS-FM,ph,,
nms.ac.jp,homepage_unreachable,remainder,Journal of Nippon Medical School,in,en,
nmtv.cn,homepage_unreachable,remainder,Inner Mongolia Radio and Television,cn,zh,
nnc.gov.ph,homepage_unreachable,remainder,DZNC-FM,ph,,
nogay-davysy.smi09.ru,homepage_unreachable,remainder,Q4326944,ru,ru,
nomadic-kalmsu.ru,homepage_unreachable,remainder,Nomadic Civilization: Historical Research,ru,ru,
norfolktoday.ca,homepage_unreachable,remainder,CHCD-FM,ca,,
norj.ca,homepage_unreachable,remainder,Northern Journal,ca,en,
normihomolehti.fi,homepage_unreachable,remainder,NHL,fi,fi,
northeastmail.com,homepage_unreachable,remainder,North East Mail,in,en,
northeasttoday.in,homepage_unreachable,remainder,Northeast Today,in,en,
nortv.be,homepage_unreachable,remainder,NORTV,be,,
nosmulheresdaperiferia.com.br,homepage_unreachable,remainder,Q118117389,br,pt,
noticiascanali.com.ve,homepage_unreachable,remainder,Canal i,ve,,
noticiasdoce.com.ar,homepage_unreachable,remainder,Canal 12,ar,,
notimex.gob.mx,homepage_unreachable,remainder,Notimex,mx,,
notulaebiologicae.ro,homepage_unreachable,remainder,Notulae Scientia Biologicae,ro,en,
nous.tv,homepage_unreachable,remainder,YourTV,ca,,
novafmslz.com,homepage_unreachable,remainder,Q10365752,br,,
novascientia.delasalle.edu.mx,homepage_unreachable,remainder,Nova Scientia,mx,es,
novedadesaca.mx,homepage_unreachable,remainder,Novedades Acapulco,mx,es,
nowinki.pk.edu.pl,homepage_unreachable,remainder,Q9347302,pl,pl,
nowtoronto.com,homepage_unreachable,remainder,Now,ca,en,
npa.go.jp,homepage_unreachable,remainder,White Paper on Police,jp,ja,
nrc.ca,homepage_unreachable,remainder,The Canadian Mineralogist,ca,en,
nrfh.colmex.mx,homepage_unreachable,remainder,Nueva Revista de Filología Hispánica,mx,es,
ns.jvolsu.com,homepage_unreachable,remainder,Vestnik Volgogradskogo Gosudarstvennogo Universiteta. Seriâ 11. Estestvennye Nauki,ru,ru,
ntr.ag,homepage_unreachable,remainder,Q48762653,jp,,
ntv.ci,homepage_unreachable,remainder,Notre TV,ci,,
ntva.tv,homepage_unreachable,remainder,NTV America,ru,,
ntvbd.com,homepage_unreachable,remainder,NTV,bd,,
nu107rock.com,homepage_unreachable,remainder,NU 107 Cebu,ph,,
nucleus.org.au,homepage_unreachable,remainder,Neucleus,au,en,
nuestramerica.cl,homepage_unreachable,remainder,Revista nuestrAmérica,cl,es,
nuevaweb.diariocolatino.com,homepage_unreachable,remainder,Diario Co Latino,sv,es,
nuevetvslp.com,homepage_unreachable,remainder,XHSLS-TDT,mx,,
nuevotiempo.pe,homepage_unreachable,remainder,Q115069956,pe,,
numberoneturk.com.tr,homepage_unreachable,remainder,Number One Türk TV,tr,tr,
numermagasin.no,homepage_unreachable,remainder,Numer,no,no,
numismatic-journal.com,homepage_unreachable,remainder,The Ukrainian Numismatic Annual,ua,en,
numusic.club,homepage_unreachable,remainder,Q19521781,mx,,
nureinvestigacion.es,homepage_unreachable,remainder,NURE Investigación,es,es,
nursingpraxis.org,homepage_unreachable,remainder,Nursing Praxis in New Zealand,nz,en,
nutricionhospitalaria.org,homepage_unreachable,remainder,Nutrición Hospitalaria,es,es,
nwu.ac.za,homepage_unreachable,remainder,Potchefstroom Electronic Law Journal,za,,
nxfm.com.au,homepage_unreachable,remainder,NXFM,au,en,
nytthåp.no,homepage_unreachable,remainder,Q11992865,no,no,
nzasia.org.nz,homepage_unreachable,remainder,New Zealand Journal of Asian Studies,nz,en,
oap.unige.ch,homepage_unreachable,remainder,Connexe,ch,en,
oasisfm.tn,homepage_unreachable,remainder,Q3347887,tn,,
ocean100.com,homepage_unreachable,remainder,CHTN-FM,ca,,
odenigbofm.net,homepage_unreachable,remainder,"99.1 – Odenigbo FM, Obosi",ng,,
odesignmag.com,homepage_unreachable,remainder,O Design,bd,en,
oeconomia.copernicana.umk.pl,homepage_unreachable,remainder,Oeconomia Copernicana,pl,pl,
oficyna.portal.prz.edu.pl,homepage_unreachable,remainder,"Journal of Civil Engineering, Environment and Architecture",pl,pl,
ogeeinstitute.edu.ng,homepage_unreachable,remainder,Journal of Sustainable Development Law and Policy,ng,en,
ogeesinstitute.edu.ng,homepage_unreachable,remainder,Journal of Sustainable Development Law and Policy,ng,en,
ogoniok.com,homepage_unreachable,remainder,Ogoniok,ru,ru,
ogunradio.ng,homepage_unreachable,remainder,Ogun Radio,ng,,
ojogo.pt,homepage_unreachable,remainder,O Jogo,pt,pt,
ojpas.org,homepage_unreachable,remainder,Open Journal of Psychiatry and Allied Sciences,in,en,
ojs.c3sl.ufpr.br,homepage_unreachable,remainder,Educar em Revista,br,pt,
ojs.darwin.edu.ar,homepage_unreachable,remainder,Darwiniana,ar,en,
ojs.dominguezia.org,homepage_unreachable,remainder,Dominguezia,ar,es,
ojs.fhce.edu.uy,homepage_unreachable,remainder,Didáskomai,uy,,
ojs.focopublicacoes.com.br,homepage_unreachable,remainder,Revista Foco,br,pt,
ojs.library.dal.ca,homepage_unreachable,remainder,The Dalhousie Review,ca,en,
ojs.novapaideia.org,homepage_unreachable,remainder,Revista Nova Paideia - Revista Interdisciplinar em Educação e Pesquisa,br,,
ojs.oksociety.in,homepage_unreachable,remainder,Open Access Journal of Medicinal and Aromatic Plants,in,en,
ojs.sfzg.hr,homepage_unreachable,remainder,Bulletin of the International Association for Paleodontology,hr,en,
ojs.sites.ufsc.br,homepage_unreachable,remainder,Revista Santa Catarina em História.,br,pt,
ojs.ub.gu.se,homepage_unreachable,remainder,Offentlig Förvaltning: Scandinavian Journal of Public Administration,se,sv,
ojs.ukw.edu.pl,homepage_unreachable,remainder,"Journal of Education, Health and Sport",pl,pl,
ojs.unirg.edu.br,homepage_unreachable,remainder,Revista Amazônia: Science & Health,br,pt,
ojs.unisa.edu.au,homepage_unreachable,remainder,Journal of Philosophy in Schools,au,en,
ojsrevistaing.uniandes.edu.co,homepage_unreachable,remainder,Revista de Ingeniería,co,es,
old.international-agrophysics.org,homepage_unreachable,remainder,International Agrophysics,pl,en,
oltreilcielo.it,homepage_unreachable,remainder,Oltre il cielo,it,it,
omega1017fm.gr-site.com,homepage_unreachable,remainder,"101.7 – Omega FM, Umuchu",ng,,
ominho.pt,homepage_unreachable,remainder,O Minho,pt,pt,
oncetv-ipn.net,homepage_unreachable,remainder,XHEW-TV,mx,,
oncology.tomsk.ru,homepage_unreachable,remainder,Sibirskij Onkologičeskij Žurnal,ru,ru,
ondajerez.com,homepage_unreachable,remainder,Onda Jerez,es,,
onefmveracruz.com,homepage_unreachable,remainder,XHFM-FM,mx,,
onemagic.dstv.com,homepage_unreachable,remainder,1Magic,za,,
onetelevision.se,homepage_unreachable,remainder,ONE Television,se,sv,
onethrone.com,homepage_unreachable,remainder,One Throne Magazine,ca,en,
oneworld.press,homepage_unreachable,remainder,OneWorld Press,ru,,
ontvsite.com,homepage_unreachable,remainder,ONTV Nigeria,ng,,
opac.admin.ch,homepage_unreachable,remainder,Q59388372,ch,de,
opac.penrithcity.nsw.gov.au,homepage_unreachable,remainder,The Nepean Times,au,en,
opcje.org.pl,homepage_unreachable,remainder,Q11798482,pl,pl,
open-publishing.org,homepage_unreachable,remainder,Journal of University Teaching and Learning Practice,au,en,
opengaz.ru,homepage_unreachable,remainder,Open newspaper,ru,ru,
opuntiabrava.ult.edu.cu,homepage_unreachable,remainder,Opuntia Brava,cu,es,
orangevilletoday.ca,homepage_unreachable,remainder,CKMO-FM,ca,,
orillas.cab.unipd.it,homepage_unreachable,remainder,Orillas,kr,it,
orssa.org.za,homepage_unreachable,remainder,ORiON,za,,
osmanli-medeniyeti.com,homepage_unreachable,remainder,Osmanlı Medeniyeti Araştırmaları Dergisi,tr,en,
osoyoostimes.com,homepage_unreachable,remainder,Osoyoos Times,ca,,
ota.com.br,homepage_unreachable,remainder,Q10269943,br,pt,
outincanada.ca,homepage_unreachable,remainder,Out in Canada,ca,,
ov1039.ca,homepage_unreachable,remainder,CKOV-FM,ca,,
owntv.ca,homepage_unreachable,remainder,OWN Canada,ca,,
pages.unibas.ch,homepage_unreachable,remainder,Bauhinia,ch,de,
paginasiete.bo,homepage_unreachable,remainder,Página Siete,bo,es,
paimensanomat.fi,homepage_unreachable,remainder,Q18680013,fi,fi,
pamojafm.co.ke,homepage_unreachable,remainder,Pamoja FM,ke,,
panguipullitv.cl,homepage_unreachable,remainder,Q6059689,cl,,
panorama.com.ve,homepage_unreachable,remainder,Diario Panorama,ve,es,
panorama.pl.ua,homepage_unreachable,remainder,Q12114492,ua,uk,
paper.cnii.com.cn,homepage_unreachable,remainder,Q114372107,cn,zh,
paradox-magazin.com,homepage_unreachable,remainder,Paradox,at,,
parlamento.pt,homepage_unreachable,remainder,Diário da Assembleia da República,pt,pt,
parliamentarytv.org.tw,homepage_unreachable,remainder,Parliamentary TV,tw,zh,
pasavento.com,homepage_unreachable,remainder,Pasavento: Revista de Estudios Hispánicos,es,es,
patronsan.com,homepage_unreachable,remainder,Patronsan,tr,,
payfo.ihatuey.cu,homepage_unreachable,remainder,Pastos y Forrajes,cu,es,
pbs.npa.gov.tw,homepage_unreachable,remainder,Police Broadcasting Service,tw,zh,
pcactual.com,homepage_unreachable,remainder,Q5941935,es,es,
pclive.ie,homepage_unreachable,remainder,PC Live!,ie,en,
pdvsa.gob.ve,homepage_unreachable,remainder,PDVSA,ve,,
peacefm.ca,homepage_unreachable,remainder,CHET-FM,ca,,
peacesunfm.com,homepage_unreachable,remainder,CHRX-FM,ca,,
pedagogikaspoleczna.edu.pl,homepage_unreachable,remainder,Papers of Social Pedagogy,pl,pl,
peeters-leuven.be,homepage_unreachable,remainder,Journal asiatique,be,en,
pembroketoday.ca,homepage_unreachable,remainder,CIMY-FM,ca,,
penticton.myezrock.com,homepage_unreachable,remainder,CKOR,ca,,
pentictonherald.ca,homepage_unreachable,remainder,Penticton Herald,ca,en,
peoplemediamyanmar.com,homepage_unreachable,remainder,People Media,mm,,
pericuma.com.br,homepage_unreachable,remainder,TV Pericumã,br,pt,
periferia.name,homepage_unreachable,remainder,Perifèria. Revista de Recerca i Formació en Antropologia,es,en,
periodicooficial.michoacan.gob.mx,homepage_unreachable,remainder,Official Gazette of the State of Michoacan,mx,es,
periodicos.fclar.unesp.br,homepage_unreachable,remainder,Revista de Letras,br,pt,
periodicos.sbu.unicamp.br,homepage_unreachable,remainder,Cadernos Pagu,br,pt,
periodicos.ses.sp.bvs.br,homepage_unreachable,remainder,Revista do Instituto Adolfo Lutz,br,pt,
periodicos.uern.br,homepage_unreachable,remainder,Revista Sertões,br,pt,
periodicos.ufes.br,homepage_unreachable,remainder,Revista Cadernos de Pesquisa em Educação,br,pt,
periodicos.ufrb.edu.br,homepage_unreachable,remainder,Revista Eletrônica Discente História.com,br,pt,
periodicoseletronicos.ufma.br,homepage_unreachable,remainder,Revista de Políticas Públicas,br,pt,
perspectivasdelacomunicacion.cl,homepage_unreachable,remainder,Revista Perspectivas de la Comunicación,cl,es,
pertanika.upm.edu.my,homepage_unreachable,remainder,Pertanika Journal of Science & Technology,my,en,
perumagico.pe,homepage_unreachable,remainder,Perú Mágico,cl,,
pes.pwsz.pila.pl,homepage_unreachable,remainder,Progress in Economic Sciences,pl,pl,
pesquisafatec.com.br,homepage_unreachable,remainder,Revista e-f@tec,br,pt,
pesquisasemgeociencias.ufrgs.br,homepage_unreachable,remainder,Pesquisas em Geociencias,br,pt,
pgr.gob.ve,homepage_unreachable,remainder,Official Gazette of Venezuela,ve,es,
phantom.ie,homepage_unreachable,remainder,TXFM,ie,,
philippinestudies.net,homepage_unreachable,remainder,Philippine Studies: Historical & Ethnographic Viewpoints,ph,en,
phoenix949.com.ve,homepage_unreachable,remainder,Phoenix Radio FM 94.9 (Zulia),ve,,
pianews.eu,homepage_unreachable,remainder,Pressclub Information Agency,bg,,
piel21w.umlub.pl,homepage_unreachable,remainder,Pielęgniarstwo XXI Wieku,pl,pl,
pik.tv,homepage_unreachable,remainder,PIK TV,ge,,
pilar.hr,homepage_unreachable,remainder,Pilar (journal),hr,en,
pim.com.fj,homepage_unreachable,remainder,Pacific Islands Monthly,au,en,
pinas955.fm,homepage_unreachable,remainder,DWDM-FM,ph,,
pinkfmonline.com,homepage_unreachable,remainder,Pink FM,gh,,
pit.hntu.com.ua,homepage_unreachable,remainder,Problemi Informacìjnih Tehnologìj,ua,uk,
pjaec.pk,homepage_unreachable,remainder,Pakistan Journal of Analytical & Environmental Chemistry,pk,en,
pkult.wuwr.pl,homepage_unreachable,remainder,Prace Kulturoznawcze,pl,pl,
plantsystematics.com,homepage_unreachable,remainder,Acta Phytotaxonomica Sinica,cn,zh,
play.discoveryplus.com,homepage_unreachable,remainder,Investigation Discovery,it,,
play.jo,homepage_unreachable,remainder,Play 99.5 FM,jo,en,
playboy.abril.com.br,homepage_unreachable,remainder,Playboy Brasil,br,pt,
playtv.com.pk,homepage_unreachable,remainder,Play TV,pk,,
plaza.snu.ac.kr,homepage_unreachable,remainder,Journal of Veterinary Science,kr,en,
plurivision.com.ar,homepage_unreachable,remainder,Q6080857,ar,,
plus.es,homepage_unreachable,remainder,Canal+ Liga,es,es,
pmameliarodriguesba.imprensaoficial.org,homepage_unreachable,remainder,Q124989515,br,,
pme.ch,homepage_unreachable,remainder,PME Magazine,ch,fr,
pmentrerios.transparenciaoficialba.com.br,homepage_unreachable,remainder,Q124914475,br,pt,
pmph.com,homepage_unreachable,remainder,People's Medical Publishing House,cn,,
pnk.tv,homepage_unreachable,remainder,First Independent,ua,,
pnp.viamedica.pl,homepage_unreachable,remainder,Q11822575,pl,pl,
polar-news.ch,homepage_unreachable,remainder,PolarNEWS,ch,,
polimery.umed.wroc.pl,homepage_unreachable,remainder,Polimery w medycynie,pl,pl,
pookisanomat.fi,homepage_unreachable,remainder,Q18680197,fi,fi,
pop917.com,homepage_unreachable,remainder,Pop Radio,tw,,
popoli.info,homepage_unreachable,remainder,Popoli,it,it,
popular.radiosmadeira.pt,homepage_unreachable,remainder,Rádio Popular da Madeira,pt,pt,
portal.cruzeirodosul.inf.br,homepage_unreachable,remainder,Cruzeiro do Sul,br,pt,
portalcbncampinas.com.br,homepage_unreachable,remainder,Q9669650,br,pt,
portaldeperiodicos.animaeducacao.com.br,homepage_unreachable,remainder,Cadernos de Naturologia e Terapias Complementares,br,pt,
portaldeperiodicos.ufopa.edu.br,homepage_unreachable,remainder,Revista Exitus,br,pt,
portalintercom.org.br,homepage_unreachable,remainder,Intercom: Revista Brasileira de Ciências da Comunicação,br,pt,
portfmnz.com,homepage_unreachable,remainder,Port FM,nz,,
postconvencionales.org.ve,homepage_unreachable,remainder,"Postconvencionales : Ética, Universidad, Democracia",ve,es,
postepy.ptf.net.pl,homepage_unreachable,remainder,Q11825218,pl,pl,
power108fm.tripod.com,homepage_unreachable,remainder,DZWI,ph,,
power99.com.pk,homepage_unreachable,remainder,Power Radio FM 99,pk,,
ppd.pism.pl,homepage_unreachable,remainder,Q11822572,pl,pl,
pps.indrik.center,homepage_unreachable,remainder,Pravoslavnyj palestinskij sbornik,ru,ru,
praguebusinessjournal.cz,homepage_unreachable,remainder,Prague Business Journal,cz,en,
pravozashitnik.net,homepage_unreachable,remainder,Pravozaŝitnik (Moskva),ru,ru,
press.anu.edu.au,homepage_unreachable,remainder,International Review of Environmental History,au,en,
pressesnationalesdhaiti.ht,homepage_unreachable,remainder,Le Moniteur,ht,fr,
pressreader.com,homepage_unreachable,remainder,Billiken,ar,es,
primary-hospital-care.ch,homepage_unreachable,remainder,Primary and Hospital Care,ch,de,
primeuday.in,homepage_unreachable,remainder,Prime Uday,in,pa,
princerupert.myezrock.com,homepage_unreachable,remainder,CHTK-FM,ca,,
pringlestv.com.ar,homepage_unreachable,remainder,Pringles TV,ar,,
prmira.ru,homepage_unreachable,remainder,Prmira,ru,ru,
proenvironment.ro,homepage_unreachable,remainder,"Proenvironment: Journal of Documentation, Research and Professional Training",ro,ro,
prosports.ru,homepage_unreachable,remainder,Prosports.ru,ru,ru,
przeglad.uni.lodz.pl,homepage_unreachable,remainder,Q11828478,pl,pl,
przegladpedagogiczny.ukw.edu.pl,homepage_unreachable,remainder,Q56344036,pl,pl,
przyjaciolka.pl,homepage_unreachable,remainder,Przyjaciółka,pl,pl,
ps.noda.no,homepage_unreachable,remainder,På Spissen,no,nb,
psiencia.org,homepage_unreachable,remainder,Psiencia: Revista Latinoamericana de Ciencia Psicológica,ar,es,
psilogos.com,homepage_unreachable,remainder,PsiLogos,pt,pt,
psychoanalyse-journal.ch,homepage_unreachable,remainder,Journal für Psychoanalyse,ch,de,
psyresearch.dp.ua,homepage_unreachable,remainder,Vìsnik Dnìpropetrovsʹkogo Unìversitetu: Serìâ Psihologìâ,ua,uk,
ptmedia.fi,homepage_unreachable,remainder,Pohjolan Työ,fi,fi,
ptni.tv,homepage_unreachable,remainder,DXBN-TV,ph,,
pto-princesa.com,homepage_unreachable,remainder,Palawan Broadcasting Corporation,ph,,
pts.org.tw,homepage_unreachable,remainder,Public Television Service,tw,zh,
public.carnet.hr,homepage_unreachable,remainder,Croatica Chemica Acta,hr,en,
publicaciones.uva.es,homepage_unreachable,remainder,Hispania Antiqua,es,es,
publicacions.ub.edu,homepage_unreachable,remainder,Revista de Estudios Bizantinos,es,en,
publicacions.ub.es,homepage_unreachable,remainder,Cercles: revista d'història cultural,es,es,
publications.cm-funchal.pt,homepage_unreachable,remainder,Boletim do Museu de História Natural do Funchal,pt,pt,
publications.cpa-apc.org,homepage_unreachable,remainder,Canadian Journal of Psychiatry,ca,en,
publius.us.es,homepage_unreachable,remainder,Lagascalia,es,es,
pubmedcentral.nih.gov,homepage_unreachable,remainder,Reproductive Health,br,en,
pubs.nrc-cnrc.gc.ca,homepage_unreachable,remainder,The Canadian Entomologist,ca,en,
pubservices.nrc-cnrc.ca,homepage_unreachable,remainder,The journal of the Canadian Health Libraries Association,ca,en,
pubstemcell.com,homepage_unreachable,remainder,Journal of Stem Cells & Regenerative Medicine,jp,en,
pubvet.com.br,homepage_unreachable,remainder,Pubvet,br,pt,
puc.cl,homepage_unreachable,remainder,Teología y Vida,cl,es,
puce.edu.ec,homepage_unreachable,remainder,Antropología Cuadernos de investigación,ec,es,
pulsefmtas.com.au,homepage_unreachable,remainder,Pulse FM Kingborough and Huon,au,en,
pulstv.pl,homepage_unreachable,remainder,TV Puls,pl,pl,
pulsuczelni.wsm.opole.pl,homepage_unreachable,remainder,PULS UCZELNI,pl,pl,
pum.umontreal.ca,homepage_unreachable,remainder,Études françaises,ca,fr,
punkt.ch,homepage_unreachable,remainder,.ch,ch,de,
puntal.com.ar,homepage_unreachable,remainder,Diario Puntal,ar,es,
pvb.com.br,homepage_unreachable,remainder,Pesquisa Veterinaria Brasileira,br,pt,
q101.ca,homepage_unreachable,remainder,CKMQ-FM,ca,,
q1031.ca,homepage_unreachable,remainder,CKQQ-FM,ca,,
q1057.ca,homepage_unreachable,remainder,CIBQ-FM,ca,,
q93.fm,homepage_unreachable,remainder,CHLQ-FM,ca,,
q933.ca,homepage_unreachable,remainder,CKSQ-FM,ca,,
qatarchronicle.com,homepage_unreachable,remainder,Qatar Chronicle,qa,,
qatarradio.net,homepage_unreachable,remainder,Qatar Radio,qa,en,
qcountryfm.ca,homepage_unreachable,remainder,CKLQ,ca,,
qellqasqa.com.ar,homepage_unreachable,remainder,Estudios de Filosofía Práctica e Historia de las Ideas,ar,es,
qha.com.ua,homepage_unreachable,remainder,Crimean News Agency,ua,en,
qhtv.cn,homepage_unreachable,remainder,Qinghai Television,cn,zh,
qidian.com.tw,homepage_unreachable,remainder,Qidian,cn,zh,
qjie.ir,homepage_unreachable,remainder,Journal of Optimization in Industrial Engineering,ir,en,
qlwb.com.cn,homepage_unreachable,remainder,Qilu Evening News,cn,zh,
quadrant.org.au,homepage_unreachable,remainder,Quadrant,au,en,
quaestionisdocumenta.wixsite.com,homepage_unreachable,remainder,"Quaestionis Documenta, revista do Arquivo da Cúria Metropolitana de Maceió",br,,
quatrotv.pe,homepage_unreachable,remainder,Quatro Televisión,pe,,
qub.ca,homepage_unreachable,remainder,TVA,ca,fr,
quillandquire.com,homepage_unreachable,remainder,Quill & Quire,ca,en,
quint-online.ch,homepage_unreachable,remainder,QUINT Magazin,ch,,
qx.se,homepage_unreachable,remainder,QX,se,sv,
rabble.ca,homepage_unreachable,remainder,rabble.ca,ca,en,
rabe.ch,homepage_unreachable,remainder,Radio Bern RaBe,ch,,
raco.cat,homepage_unreachable,remainder,Geologica Acta,es,en,
radab.mosuljournals.com,homepage_unreachable,remainder,Q126337131,iq,ar,
radio-albayane.info,homepage_unreachable,remainder,Radio Al Bayane,ci,,
radio-bejaia.dz,homepage_unreachable,remainder,Radio Béjaïa,dz,,
radio-columbia.be,homepage_unreachable,remainder,Q3416613,be,,
radio-neo.com,homepage_unreachable,remainder,Radio NEO,jp,,
radio.beachpark.com.br,homepage_unreachable,remainder,Rádio Beach Park,br,pt,
radio.ch,homepage_unreachable,remainder,radio zürisee,ch,,
radio.gov.taipei,homepage_unreachable,remainder,Taipei Broadcasting Station,tw,,
radio.lifechannel.ch,homepage_unreachable,remainder,Radio Life Channel,ch,,
radio.ucn.cl,homepage_unreachable,remainder,Radio Universidad Católica del Norte,cl,,
radio.ufro.cl,homepage_unreachable,remainder,Radio Universidad de la Frontera,cl,,
radio.umag.cl,homepage_unreachable,remainder,Radio Universidad de Magallanes,cl,,
radio.unap.cl,homepage_unreachable,remainder,Radio Universidad Arturo Prat,cl,,
radio.uv.cl,homepage_unreachable,remainder,Radio Universidad de Valparaíso,cl,,
radio1010.com.uy,homepage_unreachable,remainder,Carve Deportiva,uy,,
radio103.it,homepage_unreachable,remainder,Radio 103,it,it,
radio24.ch,homepage_unreachable,remainder,Radio 24,ch,,
radio2rdj.com,homepage_unreachable,remainder,2RDJ,au,,
radio32.ch,homepage_unreachable,remainder,Radio 32,ch,,
radio4u.com.ua,homepage_unreachable,remainder,Radio 4U,ua,uk,
radio92.fm.br,homepage_unreachable,remainder,92 FM,br,pt,
radioaalto.fi,homepage_unreachable,remainder,Radio Aalto,fi,fi,
radioactive96.fm,homepage_unreachable,remainder,Radioactive FM 96,pk,,
radioankole.com,homepage_unreachable,remainder,Radio Ankole,ug,,
radioaswat.ma,homepage_unreachable,remainder,Radio Aswat,ma,,
radioatardecer.com,homepage_unreachable,remainder,Radio Atardecer,cl,es,
radioazul.pt,homepage_unreachable,remainder,Rádio Azul,pt,pt,
radiobauchi.com,homepage_unreachable,remainder,Bauchi Radio Corporation,ng,en,
radiobeat.globoradio.globo.com,homepage_unreachable,remainder,98 FM (Rio de Janeiro),br,,
radiobeo.ch,homepage_unreachable,remainder,Radio BeO,ch,,
radiobern1.ch,homepage_unreachable,remainder,Radio Bern 1,ch,,
radiobieszczady.pl,homepage_unreachable,remainder,Q9302146,pl,pl,
radiobuner.com,homepage_unreachable,remainder,Radio Buner,pk,,
radiocell.hu,homepage_unreachable,remainder,Q12815860,hu,hu,
radiocidade670.com.br,homepage_unreachable,remainder,Q10365832,br,pt,
radiocite.ch,homepage_unreachable,remainder,Radio Cité,ch,,
radiocorpphil.com,homepage_unreachable,remainder,DXGS,ph,,
radioculturabage.com.br,homepage_unreachable,remainder,Rádio Cultura (Bagé),br,pt,
radiocuore.it,homepage_unreachable,remainder,Radio Cuore,it,it,
radiodacidadesantos.com.br,homepage_unreachable,remainder,Q61002353,br,pt,
radiodelafemme.net,homepage_unreachable,remainder,Radio de la Femme,cd,,
radiodisney.disney.com.br,homepage_unreachable,remainder,Radio Disney Brasil,br,pt,
radioelboss.be,homepage_unreachable,remainder,Q3416641,be,,
radiofelicidad.com.pe,homepage_unreachable,remainder,Radio Felicidad,pe,es,
radiofm921.org.br,homepage_unreachable,remainder,Q10279067,br,pt,
radioformula.com.mx,homepage_unreachable,remainder,XHE-FM,mx,,
radiogeice.com,homepage_unreachable,remainder,Q10365822,pt,,
radioglendon.ca,homepage_unreachable,remainder,Radio Glendon,ca,,
radiogloboteresina.com,homepage_unreachable,remainder,Q10365672,br,,
radiogrupo2.wix.com,homepage_unreachable,remainder,XHERO-FM,mx,,
radiohana.cz,homepage_unreachable,remainder,Radio Haná,cz,cs,
radioislam.org,homepage_unreachable,remainder,Radio Islam,se,,
radioixchel.com,homepage_unreachable,remainder,Radio Ixchel,gt,,
radiojam.ci,homepage_unreachable,remainder,Radio Jam,ci,,
radiojazz.ch,homepage_unreachable,remainder,Q3416691,ch,,
radiokantipur.ekantipur.com,homepage_unreachable,remainder,Kantipur FM,np,,
radiokaribena.pe,homepage_unreachable,remainder,Q5958159,pe,,
radiokp.ru,homepage_unreachable,remainder,Komsomolskaya Pravda,ru,ru,
radiolaayoune.ma,homepage_unreachable,remainder,Radio Laâyoune,ma,,
radiomaria.ch,homepage_unreachable,remainder,Radio Maria Deutschschweiz,ch,,
radiomaryja.pl,homepage_unreachable,remainder,Radio Maryja,pl,pl,
radiomelody.ch,homepage_unreachable,remainder,Radio Melody,ch,,
radiomexiconoticias.com,homepage_unreachable,remainder,XEJ-AM,mx,,
radiomineiro.com.br,homepage_unreachable,remainder,Q10275254,br,pt,
radiomix.com.br,homepage_unreachable,remainder,Mix FM,br,pt,
radionigeria.gov.ng,homepage_unreachable,remainder,Purity FM 102.5,ng,,
radionikkei.jp,homepage_unreachable,remainder,Nikkei Radio Broadcasting Co.Ltd.,jp,ja,
radioone.fm,homepage_unreachable,remainder,Radio One,lb,,
radiop5.no,homepage_unreachable,remainder,Q19386070,no,no,
radiopilatus.ch,homepage_unreachable,remainder,Radio Pilatus,ch,,
radioplanalto.com.br,homepage_unreachable,remainder,Q10365674,br,pt,
radiopublica.info,homepage_unreachable,remainder,Q6096567,ec,,
radioramadurango.mx,homepage_unreachable,remainder,XHDRD-FM,mx,,
radioramanacionaloccidente.com.mx,homepage_unreachable,remainder,XHYD-FM,mx,,
radioramareynosa.com,homepage_unreachable,remainder,XHRT-FM,mx,,
radioramatamaulipas.mx,homepage_unreachable,remainder,XHETU-FM,mx,,
radioramatuxtla.com.mx,homepage_unreachable,remainder,XHRPR-FM,mx,,
radioramavallarta.com,homepage_unreachable,remainder,XHPVJ-FM,mx,,
radiorayfm.com,homepage_unreachable,remainder,Q19747448,id,,
radiorivers991.com,homepage_unreachable,remainder,Radio Rivers 99.1FM Port Harcourt,ng,en,
radiorockroma.it,homepage_unreachable,remainder,RadioRock,it,it,
radiorpl.it,homepage_unreachable,remainder,Radio Libertà,it,it,
radiorumba.pe,homepage_unreachable,remainder,Radio Rumba,pe,es,
radiosele.com,homepage_unreachable,remainder,Q660212,es,,
radiosinaloa.com,homepage_unreachable,remainder,XHGES-FM,mx,,
radiosmartfm.com,homepage_unreachable,remainder,Smart FM,id,id,
radiosolsta.se,homepage_unreachable,remainder,Q108679577,se,sv,
radiosprio.com.br,homepage_unreachable,remainder,Q56347161,br,pt,
radioswissclassic.ch,homepage_unreachable,remainder,Radio Swiss Classic,ch,,
radioswissjazz.ch,homepage_unreachable,remainder,Radio Swiss Jazz,ch,,
radioswisspop.ch,homepage_unreachable,remainder,Radio Swiss Pop,ch,,
radiotanger.ma,homepage_unreachable,remainder,Radio Tanger,ma,,
radiotell.ch,homepage_unreachable,remainder,Radio Heimatklang,ch,,
radiotrm.com,homepage_unreachable,remainder,Q136390471,it,,
radiouniversidad.ugto.mx,homepage_unreachable,remainder,XHJUA-FM,mx,,
radiouniversitaria.unifei.edu.br,homepage_unreachable,remainder,Rádio Universitária 1570 kHz,br,pt,
radiouno.ca,homepage_unreachable,remainder,CFAJ,ca,,
radiovidanovaam1210.com,homepage_unreachable,remainder,Q56355571,br,,
radiowesleyan.info,homepage_unreachable,remainder,DWUP-FM,ph,,
radiox.ch,homepage_unreachable,remainder,Radio X,ch,,
radioytvmexiquense.mx,homepage_unreachable,remainder,XETUL-AM,mx,,
radiozizn.wixsite.com,homepage_unreachable,remainder,Q4387353,ru,,
radyoalerto.com,homepage_unreachable,remainder,DXBB-AM,ph,,
radyoasenso.com,homepage_unreachable,remainder,DYRB,ph,,
radyonatin.ccom,homepage_unreachable,remainder,DYSO,ph,,
radyonatin.tk,homepage_unreachable,remainder,Q28208744,ph,,
radyonijuannetwork.com,homepage_unreachable,remainder,DXRA,ph,,
radyosincero.wixsite.com,homepage_unreachable,remainder,DXRX,ph,,
rafalefm.ca,homepage_unreachable,remainder,CJRM-FM,ca,,
raicultura.it,homepage_unreachable,remainder,Rai Cultura,it,it,
raidiorira.ie,homepage_unreachable,remainder,Raidió Rí-Rá,ie,,
raisport.rai.it,homepage_unreachable,remainder,Rai Sport 2,it,it,
rapidfm965.com,homepage_unreachable,remainder,"96.5 – Rapid FM, Umuahia",ng,,
raximhai.com.mx,homepage_unreachable,remainder,Ra Ximhai,mx,es,
raypower.fm,homepage_unreachable,remainder,Ray power 100.5 FM Abuja,ng,,
rb-illustrierte.at,homepage_unreachable,remainder,rB illustrierte - bauen und wohnen im alpenraum,at,de,
rb1170.com.br,homepage_unreachable,remainder,Q10365587,br,pt,
rbc.cn,homepage_unreachable,remainder,Radio Beijing Corporation,cn,zh,
rbhm.org.br,homepage_unreachable,remainder,Revista Brasileira de História da Matemática,br,en,
rbisyou.wix.com,homepage_unreachable,remainder,Research Briefs on Information & Communication Technology Evolution,kr,en,
rbms.abms.org.br,homepage_unreachable,remainder,Revista Brasileira de Milho e Sorgo,br,pt,
rcf.fisica.uh.cu,homepage_unreachable,remainder,Revista Cubana de Física,cu,en,
rcgacuna.com,homepage_unreachable,remainder,XHRG-FM,mx,,
rctvinternational.com,homepage_unreachable,remainder,RCTV,ve,,
rcv.co.jp,homepage_unreachable,remainder,Rakusai Cable Vicion,jp,ja,
realcountryreddeer.ca,homepage_unreachable,remainder,CKGY-FM,ca,,
realcountrystpaul.ca,homepage_unreachable,remainder,CHSP-FM,ca,,
realfmaba.ng,homepage_unreachable,remainder,"99.1 – Real FM, Aba",ng,,
reb.universia.net,homepage_unreachable,remainder,Revista de estudios brasileños,es,,
recherche-collection-search.bac-lac.gc.ca,homepage_unreachable,remainder,Canadian Issues,ca,en,
recordfm.com,homepage_unreachable,remainder,Record FM,pt,,
recto-verseau.ch,homepage_unreachable,remainder,Recto-Verseau,ch,fr,
red.fm,homepage_unreachable,remainder,Red FM,my,en,
redalyc.uaemex.mx,homepage_unreachable,remainder,Anales del Instituto de Investigaciones Estéticas,mx,es,
redbulletin.com,homepage_unreachable,remainder,The Red Bulletin,at,en,
rede21.com.br,homepage_unreachable,remainder,Rede 21,br,pt,
redecidade.tv.br,homepage_unreachable,remainder,TV Cidade (Boa Vista),br,pt,
redemercosul.com.br,homepage_unreachable,remainder,Rede Mundial Curitiba,br,pt,
redenordestetv.com,homepage_unreachable,remainder,Rede Nordeste TV,br,,
redetoptv.com.br,homepage_unreachable,remainder,Top TV,br,pt,
redetvcidade.com.br,homepage_unreachable,remainder,TV Cidade,br,pt,
redetves.com.br,homepage_unreachable,remainder,RedeTV! ES,br,pt,
redfm.com.au,homepage_unreachable,remainder,Red FM,au,,
redfm.mx,homepage_unreachable,remainder,XHFO-FM,mx,,
regioes.tv,homepage_unreachable,remainder,Regiões TV,pt,,
rejoicecentre.org,homepage_unreachable,remainder,Sameway Magazine,au,zh,
relectiones.com,homepage_unreachable,remainder,Relectiones,es,,
religia.tv,homepage_unreachable,remainder,Religia.tv,pl,,
religiologiques.uqam.ca,homepage_unreachable,remainder,Religiologiques,ca,fr,
rem.pensamultimedia.it,homepage_unreachable,remainder,Research on Education and Media,it,it,
rendiconti.math.unipd.it,homepage_unreachable,remainder,Rendiconti del Seminario Matematico della Università di Padova,it,en,
replik.se,homepage_unreachable,remainder,Nova science fiction,se,sv,
repository.uwyo.edu,homepage_unreachable,remainder,Electronic Journal of Linear Algebra,il,en,
repubblicatv.it,homepage_unreachable,remainder,Repubblica Radio TV,it,it,
republic-tv.ru,homepage_unreachable,remainder,Pervyy Respublikanskiy,ru,ru,
republic.ru,homepage_unreachable,remainder,Republic.ru,ru,ru,
republik.ch,homepage_unreachable,remainder,Republik,ch,de,
research.hkuspace.hku.hk,homepage_unreachable,remainder,International Journal of Continuing Education and Lifelong Learning,hk,en,
residentesdecirugia.org.ar,homepage_unreachable,remainder,Revista Argentina de Residentes de Cirugía,ar,es,
respublika-kaz.biz,homepage_unreachable,remainder,Respublika,kz,ru,
reteversilia.it,homepage_unreachable,remainder,Q3933619,it,it,
retro.seals.ch,homepage_unreachable,remainder,Nebelspalter,ch,de,
reumatologia.termedia.pl,homepage_unreachable,remainder,Reumatologia（journal）,pl,pl,
revelstoke.myezrock.com,homepage_unreachable,remainder,CKCR-FM,ca,,
revendocrinologia.sld.cu,homepage_unreachable,remainder,Revista Cubana de Endocrinología,cu,es,
reversible.co.jp,homepage_unreachable,remainder,Q17213590,jp,ja,
review.univtech.eu,homepage_unreachable,remainder,Management and Production Engineering Review,pl,en,
revista-apuntes.pe,homepage_unreachable,remainder,Apuntes de Ciencia y Sociedad,pe,es,
revista.cbce.org.br,homepage_unreachable,remainder,Revista Brasileira de Ciências do Esporte,br,pt,
revista.ccba.uady.mx,homepage_unreachable,remainder,Tropical and Subtropical Agroecosystems,mx,es,
revista.cnic.edu.cu,homepage_unreachable,remainder,Revista CENIC Ciencias Químicas,cu,es,
revista.educacao.ws,homepage_unreachable,remainder,Revista de Ensino de Engenharia,br,pt,
revista.enfermeria.uady.mx,homepage_unreachable,remainder,Q116187775,mx,es,
revista.epsjv.fiocruz.br,homepage_unreachable,remainder,"Trabalho, Educação e Saúde",br,pt,
revista.fisioterapiasinred.com,homepage_unreachable,remainder,Fisioterapia y Divulgación,es,,
revista.geo.una.ac.cr,homepage_unreachable,remainder,Revista Geográfica de América Central,cr,es,
revista.historiaoral.org.br,homepage_unreachable,remainder,História Oral,br,pt,
revista.ibp.co.cu,homepage_unreachable,remainder,Biotecnologia Vegetal,cu,es,
revista.sedolor.es,homepage_unreachable,remainder,Q60583171,es,es,
revista.ufpe.br,homepage_unreachable,remainder,Clio,br,pt,
revista.uft.edu.br,homepage_unreachable,remainder,Revista Observatório,br,pt,
revista.universo.edu.br,homepage_unreachable,remainder,Pesquisa & Educação a Distância,br,pt,
revistablecaute.com,homepage_unreachable,remainder,Revista Blecaute,br,,
revistacaracteres.net,homepage_unreachable,remainder,Caracteres: Estudios Culturales y Críticos de la Esfera Digital,es,,
revistacefac.com.br,homepage_unreachable,remainder,Revista CEFAC : actualização científica em fonoaudiologia,br,pt,
revistacerouno.cl,homepage_unreachable,remainder,CeroUno,cl,es,
revistacriativa.globo.com,homepage_unreachable,remainder,Q10261467,br,,
revistaculturayreligion.cl,homepage_unreachable,remainder,Revista Cultura & Religión,cl,es,
revistadigitos.net,homepage_unreachable,remainder,Dígitos,es,,
revistaeducaonline.eba.ufrj.br,homepage_unreachable,remainder,Revista EducaOnline,br,en,
revistaeixo.ifb.edu.br,homepage_unreachable,remainder,Revista Eixo,br,pt,
revistaescola.abril.com.br,homepage_unreachable,remainder,Nova Escola,br,pt,
revistaestudioshemisfericosypolares.cl,homepage_unreachable,remainder,Hemispheric & Polar Studies Journal,cl,,
revistageopolitica.com.br,homepage_unreachable,remainder,Revista de Geopolítica,br,pt,
revistagisela.com,homepage_unreachable,remainder,Gisela,cl,es,
revistaingenieria.unam.mx,homepage_unreachable,remainder,Ingeniería Investigación y Tecnología,mx,es,
revistainked.com.br,homepage_unreachable,remainder,Q10302261,br,pt,
revistaintervencion.inah.gob.mx,homepage_unreachable,remainder,Intervención Revista Internacional de Conservación Restauración y Museología,cl,es,
revistalabor.ufc.br,homepage_unreachable,remainder,Revista Labor,br,pt,
revistamorcego.com,homepage_unreachable,remainder,Q65275524,es,gl,
revistanorteamerica.unam.mx,homepage_unreachable,remainder,Norteamérica,mx,en,
revistanotashistoricasygeograficas.cl,homepage_unreachable,remainder,Q105712889,cl,es,
revistaoutrora.wixsite.com,homepage_unreachable,remainder,Outrora,br,pt,
revistapeuce.icemtl.ro,homepage_unreachable,remainder,Peuce,ro,ro,
revistapsicologia.org,homepage_unreachable,remainder,Revista Internacional de Psicología,gt,es,
revistapsicologia.ufc.br,homepage_unreachable,remainder,Revista de Psicologia,cl,pt,
revistas.editora.ufcg.edu.br,homepage_unreachable,remainder,Revista Letras Raras,br,pt,
revistas.flacsoandes.edu.ec,homepage_unreachable,remainder,Eutopia: Revista de Desarrollo Economico Territorial,ec,es,
revistas.fw.uri.br,homepage_unreachable,remainder,Literatura em Debate,br,pt,
revistas.ibracon.org.br,homepage_unreachable,remainder,Revista IBRACON de Estruturas e Materiais,br,pt,
revistas.inia.es,homepage_unreachable,remainder,Spanish Journal of Agricultural Research,es,en,
revistas.uca.es,homepage_unreachable,remainder,Cuadernos de Ilustración y Romanticismo,es,en,
revistas.udea.edu.co,homepage_unreachable,remainder,Revista Colombiana de Ciencias Pecuarias,co,es,
revistas.um.edu.uy,homepage_unreachable,remainder,Humanidades revista de la Universidad de Montevideo,uy,en,
revistas.uma.es,homepage_unreachable,remainder,Escritos de psicología,es,es,
revistas.uni.edu.pe,homepage_unreachable,remainder,EST,pe,es,
revistas.univerciencia.org,homepage_unreachable,remainder,Revista Brasileira de Pesquisa em Turismo,br,pt,
revistas.unoeste.br,homepage_unreachable,remainder,Colloquium Humanarum,br,pt,
revistas.usil.edu.pe,homepage_unreachable,remainder,Propósitos y Representaciones,pe,es,
revistas.ustatunja.edu.co,homepage_unreachable,remainder,Quaestiones Disputatae: Temas en Debate,co,es,
revistascientificas.upeu.edu.pe,homepage_unreachable,remainder,Theologika,cl,es,
revistascientificas2.filo.uba.ar,homepage_unreachable,remainder,Runa,ar,es,
revistaseletronicas.fiamfaam.br,homepage_unreachable,remainder,"InSitu: Revista Científica do Programa de Mestrado Profissional em Projeto, Produção e Gestão do Espaço Urbano",br,pt,
revistaseletronicas.fmu.br,homepage_unreachable,remainder,Revista Metropolitana de Sustentabilidade,br,pt,
revistavivienda.cuaad.udg.mx,homepage_unreachable,remainder,Vivienda y Comunidades Sustentables,mx,es,
revsbau.esalq.usp.br,homepage_unreachable,remainder,Revista da Sociedade Brasileira de Arborização Urbana,br,pt,
revue-emulations.org,homepage_unreachable,remainder,Émulations,be,en,
revue-ere.uqam.ca,homepage_unreachable,remainder,Éducation relative à l'environnement,ca,fr,
revue-etudesfrancaises.umontreal.ca,homepage_unreachable,remainder,Études françaises,ca,fr,
revue.recherche-qualitative.qc.ca,homepage_unreachable,remainder,Recherches qualitatives,ca,fr,
revueaqefls.org,homepage_unreachable,remainder,La Revue de l’AQEFLS,ca,fr,
revuecsp.uqam.ca,homepage_unreachable,remainder,Communiquer,ca,fr,
revuedidactique.uqam.ca,homepage_unreachable,remainder,Didactique : apprentissage et enseignement,ca,fr,
revueliberte.ca,homepage_unreachable,remainder,Liberté,ca,fr,
revuemoebius.qc.ca,homepage_unreachable,remainder,Mœbius,ca,fr,
revues-dev.droz.org,homepage_unreachable,remainder,Q111211399,ch,fr,
rewind1039.ca,homepage_unreachable,remainder,CHNO-FM,ca,,
rewind959.ca,homepage_unreachable,remainder,CHHI-FM,ca,,
rf.umk.pl,homepage_unreachable,remainder,Ruch Filozoficzny,pl,en,
rh.by,homepage_unreachable,remainder,Rehijanalnaja Hazieta,by,be,
rheintalmedien.ch,homepage_unreachable,remainder,Rheintalische Volkszeitung,ch,de,
riafan.ru,homepage_unreachable,remainder,Federal News Agency,ru,ru,
rialto.unina.it,homepage_unreachable,remainder,Lecturae Tropatorum,it,it,
rialtochannel.co.nz,homepage_unreachable,remainder,Rialto Channel,nz,,
riccafd.uma.es,homepage_unreachable,remainder,Revista Iberoamericana de Ciencias de la Actividad Física y el Deporte,es,es,
rid.ie,homepage_unreachable,remainder,Q13157715,ie,,
riem.es,homepage_unreachable,remainder,Revista Internacional de Estudios Migratorios,es,es,
riid.tk,homepage_unreachable,remainder,Revista Internacional de Investigación y Docencia,es,,
riksettan.net,homepage_unreachable,remainder,Q10655191,se,sv,
rime.to.cnr.it,homepage_unreachable,remainder,RiMe. Rivista dell'Istituto di Storia dell'Europa Mediterranea,it,it,
rinace.net,homepage_unreachable,remainder,Revista Internacional de Educación para la Justicia Social,es,,
rinoceronte.fm,homepage_unreachable,remainder,Rinoceronte.fm,cl,,
riotpixels.com,homepage_unreachable,remainder,Q19612893,ru,ru,
ripitup.co.nz,homepage_unreachable,remainder,Rip It Up,nz,en,
risejournal.eu,homepage_unreachable,remainder,Review of Irish Studies in Europe,be,en,
rittv.com.br,homepage_unreachable,remainder,Rede Internacional de Televisão,br,pt,
rivistageograficaitaliana.it,homepage_unreachable,remainder,Rivista Geografica Italiana,it,it,
rivistalaroma.it,homepage_unreachable,remainder,Q3820607,it,it,
riviste-clueb.online,homepage_unreachable,remainder,Antropologia Pubblica,it,it,
riyadh.sr.sa,homepage_unreachable,remainder,Riyadh Radio,sa,ar,
riyadiyatv.com,homepage_unreachable,remainder,Al Riyadiah 1,sa,,
rj100fm.com,homepage_unreachable,remainder,DYNJ,ph,,
rjfp.ro,homepage_unreachable,remainder,Romanian Journal of Fiscal Policy,ro,en,
rjhis.ro,homepage_unreachable,remainder,Romanian Journal of History and International Studies,ro,en,
rjhs.uniosun.edu.ng,homepage_unreachable,remainder,Research Journal of Health Sciences,ng,en,
rjm.inmh.ro,homepage_unreachable,remainder,Romanian Journal of Meteorology,ro,en,
rjs.inrs.ca,homepage_unreachable,remainder,Q57741000,ca,fr,
rjs.ruh.ac.lk,homepage_unreachable,remainder,Ruhuna Journal of Science,lk,en,
rlo105.com,homepage_unreachable,remainder,Radio Limerick One,ie,,
rmifm.be,homepage_unreachable,remainder,Q3415246,be,,
rmnbacolod.com,homepage_unreachable,remainder,DYHB,ph,,
rmndxcc.tk,homepage_unreachable,remainder,DXCC-AM,ph,,
rmniloilo.net,homepage_unreachable,remainder,DYRI,ph,,
rmnpalawan.caster.fm,homepage_unreachable,remainder,DWAR-FM,ph,,
rmshreq.journals.ekb.eg,homepage_unreachable,remainder,Q96736599,eg,ar,
rmx.com.mx,homepage_unreachable,remainder,XHDL-FM,mx,,
rn1063.tk,homepage_unreachable,remainder,DZVA,ph,,
rnc.co.jp,homepage_unreachable,remainder,Nishinippon Broadcasting,jp,ja,
rnibaz.wix.com,homepage_unreachable,remainder,DWRQ,ph,,
rnl106.com,homepage_unreachable,remainder,Raidió Na Life,ie,,
rnod.bn.pt,homepage_unreachable,remainder,Ágora,pt,pt,
rnod.bnportugal.gov.pt,homepage_unreachable,remainder,"Territorium: Revista Portuguesa de riscos, prevenção e segurança",pt,pt,
ro.com.pl,homepage_unreachable,remainder,Polskie Radio Olsztyn,pl,pl,
roccyfm.com.au,homepage_unreachable,remainder,2LFF,au,,
rock102rocks.com,homepage_unreachable,remainder,CJDJ-FM,ca,,
rockcityfmradio.com,homepage_unreachable,remainder,Rockcity FM (101.9FM),ng,,
rockfm.no,homepage_unreachable,remainder,Rock FM,no,no,
rocznikwielunski.wixsite.com,homepage_unreachable,remainder,Rocznik Wieluński,pl,pl,
rod.se,homepage_unreachable,remainder,Q10655128,se,sv,
rodzvuk.ru,homepage_unreachable,remainder,Rodnoy zvuk,ru,ru,
romanica.uni.lodz.pl,homepage_unreachable,remainder,Q91777685,pl,fr,
romantica931.com,homepage_unreachable,remainder,XHEI-FM,mx,,
romasajtokozpont.hu,homepage_unreachable,remainder,Roma Press Center,hu,hu,
ropnet.ru,homepage_unreachable,remainder,Ogoniok,ru,ru,
roraimahoje.com.br,homepage_unreachable,remainder,Q10364507,br,pt,
ros-polet.ru,homepage_unreachable,remainder,Polyot,ru,ru,
rouge.ch,homepage_unreachable,remainder,Q576464,ch,,
rougefm.com,homepage_unreachable,remainder,Q576464,ch,,
rp10.com.br,homepage_unreachable,remainder,Q115094325,br,pt,
rpc.up.edu.mx,homepage_unreachable,remainder,Q116187786,mx,es,
rpd.unibo.it,homepage_unreachable,remainder,Ricerche di Pedagogia e Didattica,it,en,
rphadelaide.org.au,homepage_unreachable,remainder,5RPH,au,,
rr.sapo.pt,homepage_unreachable,remainder,Rádio Renascença,pt,pt,
rs.unibel.by,homepage_unreachable,remainder,Rodnaje słowa,by,be,
rsafm.org,homepage_unreachable,remainder,Radio Sol de Almijara,es,,
rsd.unifei.edu.br,homepage_unreachable,remainder,"Research, Society and Development",br,pt,
rshn.geo.ucm.es,homepage_unreachable,remainder,Memorias de la Real Sociedad Española de Historia Natural,es,es,
rsi.ch,homepage_unreachable,remainder,Radiotelevisione svizzera di lingua italiana,ch,,
rsim.com.br,homepage_unreachable,remainder,Q51882439,br,pt,
rstmaisqueamelias.wixsite.com,homepage_unreachable,remainder,Mais que Amélias,br,pt,
rstv.nic.in,homepage_unreachable,remainder,Rajya Sabha TV,in,,
rtbfi.be,homepage_unreachable,remainder,RTBF International,be,,
rti.org.tw,homepage_unreachable,remainder,Radio Taiwan International,tw,zh,
rtimusic.ci,homepage_unreachable,remainder,RTI Music TV,ci,,
rtl-prosieben.ch,homepage_unreachable,remainder,RTL/ProSieben Schweiz,ch,,
rtm.gov.my,homepage_unreachable,remainder,Radio Televisyen Malaysia,my,,
rtnh.ht,homepage_unreachable,remainder,Télévision Nationale d'Haïti,ht,,
rtrfm.com.au,homepage_unreachable,remainder,RTRFM,au,,
rtvgro.net,homepage_unreachable,remainder,Radio y Televisión de Guerrero,mx,,
ruhm.es,homepage_unreachable,remainder,Revista Universitaria de Historia Militar On-line,es,es,
ruiderae.revista.uclm.es,homepage_unreachable,remainder,RUIDERAe : Revista de Unidades de Información. Descripción de Experiencias y Resultados Aplicados,es,es,
rurallawandpolicy.edu.au,homepage_unreachable,remainder,International Journal of Rural Law and Policy,au,en,
russhmagazine.com,homepage_unreachable,remainder,Russh,au,en,
russianlawjournal.org,homepage_unreachable,remainder,Russian Law Journal,ru,,
rvee.eu,homepage_unreachable,remainder,Revue Valaque d’Etudes Economiques,ro,fr,
rwenzoritimes.com,homepage_unreachable,remainder,The Rwenzori Times,ug,en,
s1tv.ch,homepage_unreachable,remainder,S1,ch,,
sabac.tv,homepage_unreachable,remainder,RTV Šabac,rs,,
sacountrypress.com.au,homepage_unreachable,remainder,The Southern Argus,au,en,
sagarmatha.tv,homepage_unreachable,remainder,Sagarmatha Television,np,,
sagw.ch,homepage_unreachable,remainder,SAGW Bulletin (Schweizerische Akademie der Geistes- und Sozialwissenschaften),ch,,
sajg.geoscienceworld.org,homepage_unreachable,remainder,South African Journal of Geology,za,en,
salamandre.net,homepage_unreachable,remainder,Revue Salamandre,ch,fr,
salamtoronto.net,homepage_unreachable,remainder,Salam Toronto,ca,,
salmofm.ca,homepage_unreachable,remainder,CFAD-FM,ca,,
salmonarm.myezrock.com,homepage_unreachable,remainder,CKXR-FM,ca,,
salongo.best.cd,homepage_unreachable,remainder,Salongo,cd,fr,
saltwire.com,homepage_unreachable,remainder,The Telegram,ca,en,
sandovalforero.net,homepage_unreachable,remainder,Revista CoPaLa Construyendo Paz Latinoamericana,co,es,
sangeet106fm.co.tt,homepage_unreachable,remainder,Sangeet 106.1 FM,tt,,
sanglap-journal.in,homepage_unreachable,remainder,Sanglap: Journal of Literary and Cultural Inquiry,in,en,
sanjoshinbun.online,homepage_unreachable,remainder,Sanjo Shinbun,jp,ja,
sanjuan8.com,homepage_unreachable,remainder,Q6118237,ar,es,
santiago.uo.edu.cu,homepage_unreachable,remainder,Santiago,cu,es,
saoluis.difusora.fm,homepage_unreachable,remainder,Q18483073,br,,
saopaulo.sp.leg.br,homepage_unreachable,remainder,TV Câmara SP,br,pt,
saphira.ro,homepage_unreachable,remainder,Oeconomics of Knowledge,ro,en,
sashtw.org.za,homepage_unreachable,remainder,Yesterday & Today,za,en,
saskatoonchristianradio.com,homepage_unreachable,remainder,CFAQ-FM,ca,,
saudi2tv.sa,homepage_unreachable,remainder,Saudi 2,sa,ar,
saudiatv.sa,homepage_unreachable,remainder,Al Saudiya,sa,ar,
sb.by,homepage_unreachable,remainder,Sovetskaya Belorussiya – Belarus' Segodnya,by,ru,
sbctv.sa,homepage_unreachable,remainder,SBC,sa,ar,
sbg.ac.at,homepage_unreachable,remainder,Salzburger Theologische Zeitschrift,at,de,
sbg.org.sg,homepage_unreachable,remainder,The Gardens' Bulletin Singapore,sg,en,
sbhmhistoriadamedicina.com,homepage_unreachable,remainder,Jornal Brasileiro de História da Medicina,br,,
sbl-site.org,homepage_unreachable,remainder,HIPHIL Novum,dk,en,
sbt.ti.ch,homepage_unreachable,remainder,Giornale del Popolo,ch,it,
sc.mil.ru,homepage_unreachable,remainder,Military Historical Journal,ru,ru,
scan.nsw.edu.au,homepage_unreachable,remainder,Scan: The Journal for Educators,au,en,
scdwzz.com,homepage_unreachable,remainder,Sichuan Journal of Zoology,cn,zh,
schaffhausen24.ch,homepage_unreachable,remainder,Schaffhauser Bock,ch,de,
scielo.conicyt.cl,homepage_unreachable,remainder,Universum,cl,es,
scielo.gpeari.mctes.pt,homepage_unreachable,remainder,Tourism & Management Studies,pt,pt,
scielo.org.pe,homepage_unreachable,remainder,Revista Médica Herediana,pe,es,
scielo.sld.cu,homepage_unreachable,remainder,Revista Cubana de Cirugía,cu,es,
sciencealert.com,homepage_unreachable,remainder,ScienceAlert,au,,
sciencegate.app,homepage_unreachable,remainder,Acta Universitatis Cibiniensis. Series E: Food Technology,pl,en,
scientificbulletin.upm.ro,homepage_unreachable,remainder,"Scientific Bulletin of the ''Petru Maior"" University of Tîrgu Mureș",ro,en,
scinn.org.ua,homepage_unreachable,remainder,Nauka ta Innovacii,ua,uk,
scitechtv.com.tr,homepage_unreachable,remainder,Q6060313,tr,tr,
scma.maragheh.ac.ir,homepage_unreachable,remainder,Sahand Communications in Mathematical Analysis,ir,en,
scoopmosaique.be,homepage_unreachable,remainder,Q3476009,be,,
screenredasia.com,homepage_unreachable,remainder,Red by HBO,sg,,
sctv.com,homepage_unreachable,remainder,Sichuan Radio and Television,cn,,
scup.com,homepage_unreachable,remainder,Historisk Tidsskrift,no,no,
sda.ch,homepage_unreachable,remainder,Swiss Telegraphic Agency,ch,,
sdf.bz.it,homepage_unreachable,remainder,Südtirol Digital Fernsehen,it,it,
sdj.org.sa,homepage_unreachable,remainder,The Saudi dental journal,sa,en,
sdutsj.edus.si,homepage_unreachable,remainder,Scripta Manent,si,sl,
seadpsi.com.ar,homepage_unreachable,remainder,Perspectivas en Psicología,ar,es,
search.informit.com.au,homepage_unreachable,remainder,Aboriginal History,au,en,
search.informit.org,homepage_unreachable,remainder,Women-Church,au,en,
sebbm.com,homepage_unreachable,remainder,Asociacion Matematica Venezolana. Boletin,es,es,
seed-ideas.org,homepage_unreachable,remainder,Cadmus,it,en,
seer.ufv.br,homepage_unreachable,remainder,Revista Engenharia na Agricultura - REVENG,br,pt,
segrase.se.gov.br,homepage_unreachable,remainder,Q124935328,br,pt,
semat.tums.ac.ir,homepage_unreachable,remainder,Salāmat-i kār-i Īrān,ir,fa,
seminariomatematico.dm.unito.it,homepage_unreachable,remainder,Rendiconti del Seminario Matematico Università e Politecnico di Torino,it,en,
seminariomatematico.polito.it,homepage_unreachable,remainder,Rendiconti del Seminario Matematico Università e Politecnico di Torino,it,en,
senado.gov.ar,homepage_unreachable,remainder,Q6124879,ar,,
serclus.info,homepage_unreachable,remainder,Serclus,it,it,
serieframjandet.com,homepage_unreachable,remainder,Q4993029,se,sv,
sermosgaliza.gal,homepage_unreachable,remainder,Q12400319,es,pt,
settv.com.tw,homepage_unreachable,remainder,Sanlih E-Television,tw,zh,
setv.com.cn,homepage_unreachable,remainder,Southeast Television,cn,zh,
sgecm.org.tw,homepage_unreachable,remainder,International Journal of Gerontology,tw,en,
sgei.co.in,homepage_unreachable,remainder,Journal of Digestive Endoscopy,in,en,
shangbaoindonesia.com,homepage_unreachable,remainder,Indonesia Shang Bao,id,zh,
shaz.ch,homepage_unreachable,remainder,Q2230051,ch,de,
shd.org.yu,homepage_unreachable,remainder,Journal of the Serbian Chemical Society,rs,en,
shedet.journals.ekb.eg,homepage_unreachable,remainder,SHEDET ANNUAL PEER-REVIEWED JOURNAL ISSUED BY THE FACULTY OF ARCHAEOLOGY FAYOUM UNIVERSITY,eg,en,
shemsfm.net,homepage_unreachable,remainder,Shems FM,tn,,
sherbrookerecord.com,homepage_unreachable,remainder,The Record,ca,en,
shfzb.com.cn,homepage_unreachable,remainder,Shanghai Law Journal,cn,zh,
shimabara.fm,homepage_unreachable,remainder,Q11199367,jp,,
shimajournal.org,homepage_unreachable,remainder,Shima: the international journal of research into island cultures,au,en,
shochiku-tokyu.co.jp,homepage_unreachable,remainder,JCOM BS,jp,ja,
shomersaf.com,homepage_unreachable,remainder,Gatekeeper Production,il,en,
shoppingtv.com.tr,homepage_unreachable,remainder,Shopping TV,tr,tr,
sibios.area.fi.cnr.it,homepage_unreachable,remainder,Subterranean Biology,ro,en,
sibjforsci.com,homepage_unreachable,remainder,Sibirskij Lesnoj Žurnal,ru,,
sieve.com.br,homepage_unreachable,remainder,The Sieve,br,pt,
sinpo.tv,homepage_unreachable,remainder,Sin Po TV,id,,
sirasa.com,homepage_unreachable,remainder,Sirasa FM,lk,,
sisef.it,homepage_unreachable,remainder,Forest@,it,it,
sismografo.es,homepage_unreachable,remainder,Q5823354,es,en,
sistemameridional.com.br,homepage_unreachable,remainder,Rondovisão,br,pt,
sistemas.belem.pa.gov.br,homepage_unreachable,remainder,Q124978066,br,pt,
site.recifefm.com.br,homepage_unreachable,remainder,Q10358018,br,pt,
site.tvsudoestepr.com.br,homepage_unreachable,remainder,TV Sudoeste,br,pt,
sjsc.journals.ekb.eg,homepage_unreachable,remainder,Q135430657,eg,ar,
skip.at,homepage_unreachable,remainder,Q2206376,at,de,
skogssport.orientering.se,homepage_unreachable,remainder,Q10670399,se,sv,
skums.ac.ir,homepage_unreachable,remainder,Journal of Shahrekord University of Medical Sciences,ir,fa,
skytv.com.tr,homepage_unreachable,remainder,Sky TV,tr,tr,
slagrtv.cz,homepage_unreachable,remainder,Q10408949,cz,cs,
slashmedia.ch,homepage_unreachable,remainder,Slash Média,ch,fr,
slav.tv,homepage_unreachable,remainder,Slavonic Channel International,ua,,
sld.cu,homepage_unreachable,remainder,Revista Cubana de Cirugía,cu,es,
slovoprosvity.org,homepage_unreachable,remainder,Slovo Prosvity,ua,uk,
slt.telam.com.ar,homepage_unreachable,remainder,Suplemento Literario Télam,ar,es,
smg.cn,homepage_unreachable,remainder,Shanghai Media Group,cn,zh,
smogni.ru,homepage_unreachable,remainder,Severo Muyskiye Ogni,ru,ru,
snahp-sips.ca,homepage_unreachable,remainder,Science of nursing and health practices,ca,en,
snrt.ma,homepage_unreachable,remainder,Al Aoula,ma,,
sobesednik.ru,homepage_unreachable,remainder,Interlocutor,ru,ru,
sociedadekant.org,homepage_unreachable,remainder,Studia Kantiana,br,pt,
sociologie.be,homepage_unreachable,remainder,Sociologos,be,nl,
socsci.flinders.edu.au,homepage_unreachable,remainder,Australian Women's Weekly,au,en,
sohotv.co.nz,homepage_unreachable,remainder,SoHo,nz,,
sol.radiosmadeira.pt,homepage_unreachable,remainder,Rádio Sol,pt,pt,
somersetbudget.co.za,homepage_unreachable,remainder,Somerset Budget & Pearston Advocate,za,en,
somzoomsat.com.br,homepage_unreachable,remainder,Q10358274,br,pt,
sonshinetv.com,homepage_unreachable,remainder,DYYQ-TV,ph,,
sonychannelturkiye.com,homepage_unreachable,remainder,Sony Channel Türkiye,tr,,
sonycocukturkiye.com,homepage_unreachable,remainder,Sony Çocuk,tr,,
sordionline.com,homepage_unreachable,remainder,Q55758624,it,it,
southertimes.com,homepage_unreachable,remainder,Souther Times,cd,,
sovsibir.ru,homepage_unreachable,remainder,Sovetskaya Sibir,ru,ru,
spillmagazine.com,homepage_unreachable,remainder,The Spill Magazine,ca,en,
spisanie.shu.bg,homepage_unreachable,remainder,Acta Scientifica Naturalis,bg,en,
sportinformation.ch,homepage_unreachable,remainder,Sportinformation Si,ch,,
sportklub.tv,homepage_unreachable,remainder,Sport Klub,rs,,
sportsandtravel.com.hk,homepage_unreachable,remainder,Sports+Travel Hong Kong,cn,en,
sposten.no,homepage_unreachable,remainder,Q116785791,no,nb,
spzeitung.ru,homepage_unreachable,remainder,Sankt Petersburger Herold,ru,de,
srgssrideesuisse.ch,homepage_unreachable,remainder,HD suisse,ch,,
srtv.on.ca,homepage_unreachable,remainder,Star Ray TV,ca,,
ssfmedia.ch,homepage_unreachable,remainder,Schweizer Sportfernsehen,ch,,
ssisi.ie,homepage_unreachable,remainder,Journal of the Statistical and Social Inquiry Soc of Ireland,ie,,
ssno.it,homepage_unreachable,remainder,Q123516836,it,it,
stalbertgazette.com,homepage_unreachable,remainder,St. Albert Gazette,ca,,
star947tt.com,homepage_unreachable,remainder,Star 947 HD,tt,,
starfm.ca,homepage_unreachable,remainder,CKLF-FM,ca,,
starfm.co.zw,homepage_unreachable,remainder,Star-FM,zw,,
stargold.in,homepage_unreachable,remainder,STAR Gold,in,,
start.no,homepage_unreachable,remainder,Q125449808,no,nb,
startv.ch,homepage_unreachable,remainder,Star TV,ch,,
starworldasia.tv,homepage_unreachable,remainder,STAR World Philippines,ph,,
steelbananas.com,homepage_unreachable,remainder,Steel Bananas,ca,en,
steeltv.it,homepage_unreachable,remainder,Steel,it,it,
stereocien.com.mx,homepage_unreachable,remainder,XHMM-FM,mx,,
stereouno.tv,homepage_unreachable,remainder,XHMSL-FM,mx,,
stiltv.cz,homepage_unreachable,remainder,Q12056432,cz,cs,
stitchesmagazine.com,homepage_unreachable,remainder,Stitches: The Journal of Medical Humour,ca,,
stocklink.no,homepage_unreachable,remainder,StockLink,no,no,
storyful.com,homepage_unreachable,remainder,Storyful,ie,,
storymedia.com.cn,homepage_unreachable,remainder,CNDF Old Stories,cn,zh,
straight.com,homepage_unreachable,remainder,The Georgia Straight,ca,en,
strathroytoday.ca,homepage_unreachable,remainder,CJMI-FM,ca,,
stream3.dyndns.org,homepage_unreachable,remainder,XHTAM-FM,mx,,
strtv.cn,homepage_unreachable,remainder,Shantou Radio and Television Station,cn,zh,
sttidningen.se,homepage_unreachable,remainder,Q10659675,se,sv,
studia.ubbcluj.ro,homepage_unreachable,remainder,Studia Universitatis Babes-Bolyai Sociologia,pl,ro,
studiamaritima.pl,homepage_unreachable,remainder,Q28674084,pl,pl,
studio23.tv,homepage_unreachable,remainder,Studio 23,ph,,
studiumanisticipiceni.com,homepage_unreachable,remainder,Studi Umanistici Piceni,it,it,
suacidadefm.com,homepage_unreachable,remainder,Q10365665,br,,
suara.com.hk,homepage_unreachable,remainder,Suara,id,id,
sudostroy.com,homepage_unreachable,remainder,Q4445505,ua,ru,
suhabertv.com,homepage_unreachable,remainder,Su TV,tr,,
sulamericaparadiso.com.br,homepage_unreachable,remainder,Q10366120,br,pt,
summerland.myezrock.com,homepage_unreachable,remainder,CHOR-FM,ca,,
sunfmnineone9.com,homepage_unreachable,remainder,"91.9 – Sun FM, Aba",ng,,
sunherald.com.au,homepage_unreachable,remainder,The Sun-Herald,au,en,
sunraysfmkorinya.com,homepage_unreachable,remainder,"103.1 – Sun Rays FM, Korinya City, Konshisha",ng,,
sunriseradio.ie,homepage_unreachable,remainder,"Sunrise Radio, Ireland",ie,,
super.ru,homepage_unreachable,remainder,Super.ru,ru,ru,
super3.it,homepage_unreachable,remainder,Super 3,it,it,
superchannel22.com,homepage_unreachable,remainder,XHPNW-TDT,mx,,
superkanal.com.tr,homepage_unreachable,remainder,Süper Kanal,tr,tr,
supermarajoara.com.br,homepage_unreachable,remainder,Q10365948,br,pt,
supermix.tv.br,homepage_unreachable,remainder,SuperMix,br,pt,
suritv.com.ar,homepage_unreachable,remainder,Suri TV,ar,,
suryodaya.tv,homepage_unreachable,remainder,Suryodaya TV,np,,
svcn.org.ve,homepage_unreachable,remainder,Boletín de la Sociedad Venezolana de Ciencias Naturales,ve,es,
swisspressarchives.ch,homepage_unreachable,remainder,Bote vom Untersee und Rhein,ch,de,
switchfm.mx,homepage_unreachable,remainder,XHGU-FM,mx,,
swz.it,homepage_unreachable,remainder,Q15849897,it,it,
sxrb.com,homepage_unreachable,remainder,Shanxi Daily,cn,,
sxrtv.com,homepage_unreachable,remainder,Shanxi Radio Television,cn,,
syfy.com.au,homepage_unreachable,remainder,Syfy,au,,
synapse.koreamed.org,homepage_unreachable,remainder,Endocrinology and metabolism : EnM,kr,,
syrianeducation.tv,homepage_unreachable,remainder,Syrian Education TV,sy,,
szags.ru,homepage_unreachable,remainder,Administrative Consulting,ru,ru,
szb.dlxww.com,homepage_unreachable,remainder,Dalian Daily,cn,zh,
szmg.com.cn,homepage_unreachable,remainder,Shenzhen Media Group,cn,zh,
szombat.org,homepage_unreachable,remainder,Q87712178,hu,hu,
t-vision.it,homepage_unreachable,remainder,Antenna Tre Nordest,it,it,
taagh.news,homepage_unreachable,remainder,Taagh Magazine,ir,,
tabi.tokyodisneyresort.co.jp,homepage_unreachable,remainder,Q11524293,jp,ja,
taddlecreekmag.com,homepage_unreachable,remainder,Taddle Creek,ca,en,
tajrobehmag.com,homepage_unreachable,remainder,Tajrobeh,ir,fa,
talaqie.net,homepage_unreachable,remainder,Talaqie TV,sy,,
tanmiyat.mosuljournals.com,homepage_unreachable,remainder,TANMIYAT AL-RAFIDAIN,iq,,
tao.cgu.org.tw,homepage_unreachable,remainder,"TAO: Terrestrial, Atmospheric and Oceanic Sciences",tw,en,
taraf.tv,homepage_unreachable,remainder,Taraf TV,ro,,
tasnimnews.com,homepage_unreachable,remainder,Q134970831,ir,ur,
tatar-inform.ru,homepage_unreachable,remainder,Tatar-inform,ru,ru,
tavan-en.ru,homepage_unreachable,remainder,The native land,ru,ru,
tbj.ui.ac.ir,homepage_unreachable,remainder,Taxonomy and Biosystematics Journal,ir,fa,
tbn-tv.com,homepage_unreachable,remainder,TBN Rossiya,ru,,
tbs.co.jp,homepage_unreachable,remainder,TBS Television,jp,ja,
tbsholdings.co.jp,homepage_unreachable,remainder,TBS Holdings Inc.,jp,ja,
tde-journal.org,homepage_unreachable,remainder,Translingual Discourse in Ethnomusicology,at,en,
tec.cr,homepage_unreachable,remainder,Tec Empresarial,cr,es,
tecedu.pro.br,homepage_unreachable,remainder,Revista Tecnologias na Educação,br,pt,
technomag.edu.ru,homepage_unreachable,remainder,Nauka i Obrazovanie,ru,ru,
tecnura.udistrital.edu.co,homepage_unreachable,remainder,Tecnura,co,es,
tectel.services,homepage_unreachable,remainder,Cartevive,ch,it,
tectijuana.edu.mx,homepage_unreachable,remainder,XHITT-FM,mx,,
teema.yle.fi,homepage_unreachable,remainder,Q3042201,fi,fi,
telad.co.il,homepage_unreachable,remainder,Telad,il,he,
telebimbi.ca,homepage_unreachable,remainder,Telebimbi,ca,,
telecapri.it,homepage_unreachable,remainder,Telecapri,it,it,
telegraphjournal.com,homepage_unreachable,remainder,Telegraph-Journal,ca,en,
teleliguriasud.it,homepage_unreachable,remainder,Tele Liguria Sud,it,it,
telemagino.ca,homepage_unreachable,remainder,Télémagino,ca,,
telemaretv.it,homepage_unreachable,remainder,Telemare,it,it,
telemúsica.com.ar,homepage_unreachable,remainder,Q6140557,ar,,
telenova.it,homepage_unreachable,remainder,Telenova,it,it,
telepace.it,homepage_unreachable,remainder,Telepace,it,it,
telepro.be,homepage_unreachable,remainder,Télépro,be,fr,
telequebec.tv,homepage_unreachable,remainder,Télé-Québec,ca,,
telerebelde.icrt.cu,homepage_unreachable,remainder,Tele Rebelde,cu,,
telesudtv.it,homepage_unreachable,remainder,Q3982969,it,it,
telesveva.it,homepage_unreachable,remainder,Q24940210,it,it,
teletama.jp,homepage_unreachable,remainder,Television Saitama,jp,ja,
teletv.com,homepage_unreachable,remainder,TeleTV,br,,
televaldepeñas.es,homepage_unreachable,remainder,TeleValdepeñas,es,es,
televidatv.com,homepage_unreachable,remainder,Q6140401,cl,,
televisadelgolfo.tv,homepage_unreachable,remainder,XHTPZ-TDT,mx,,
televisanuevolaredo.tv,homepage_unreachable,remainder,XHLAR-TDT,mx,,
televisoraregionaldeltachira.com,homepage_unreachable,remainder,Televisora Regional del Táchira,ve,,
televita65.it,homepage_unreachable,remainder,Televita,it,it,
telewizjawejherowo.pl,homepage_unreachable,remainder,Q9356556,pl,pl,
telvza-tv.tn,homepage_unreachable,remainder,Telvza TV,tn,,
teoros.revues.org,homepage_unreachable,remainder,Teoros: revue de recherche en tourisme,ca,fr,
terrace.myezrock.com,homepage_unreachable,remainder,CFTK,ca,,
terradigitalis.igg.unam.mx,homepage_unreachable,remainder,Terra Digitalis,mx,es,
territorioeldorado.limao.com.br,homepage_unreachable,remainder,Eldorado FM,br,pt,
text-matters.net,homepage_unreachable,remainder,"Text Matters: A Journal of Literature, Theory and Culture",pl,en,
tfo.org,homepage_unreachable,remainder,TFO,ca,,
tfzr.uns.ac.rs,homepage_unreachable,remainder,Journal of Engineering Management and Competitiveness,rs,en,
tgcom24.ca,homepage_unreachable,remainder,TGcom24,ca,,
th3-original.com,homepage_unreachable,remainder,TH3 Original,eg,ar,
thaqafiyatv.sa,homepage_unreachable,remainder,Thaqafiya,sa,ar,
thawra.sy,homepage_unreachable,remainder,al-Thawra,sy,ar,
the-underground.online,homepage_unreachable,remainder,The Underground,ca,,
theborneopost.com,homepage_unreachable,remainder,Borneo Post,my,en,
thebruns.ca,homepage_unreachable,remainder,The Brunswickan,ca,,
thebudapestweek.com,homepage_unreachable,remainder,Budapest Week,hu,en,
thecadreupei.com,homepage_unreachable,remainder,The Cadre,ca,en,
thecambridgereporter.com,homepage_unreachable,remainder,Cambridge Reporter,ca,,
thecape949.com,homepage_unreachable,remainder,CKPE-FM,ca,,
thecapilanoreview.ca,homepage_unreachable,remainder,The Capilano Review,ca,en,
thecasket.ca,homepage_unreachable,remainder,The Casket,ca,en,
thecoast.ca,homepage_unreachable,remainder,The Coast,ca,en,
theconcordian.com,homepage_unreachable,remainder,The Concordian,ca,,
thecreativelauncher.com,homepage_unreachable,remainder,The Creative Launcher,in,,
thefiddlehead.ca,homepage_unreachable,remainder,The Fiddlehead,ca,en,
thegatewayonline.ca,homepage_unreachable,remainder,The Gateway,ca,en,
thegridto.com,homepage_unreachable,remainder,The Grid,ca,,
theinc.co.za,homepage_unreachable,remainder,Table Talk,za,,
thejaps.org.pk,homepage_unreachable,remainder,Journal of Animal and Plant Sciences,ke,en,
thekararnivang.com,homepage_unreachable,remainder,Thekar,in,,
thelaker.ca,homepage_unreachable,remainder,The Laker,ca,en,
theliftedbrow.com,homepage_unreachable,remainder,The Lifted Brow,au,en,
thelinknewspaper.ca,homepage_unreachable,remainder,The Link,ca,en,
themalaysianreserve.com,homepage_unreachable,remainder,The Malaysian Reserve,my,en,
themanitoban.com,homepage_unreachable,remainder,The Manitoban,ca,en,
thematelevision.com,homepage_unreachable,remainder,Q5667994,cl,,
themixx887.com,homepage_unreachable,remainder,THE MIXX 88.7 FM,ng,,
thenewjradio.febc.ph,homepage_unreachable,remainder,DXJL,ph,,
thenews.com.mx,homepage_unreachable,remainder,The News,mx,en,
thenewsonline.es,homepage_unreachable,remainder,The News Media Group,es,es,
thenigeriastandard.ng,homepage_unreachable,remainder,The Nigeria Standard,ng,en,
theobjective.com,homepage_unreachable,remainder,The Objective,es,es,
theovercast.ca,homepage_unreachable,remainder,The Overcast,ca,,
thepeak.fm,homepage_unreachable,remainder,CKPK-FM,ca,,
theq.fm,homepage_unreachable,remainder,CKKQ-FM,ca,,
thequill.ca,homepage_unreachable,remainder,The Quill,ca,,
theradio.com.au,homepage_unreachable,remainder,3CS,au,,
therussianguide.com,homepage_unreachable,remainder,Weekly Newspaper,ca,ru,
thescenemagazine.ca,homepage_unreachable,remainder,The Scene Magazine,ca,en,
thevarsity.ca,homepage_unreachable,remainder,The Varsity,ca,en,
thezone.fm,homepage_unreachable,remainder,CJZN-FM,ca,,
thieme-connect.com,homepage_unreachable,remainder,Libyan International Medical University Journal,in,ar,
thinkersnewsng.com,homepage_unreachable,remainder,Thinkers Newspaper,ng,,
ti.jvolsu.com,homepage_unreachable,remainder,Vestnik Volgogradskogo Gosudarstvennogo Universiteta. Seriâ 10. Innovacionnaâ Deâtelʹnostʹ,ru,ru,
tidningen-boken.com,homepage_unreachable,remainder,Tidningen Boken,se,sv,
tidningen.nu,homepage_unreachable,remainder,Q10470012,se,sv,
tidningenbarn.se,homepage_unreachable,remainder,Q10426450,se,sv,
tierraadentro.cultura.gob.mx,homepage_unreachable,remainder,Q104678183,mx,es,
timestranscript.com,homepage_unreachable,remainder,Times & Transcript,ca,,
timreview.ca,homepage_unreachable,remainder,Technology Innovation Management Review,ca,en,
tititi.com.br,homepage_unreachable,remainder,Q10382298,br,pt,
tjb.co.kr,homepage_unreachable,remainder,Taejon Broadcasting Corporation,kr,ko,
tjmc.edu.cn,homepage_unreachable,remainder,Journal of Huazhong University of Science and Technology. Medical Sciences,cn,zh,
tlcasia.com,homepage_unreachable,remainder,Q17509769,sg,,
tlijournal.com,homepage_unreachable,remainder,Teaching & Learning Inquiry: The ISSOTL Journal,ca,en,
tmbtv.it,homepage_unreachable,remainder,Telemonzabrianza TV,it,it,
tmrjournals.com,homepage_unreachable,remainder,Traditional Medicine Research,cn,en,
tmsstudies.net,homepage_unreachable,remainder,Tourism & Management Studies,pt,pt,
tni-rtn.com,homepage_unreachable,remainder,Taqramiut Nipingat,ca,,
tnkul.pl,homepage_unreachable,remainder,Roczniki Teologiczne,pl,pl,
tnntunisia.tn,homepage_unreachable,remainder,Tunisia News Network,tn,,
tnq.ca,homepage_unreachable,remainder,The New Quarterly,ca,en,
tnt-tv.se,homepage_unreachable,remainder,TNT,se,sv,
tntsports.cl,homepage_unreachable,remainder,TNT Sports,cl,,
todaysfarmer.ca,homepage_unreachable,remainder,Today's Farmer,ca,en,
tokairadio.co.jp,homepage_unreachable,remainder,Tokai Radio Broadcasting,jp,ja,
tongli.com.tw,homepage_unreachable,remainder,Star Girls,tw,zh,
tonightnews.ca,homepage_unreachable,remainder,T.o.night,ca,,
topfmteresina.com.br,homepage_unreachable,remainder,Q65171130,br,pt,
topmusic.mx,homepage_unreachable,remainder,XHKH-FM,mx,,
torontolife.com,homepage_unreachable,remainder,Toronto Life,ca,en,
torontosun.com,homepage_unreachable,remainder,Toronto Sun,ca,en,
toukei.metro.tokyo.jp,homepage_unreachable,remainder,Tokyo Statistical Yearbook,jp,ja,
town.kamijima.ehime.jp,homepage_unreachable,remainder,Q11358926,jp,ja,
toxir.com,homepage_unreachable,remainder,International Journal of Medical Toxicology and Forensic Medicine,ir,en,
tqmp.org,homepage_unreachable,remainder,Tutorials in quantitative methods for psychology,ca,,
trabzonspor.org.tr,homepage_unreachable,remainder,Q6033512,tr,tr,
traildailytimes.ca,homepage_unreachable,remainder,Trail Daily Times,ca,en,
transparencia.amaraji.pe.gov.br,homepage_unreachable,remainder,Q124978134,br,pt,
transportarbetaren.se,homepage_unreachable,remainder,Q10701313,se,sv,
transsibinfo.com,homepage_unreachable,remainder,Transsibinfo,ru,ru,
transsylvanianostra.eu,homepage_unreachable,remainder,Transsylvania Nostra,ro,ro,
tremenda.com.mx,homepage_unreachable,remainder,La Tremenda 106.5,mx,,
trends.knack.be,homepage_unreachable,remainder,Trends,be,nl,
trends.levif.be,homepage_unreachable,remainder,Trends-Tendances,be,fr,
trendy.fbm.vutbr.cz,homepage_unreachable,remainder,Trendy Ekonomiky a Managementu,cz,cs,
tribemagazine.com,homepage_unreachable,remainder,Tribe Magazine,ca,en,
triboskate.com.br,homepage_unreachable,remainder,Tribo Skate,br,pt,
tribuna.ru,homepage_unreachable,remainder,Tribuna,ru,ru,
tribunadeloscabos.com.mx,homepage_unreachable,remainder,Tribuna de Los Cabos,mx,es,
tribunadoceara.uol.com.br,homepage_unreachable,remainder,NordesTV,br,pt,
tridentnewspaper.com,homepage_unreachable,remainder,Trident Military Newspaper,ca,en,
triplecfm.com.au,homepage_unreachable,remainder,West FM,au,en,
trizub-fm.online,homepage_unreachable,remainder,Tryzub FM,ua,,
tropical94.com.br,homepage_unreachable,remainder,TV Tropical,br,pt,
tropicana.ec,homepage_unreachable,remainder,Tropicana,ec,,
trthd.com,homepage_unreachable,remainder,TRT HD,tr,,
tru.uni-sz.bg,homepage_unreachable,remainder,Bulgarian Journal of Veterinary Medicine,bg,en,
trurodaily.com,homepage_unreachable,remainder,Truro Daily News,ca,en,
tsagi.ru,homepage_unreachable,remainder,Tekhnika vozdushnogo flota,ru,en,
tsc.ca,homepage_unreachable,remainder,TSC,ca,,
tschuttiheft.li,homepage_unreachable,remainder,Tschuttiheftli,ch,de,
tscuadernosdetrabajosocial.cl,homepage_unreachable,remainder,TS Cuadernos de Trabajo Social,cl,es,
tsf.pt,homepage_unreachable,remainder,TSF,pt,pt,
tsghipatiaeditorial.com,homepage_unreachable,remainder,Global Social Work,es,,
tsports7.com,homepage_unreachable,remainder,T Sport 7,th,,
tssdnews.com.tw,homepage_unreachable,remainder,Taiwan Shin Sheng Daily News,tw,zh,
tstv.fi,homepage_unreachable,remainder,Q18662424,fi,fi,
tsumura.co.jp,homepage_unreachable,remainder,Japanese Journal of Botany,jp,en,
tuf.co.jp,homepage_unreachable,remainder,TV-U Fukushima,jp,ja,
tumj.ir,homepage_unreachable,remainder,Tehran University Medical Journal,ir,fa,
tunivisions.net,homepage_unreachable,remainder,Tunivisions,tn,fr,
turanga-ararau.org.nz,homepage_unreachable,remainder,Pīpīwharauroa,nz,en,
turkc.tv,homepage_unreachable,remainder,Q6082610,tr,,
turkishbioethics.org,homepage_unreachable,remainder,Türkiye Biyoetik Dergisi,tr,,
tuvozstereofm.tk,homepage_unreachable,remainder,Tu voz stereo FM (Zulia),ve,es,
tuvozstereofm.wix.com,homepage_unreachable,remainder,Tu voz stereo FM (Zulia),ve,es,
tv-bella.dk,homepage_unreachable,remainder,TV-Bella,dk,da,
tv.app.tvvest.no,homepage_unreachable,remainder,TV Vest,no,no,
tv.echoroukonline.com,homepage_unreachable,remainder,Echorouk News,dz,,
tv.kyiv.media,homepage_unreachable,remainder,Q12159634,ua,,
tv.line.me,homepage_unreachable,remainder,Line TV,th,,
tv.mediaset.it,homepage_unreachable,remainder,Italia 1,it,it,
tv.minculturas.gob.bo,homepage_unreachable,remainder,TV Culturas,bo,,
tv.rbc.ru,homepage_unreachable,remainder,RBK TV,ru,ru,
tv.tarobanews.com,homepage_unreachable,remainder,TV Tarobá Cascavel,br,,
tv1.co.tz,homepage_unreachable,remainder,TV1 (Tanzania),tz,,
tv3.ru,homepage_unreachable,remainder,TV-3,ru,ru,
tv3network.com,homepage_unreachable,remainder,TV3 Ghana,gh,,
tv4faktaxl.se,homepage_unreachable,remainder,TV4 Fakta XL,se,sv,
tv4uiranian.com,homepage_unreachable,remainder,40 TV,es,,
tv5.com.ph,homepage_unreachable,remainder,DWET-TV,ph,,
tv5.zp.ua,homepage_unreachable,remainder,TV5,ua,uk,
tv6.ru,homepage_unreachable,remainder,TV-6,ru,ru,
tv6.se,homepage_unreachable,remainder,TV6,se,sv,
tv6norge.no,homepage_unreachable,remainder,TV6,no,no,
tv9.net,homepage_unreachable,remainder,TV9 Telugu,in,te,
tvaltena.com,homepage_unreachable,remainder,XHARJ-TV,mx,,
tvashur.com,homepage_unreachable,remainder,Ashur TV,iq,,
tvazteca.com.mx,homepage_unreachable,remainder,XHCH-TDT,mx,,
tvbrasil.tv.br,homepage_unreachable,remainder,TV Brasil - Integration channel,br,pt,
tvbrasilia.com.br,homepage_unreachable,remainder,TV Brasília,br,pt,
tvcanalz.wixsite.com,homepage_unreachable,remainder,Canal Z,ve,,
tvcapital.com.br,homepage_unreachable,remainder,TV Capital (Fortaleza),br,pt,
tvcaravelas.com,homepage_unreachable,remainder,TV Caravelas,br,,
tvcaxias.com,homepage_unreachable,remainder,TV Caxias,br,,
tvci.cat,homepage_unreachable,remainder,TV3CAT,es,,
tvcidadeitauna.com.br,homepage_unreachable,remainder,TV Cidade Itaúna,br,pt,
tvcidadesp.com.br,homepage_unreachable,remainder,TV Cidade de São Paulo,br,pt,
tvcomunitaria.org,homepage_unreachable,remainder,Televisora Comunitaria de Rubio,ve,,
tvcubana.icrt.cu,homepage_unreachable,remainder,Canal Educativo,cu,,
tvdescalvados.com,homepage_unreachable,remainder,TV Descalvados,br,,
tve.kemdikbud.go.id,homepage_unreachable,remainder,TV Edukasi,id,id,
tvecultura.ms.gov.br,homepage_unreachable,remainder,Educational TV of Mato Grosso do Sul,br,pt,
tvejf.com.br,homepage_unreachable,remainder,TV Educativa de Juiz de Fora,br,pt,
tvequinociohd.com.br,homepage_unreachable,remainder,TV Equinócio,br,pt,
tvhaberistanbul.com,homepage_unreachable,remainder,Haber Istanbul,tr,,
tvi24.pt,homepage_unreachable,remainder,TVI 24,pt,pt,
tvlapaz.wix.com,homepage_unreachable,remainder,XHK-TV,mx,,
tvleste.com.br,homepage_unreachable,remainder,TV Sudeste Leste,br,pt,
tvmost.info,homepage_unreachable,remainder,TV Most,rs,,
tvnantofagasta.cl,homepage_unreachable,remainder,Q6140732,cl,,
tvnaustral.cl,homepage_unreachable,remainder,Televisión Nacional de Chile Red Austral,cl,,
tvnbiobio.cl,homepage_unreachable,remainder,Q6140741,cl,,
tvnmeteoactive.tvn2n.pl,homepage_unreachable,remainder,TVN Meteo,pl,pl,
tvnohiggins.cl,homepage_unreachable,remainder,Q6140748,cl,,
tvoyama.ne.jp,homepage_unreachable,remainder,TV Oyama,jp,ja,
tvpontanegra.com.br,homepage_unreachable,remainder,TV Ponta Negra,br,pt,
tvpontaverde.op9.com.br,homepage_unreachable,remainder,TV Ponta Verde,br,pt,
tvprimeira.com,homepage_unreachable,remainder,TV Primeira,br,,
tvprimorka.eu,homepage_unreachable,remainder,TV Primorka,si,,
tvpublicafueguina.com.ar,homepage_unreachable,remainder,TV Pública Fueguina,ar,,
tvr.es,homepage_unreachable,remainder,Rioja Televisión S.A.,es,es,
tvrba.com.br,homepage_unreachable,remainder,RBA TV,br,pt,
tvredcanal11.com,homepage_unreachable,remainder,TV Red,sv,,
tvregina.cz,homepage_unreachable,remainder,Q15735487,cz,cs,
tvrl.ch,homepage_unreachable,remainder,Q3546730,ch,,
tvrparlemen.dpr.go.id,homepage_unreachable,remainder,TVR Parlemen,id,id,
tvrs.ca,homepage_unreachable,remainder,Télévision Rive-Sud,ca,,
tvrtm.cz,homepage_unreachable,remainder,RTM+,cz,cs,
tvsucesso.com.br,homepage_unreachable,remainder,TV Sucesso,br,pt,
tvtribunape.com.br,homepage_unreachable,remainder,TV Tribuna,br,pt,
tvultrafarma.com.br,homepage_unreachable,remainder,TV Ultrafarma,br,pt,
tvuniaobrasilia.com.br,homepage_unreachable,remainder,TV União Brasília,br,pt,
tvunisantos.com.br,homepage_unreachable,remainder,TV UniSantos,br,pt,
tvunsa.com.pe,homepage_unreachable,remainder,Q6137667,pe,,
tvverdesmares.com.br,homepage_unreachable,remainder,TV Verdes Mares,br,pt,
tvverdevale.tv,homepage_unreachable,remainder,TV Verde Vale,br,,
tvvitoriape.com,homepage_unreachable,remainder,TV Vitória (Vitória de Santo Antão),br,,
tvweeklogieawards.com.au,homepage_unreachable,remainder,TV Week,au,en,
tvx.com.sv,homepage_unreachable,remainder,TVX,sv,,
tygodnik.czasciechanowa.pl,homepage_unreachable,remainder,Q9198335,pl,pl,
tygodnik.fishing.pl,homepage_unreachable,remainder,Q9363536,pl,pl,
tygodnikforum.onet.pl,homepage_unreachable,remainder,Forum,pl,pl,
tywbw.com,homepage_unreachable,remainder,Taiyuan wan bao,cn,,
tzintzun.iih.umich.mx,homepage_unreachable,remainder,Tzintzun. Revista de Estudios Históricos,mx,es,
ua.ukrbiochemjournal.org,homepage_unreachable,remainder,The Ukrainian Biochemical Journal,ua,en,
uabjo.mx,homepage_unreachable,remainder,Q116187785,mx,es,
uamoderna.com,homepage_unreachable,remainder,Ukraina Moderna,ua,uk,
ub.ntnu.no,homepage_unreachable,remainder,Norsk epidemiologi = Norwegian journal of epidemiology,no,en,
ub.uit.no,homepage_unreachable,remainder,Rangifer,no,en,
ubyssey.ca,homepage_unreachable,remainder,The Ubyssey,ca,en,
ucankus.com,homepage_unreachable,remainder,Uçankuş TV,tr,,
ucayalinanext.com,homepage_unreachable,remainder,Ucayalina de Televisión,pe,,
ucbchathamkent.com,homepage_unreachable,remainder,CKGW-FM,ca,,
ucemes,homepage_unreachable,remainder,Hispania Epigraphica,es,es,
ucentral.cl,homepage_unreachable,remainder,Diseño Urbano y Paisaje,cl,es,
uchilefau.cl,homepage_unreachable,remainder,Investigaciones Geográficas,cl,es,
ucpfm.ucp.br,homepage_unreachable,remainder,Q10386101,br,pt,
ucstv.com.br,homepage_unreachable,remainder,UCS TV,br,pt,
udea.edu.co,homepage_unreachable,remainder,Q5831456,co,,
udp.cl,homepage_unreachable,remainder,Q89491199,cl,es,
ue.katowice,homepage_unreachable,remainder,Journal of Economics and Management,pl,en,
uerjneiba.blogspot.com.br,homepage_unreachable,remainder,Revista Neiba Cadernos Argentina Brasil,br,pt,
uezo.rj.gov.br,homepage_unreachable,remainder,Acta Scientiae et Technicae,br,pt,
ufm1055.com,homepage_unreachable,remainder,DWDU,ph,,
ufpe.br,homepage_unreachable,remainder,TV Universitária,br,pt,
ufpel.tche.br,homepage_unreachable,remainder,Ciência da Madeira,br,pt,
ufvcascade.ca,homepage_unreachable,remainder,The Cascade,ca,en,
uhradio.fm,homepage_unreachable,remainder,Q12163380,ua,,
uilfm.unilorin.edu.ng,homepage_unreachable,remainder,Unilorin FM,ng,,
ujms.se,homepage_unreachable,remainder,Upsala Journal of Medical Sciences,se,en,
ukraina.rmf.pl,homepage_unreachable,remainder,RMF Ukraina,pl,en,
ukrbiochemjournal.org,homepage_unreachable,remainder,The Ukrainian Biochemical Journal,ua,en,
ukrdolya.com.ua,homepage_unreachable,remainder,Q12163802,ua,uk,
ukrlive.tv,homepage_unreachable,remainder,UkrLive,ua,,
ulbratv.com.br,homepage_unreachable,remainder,Ulbra TV,br,pt,
ulyssefm.net,homepage_unreachable,remainder,Ulysse FM,tn,,
umfm.com,homepage_unreachable,remainder,CJUM-FM,ca,,
uminjournals.org,homepage_unreachable,remainder,University of Mindanao International Multidisciplinary Research Journal,ph,en,
umj.ru,homepage_unreachable,remainder,University Management: Practice and Analysis,ru,ru,
undergraduateethnography.org,homepage_unreachable,remainder,The Journal for Undergraduate Ethnography,ca,en,
unemi.edu.eci,homepage_unreachable,remainder,Ciencia UNEMI,ec,es,
unesco.uj.edu.pl,homepage_unreachable,remainder,Studies in Polish Linguistics,pl,en,
unex.es,homepage_unreachable,remainder,Talia dixit,es,es,
unilagradio1031.com,homepage_unreachable,remainder,Unilag FM,ng,,
uniradio.com,homepage_unreachable,remainder,XHKE-FM,mx,,
unisinos.fm,homepage_unreachable,remainder,Unisinos FM,br,,
universfm.org,homepage_unreachable,remainder,Univers FM RDC,cd,,
uob.edu.pk,homepage_unreachable,remainder,Al-Burz,pk,en,
uoh.edu.pk,homepage_unreachable,remainder,Journal of Islamic and Religious Studies,pk,,
uojm.ca,homepage_unreachable,remainder,University of Ottawa Journal of Medicine,ca,en,
uoradea.ro,homepage_unreachable,remainder,Journal of Social Research & Policy,ro,ro,
upc.cz,homepage_unreachable,remainder,Q12021612,cz,cs,
uphere.ca,homepage_unreachable,remainder,Up Here,ca,en,
uppercasemagazine.com,homepage_unreachable,remainder,Uppercase magazine,ca,,
urban96.fm,homepage_unreachable,remainder,Urban96 Radio Network,ng,en,
urbana.tv.br,homepage_unreachable,remainder,TV Urbana,br,pt,
urbanhistoryreview.ca,homepage_unreachable,remainder,Urban History Review,ca,en,
urdu1.tv,homepage_unreachable,remainder,Urdu 1,pk,,
urhobovanguard.com,homepage_unreachable,remainder,Urhobo vanguard,ng,,
urmia.ac.ir,homepage_unreachable,remainder,Veterinary research forum : an international quarterly journal,ir,en,
urn.fi,homepage_unreachable,remainder,Metstieteen Aikakauskirja,fi,sv,
usak.org.tr,homepage_unreachable,remainder,Review of International Law and Politics,tr,tr,
usalmanah.org.ua,homepage_unreachable,remainder,Ukrainian Dental Almanac,ua,uk,
usask.ca,homepage_unreachable,remainder,Journal of Religion and Popular Culture,ca,en,
usc.es,homepage_unreachable,remainder,Revista Galega de Economía,es,es,
usmtv.pe,homepage_unreachable,remainder,USMP TV,pe,,
usurj.journals.usask.ca,homepage_unreachable,remainder,University of Saskatchewan Undergraduate Research Journal,ca,en,
utain.uta.fi,homepage_unreachable,remainder,Utain,fi,fi,
utem.cl,homepage_unreachable,remainder,Serie Bibliotecología y Gestión de Información,cl,es,
uthrussia.ru,homepage_unreachable,remainder,Q3547537,ru,ru,
utpjournals.com,homepage_unreachable,remainder,Canadian Historical Review,ca,en,
utpjournals.press,homepage_unreachable,remainder,Canadian Historical Review,ca,en,
utv.soxj.com,homepage_unreachable,remainder,Ürümqi Television Station,cn,,
uv.mx,homepage_unreachable,remainder,XHRUV-FM,mx,,
uvagut.tv,homepage_unreachable,remainder,Uvagut TV,ca,,
uvaq.edu.mx,homepage_unreachable,remainder,XHELI-FM,mx,,
uwchevron.com,homepage_unreachable,remainder,The Chevron,ca,,
uyr934fm.co.za,homepage_unreachable,remainder,Ugu Youth Radio FM,za,,
vaalerradio.net,homepage_unreachable,remainder,Q12010193,no,,
valediario.com,homepage_unreachable,remainder,ValeDiario,es,,
valozhin.by,homepage_unreachable,remainder,Q97618998,by,ru,
vancourier.com,homepage_unreachable,remainder,Vancouver Courier,ca,en,
vanmag.com,homepage_unreachable,remainder,Vancouver Magazine,ca,en,
vaol.hu,homepage_unreachable,remainder,Vas Népe,hu,hu,
vapentidningen.se,homepage_unreachable,remainder,Vapentidningen,se,sv,
vcl.sld.cu,homepage_unreachable,remainder,"Revista Médica del Centro Hospital ""Arnaldo Milián Castro""",cu,es,
vcmultichannel.com,homepage_unreachable,remainder,Q25631129,ve,,
vee.fi,homepage_unreachable,remainder,V,fi,fi,
verdinha.com.br,homepage_unreachable,remainder,Q10389837,br,pt,
veritaslegazpi.com,homepage_unreachable,remainder,DWCZ,ph,,
versita.com.afe,homepage_unreachable,remainder,Archives of Foundry Engineering,pl,en,
versita.com.pf,homepage_unreachable,remainder,Przeglad Filozoficzny Nowa Seria,pl,pl,
vesti.lv,homepage_unreachable,remainder,Segodnya,lv,ru,
vestnik.ksu.edu.ru,homepage_unreachable,remainder,Q117865714,ru,ru,
vestnik.mrsu.ru,homepage_unreachable,remainder,Vestnik Mordovskogo Universiteta,ru,ru,
vestnik.mstu.edu.ru,homepage_unreachable,remainder,Vestnik MGTU,ru,ru,
vestnik.pstu.ru,homepage_unreachable,remainder,Bulletin of the Perm National Research Polytechnic University,ru,ru,
vestnikmgsu.ru,homepage_unreachable,remainder,Vestnik MGSU,ru,ru,
viaplay.no,homepage_unreachable,remainder,TV3+ Norway,no,no,
viasat.no,homepage_unreachable,remainder,V Sport,fi,no,
viasat.se,homepage_unreachable,remainder,Viasat,no,sv,
vibesfm.com.ng,homepage_unreachable,remainder,Vibes 97.3 FM Benin,ng,,
vidalia.ufv.br,homepage_unreachable,remainder,Vidalia,br,en,
video33.it,homepage_unreachable,remainder,VB33,it,it,
videoitalia.it,homepage_unreachable,remainder,Video Italia,it,it,
videonola.tv,homepage_unreachable,remainder,Q4011406,it,,
viedesarts.com,homepage_unreachable,remainder,Vie des arts,ca,fr,
vietmag.org,homepage_unreachable,remainder,Viprosy istorii estestviznaniya i tehniki,ru,ru,
viewpointmagazine.org.au,homepage_unreachable,remainder,Viewpoint,au,en,
vijaykarnataka.com,homepage_unreachable,remainder,Vijaya Karnataka,in,kn,
viladereifm.com,homepage_unreachable,remainder,Vila de Rei FM,pt,,
ville-ge.ch,homepage_unreachable,remainder,Boissiera. Memoires du Conservatoire de Botanique et de l'Institut de Botanique Systématique de l'Université de Genève,ch,fr,
vinkray.org.ua,homepage_unreachable,remainder,Vinnytsia region,ua,uk,
vintagetv.com.ua,homepage_unreachable,remainder,Vintage,ua,uk,
virginradiojordan.com,homepage_unreachable,remainder,Virgin Radio Jordan,jo,,
virgule.lu,homepage_unreachable,remainder,Virgule,lu,,
visaojuridica.uol.com.br,homepage_unreachable,remainder,Visão Jurídica,br,pt,
visionfm.ng,homepage_unreachable,remainder,Vision FM Kaduna,ng,,
visorcofre.bnc.cat,homepage_unreachable,remainder,Cuina,es,es,
viu.tv,homepage_unreachable,remainder,Q21175575,cn,,
vivaoeste.com.br,homepage_unreachable,remainder,Nova Rádio Cultura,br,pt,
vive.cl,homepage_unreachable,remainder,Vive!,cl,,
vive.gob.ve,homepage_unreachable,remainder,Vive,ve,,
vivechileantofagasta.com,homepage_unreachable,remainder,Q19824849,cl,,
viysko.com.ua,homepage_unreachable,remainder,Vijs'ko Ukraїny,ua,uk,
vlib.ustu.ru,homepage_unreachable,remainder,Elektrichestvo,ru,ru,
vmusic.com.au,homepage_unreachable,remainder,Channel [V],au,,
vo.od.ua,homepage_unreachable,remainder,Vechirnia Odesa,ua,ru,
vocemusic.tv,homepage_unreachable,remainder,Q4015935,it,,
vocm.com,homepage_unreachable,remainder,CFGN-FM,ca,,
voh.com.tw,homepage_unreachable,remainder,Voice of Han,tw,zh,
voiceofeurope.com,homepage_unreachable,remainder,Voice of Europe,be,,
voiceofnigeria.org.ng,homepage_unreachable,remainder,Voice of Nigeria,ng,,
voinews.id,homepage_unreachable,remainder,Voice of Indonesia,id,id,
voixetimages.uqam.ca,homepage_unreachable,remainder,Voix et Images,ca,fr,
vokfmsabah.com,homepage_unreachable,remainder,VOKFM,my,,
volksblatt.at,homepage_unreachable,remainder,Neues Volksblatt,at,de,
voshod-news.ru,homepage_unreachable,remainder,Sunrise,ru,ru,
vot.org,homepage_unreachable,remainder,Voice of Tibet,no,,
vowr.org,homepage_unreachable,remainder,VOWR,ca,,
vtv.by,homepage_unreachable,remainder,Vitebsk TV and radio company,by,ru,
vtv.gob.ve,homepage_unreachable,remainder,Venezolana de Televisión,ve,,
vychodoslovenska.tv,homepage_unreachable,remainder,Východoslovenská televízia,sk,,
wacana.ub.ac.id,homepage_unreachable,remainder,Wacana: Jurnal Sosial dan Humaniora,id,id,
wadr.org,homepage_unreachable,remainder,West Africa Democracy Radio,sn,,
wafm.com.au,homepage_unreachable,remainder,6RED,au,en,
wascanareview.ca,homepage_unreachable,remainder,Wascana Review,ca,en,
waterjournal.cn,homepage_unreachable,remainder,Water Science and Engineering,nl,en,
wave891.fm,homepage_unreachable,remainder,DWAV,ph,,
wavefm917.com,homepage_unreachable,remainder,91.7 Wave FM Port Harcourt,ng,en,
wawatay.on.ca,homepage_unreachable,remainder,CJWT-FM,ca,,
waynefm.com,homepage_unreachable,remainder,CKWY-FM,ca,,
wayves.ca,homepage_unreachable,remainder,Wayves,ca,en,
wbcchannel.tv,homepage_unreachable,remainder,Worldview Broadcasting Channel,my,,
weathertv.cn,homepage_unreachable,remainder,China Weather TV,cn,zh,
web.estesl.ipl.pt,homepage_unreachable,remainder,Saúde & Tecnologia,pt,pt,
web.family885fm.com,homepage_unreachable,remainder,Family FM (88.5FM),ng,,
web.kbcalgerie.tv,homepage_unreachable,remainder,KBC,dz,,
web.telebielingue.ch,homepage_unreachable,remainder,TeleBielingue,ch,,
webology.org,homepage_unreachable,remainder,Webology,ir,en,
webs.ono.com,homepage_unreachable,remainder,Revista de Climatología,es,,
webtv.net.ua,homepage_unreachable,remainder,Q61116637,ua,uk,
weekly.khan.co.kr,homepage_unreachable,remainder,Weekly Kyunghyang,kr,ko,
weeklyeconomictimes.com,homepage_unreachable,remainder,Weekly Economic Times,bd,en,
weihai.tv,homepage_unreachable,remainder,Q102045473,cn,,
wellandtribune.ca,homepage_unreachable,remainder,Welland Tribune,ca,,
wendatfm.ca,homepage_unreachable,remainder,CIHW-FM,ca,,
westerngazette.ca,homepage_unreachable,remainder,UWO Gazette,ca,en,
wetink.com.au,homepage_unreachable,remainder,Wet Ink,au,en,
whatshotinuae.com,homepage_unreachable,remainder,What's Hot in UAE,ae,en,
whbn.info,homepage_unreachable,remainder,Harvest Radio,fj,,
where.ca,homepage_unreachable,remainder,Where,ca,,
why.com.cn,homepage_unreachable,remainder,Youth Daily,cn,zh,
wild923wt.com,homepage_unreachable,remainder,DXWT,ph,,
wildtv.ca,homepage_unreachable,remainder,Wild TV,ca,,
wiley.interscience.com,homepage_unreachable,remainder,Canadian Journal of Administrative Sciences,ca,en,
windsorreview.wordpress.com,homepage_unreachable,remainder,Windsor Review,ca,,
windsorstar.com,homepage_unreachable,remainder,Windsor Star,ca,en,
wink.ru,homepage_unreachable,remainder,Wink (Rostelekom),ru,ru,
winnipegsun.com,homepage_unreachable,remainder,Winnipeg Sun,ca,en,
wintv.com.tw,homepage_unreachable,remainder,MOMOTV,tw,zh,
wirtschaftsblatt.at,homepage_unreachable,remainder,WirtschaftsBlatt,at,de,
wishfm995.com.ng,homepage_unreachable,remainder,Wish 99.5FM Port Harcourt,ng,en,
wiv-isp.be,homepage_unreachable,remainder,Archives of Public Health,be,,
wnetwork.com,homepage_unreachable,remainder,W Network,ca,,
wodnsieradz.edu.pl,homepage_unreachable,remainder,Q9351496,pl,pl,
womantv.com.tr,homepage_unreachable,remainder,Woman TV,tr,tr,
womenspost.ca,homepage_unreachable,remainder,Women's Post,ca,en,
worldoforient.wixsite.com,homepage_unreachable,remainder,Shìdnij svìt,ua,uk,
wort.lu,homepage_unreachable,remainder,Luxemburger Wort,lu,en,
wowfm1007.com.au,homepage_unreachable,remainder,2WOW,au,,
wp.clicrbs.com.br,homepage_unreachable,remainder,RBS TV Erechim,br,pt,
wrappedmag.com,homepage_unreachable,remainder,Wrapped,za,,
wrongdoingmag.com,homepage_unreachable,remainder,Wrongdoing Magazine,ca,en,
wuxia.no,homepage_unreachable,remainder,Wuxia,no,no,
ww.mi.bxb.ro,homepage_unreachable,remainder,Management Intercultural,ro,ro,
wwr.wni.wroc.pl,homepage_unreachable,remainder,Wychowanie w Rodzinie,pl,pl,
"www,asda-alkhaleej.com",homepage_unreachable,remainder,Asda' Al Khaleej,sa,ar,
www1.mat.uniroma1.it,homepage_unreachable,remainder,Reports on Mathematics and its Applications,it,it,
www1.nas.gov.ua,homepage_unreachable,remainder,The World,ua,uk,
www104.griffith.edu.au,homepage_unreachable,remainder,Griffith Asia Quarterly,au,en,
www2.esmas.com,homepage_unreachable,remainder,XHTV-TDT,mx,,
www2.teol.uu.se,homepage_unreachable,remainder,Svensk exegetisk årsbok,se,sv,
www2.unis.edu.gt,homepage_unreachable,remainder,Revista Auctoritas Prudentium,gt,es,
www3.1410amlibre.com,homepage_unreachable,remainder,CX 44,uy,,
www3.diarioelpais.com,homepage_unreachable,remainder,El País,uy,es,
wwwsoc.nii.ac.jp,homepage_unreachable,remainder,Genes and Genetic Systems,jp,en,
wwwsp.inia.es,homepage_unreachable,remainder,Spanish Journal of Agricultural Research,es,en,
wwwthejhs.org,homepage_unreachable,remainder,Journal of Health Specialties,in,en,
wxb102.net,homepage_unreachable,remainder,WXB 102,ph,,
wydawnictwo-mantis.eu,homepage_unreachable,remainder,Q11790139,pl,pl,
wydawnictwo-uni.lodz.pl,homepage_unreachable,remainder,Research in Language,pl,en,
wydawnictwo.bauer.pl,homepage_unreachable,remainder,Twoje Imperium,pl,pl,
wydawnictwoumk.pl,homepage_unreachable,remainder,Prawo Budżetowe Państwa i Samorządu,pl,pl,
xb.sinomaps.com,homepage_unreachable,remainder,Acta Geodaetica et Cartographica Sinica,cn,zh,
xfmrocks.com,homepage_unreachable,remainder,CHQX-FM,ca,,
xfrb.com.cn,homepage_unreachable,remainder,Consumption Daily,cn,zh,
xhitd.com,homepage_unreachable,remainder,XHITD-FM,mx,,
xhnoe.com,homepage_unreachable,remainder,XHNOE-FM,mx,,
xijir.com,homepage_unreachable,remainder,Xpertno International Journal of Interdisciplinary Research,pk,en,
xjnt.com.cn,homepage_unreachable,remainder,Xinjiang Networking Transmission Limited,cn,zh,
xm105fm.com,homepage_unreachable,remainder,CIXM-FM,ca,,
xornal.com,homepage_unreachable,remainder,Q9096713,es,es,
xs929fm.com,homepage_unreachable,remainder,XHFZO-FM,mx,,
xtra.ca,homepage_unreachable,remainder,Xtra Vancouver,ca,en,
xtramagazine.com,homepage_unreachable,remainder,Xtra!,ca,en,
yadoc.ru,homepage_unreachable,remainder,Journal of V. N. Karazin Kharkiv National University: Series Medicine,ua,en,
yahoo7.com.au,homepage_unreachable,remainder,HSV,au,,
yangoncity.com.mm,homepage_unreachable,remainder,Yangon City FM,mm,,
yanidunya.org,homepage_unreachable,remainder,Yani dyunya,ua,,
yatsugatake.ne.jp,homepage_unreachable,remainder,Q11390423,jp,ja,
ybc.co.jp,homepage_unreachable,remainder,Yamagata Broadcasting Company,jp,ja,
ydn.com.tw,homepage_unreachable,remainder,Youth Daily News,tw,zh,
yerushalayimaki.wixsite.com,homepage_unreachable,remainder,Aki Yerushalayim,il,es,
yesfm.ch,homepage_unreachable,remainder,Q3572205,ch,,
yndaily.com,homepage_unreachable,remainder,Yunnan Daily,cn,,
yoncaevcimik.web.tv,homepage_unreachable,remainder,Yonca Evcimik TV,tr,,
youblisher.com,homepage_unreachable,remainder,Anuari del conflicte social,es,,
yourb94.ca,homepage_unreachable,remainder,CHBW-FM,ca,,
yourtv.tv,homepage_unreachable,remainder,YourTV,ca,,
youtubespacerio.com,homepage_unreachable,remainder,YouTube Space Rio,br,,
yts.co.jp,homepage_unreachable,remainder,Yamagata Television System,jp,ja,
ytv.com,homepage_unreachable,remainder,YTV,ca,,
yug.odessa.ua,homepage_unreachable,remainder,Yug : nezavisimaya gazeta,ua,ru,
yukon-news.com,homepage_unreachable,remainder,Yukon News,ca,en,
yurttv.com.tr,homepage_unreachable,remainder,Q20471484,tr,tr,
z90.com,homepage_unreachable,remainder,XHITZ-FM,mx,,
z99.com,homepage_unreachable,remainder,CIZL-FM,ca,,
zaiqatv.com.pk,homepage_unreachable,remainder,Zaiqa TFC,pk,,
zak.pwr.wroc.pl,homepage_unreachable,remainder,Q9397184,pl,pl,
zaman.com.tr,homepage_unreachable,remainder,Zaman,tr,tr,
zarco.radiosmadeira.pt,homepage_unreachable,remainder,Rádio Zarco,pt,pt,
zazatv.com.tr,homepage_unreachable,remainder,Zaza TV,tr,tr,
zeecafe.tv,homepage_unreachable,remainder,Zee Café,in,,
zeefood.in,homepage_unreachable,remainder,Zee Khana Khazana Channel,in,,
zeestudio.tv,homepage_unreachable,remainder,Zee Studio,in,,
zeetv.zee5.com,homepage_unreachable,remainder,Zee TV,in,,
zeus.fltr.ucl.ac.be,homepage_unreachable,remainder,Cahiers de l'Institut de Linguistique de Louvain,be,fr,
zgora.pl,homepage_unreachable,remainder,Q28674446,pl,pl,
zhodinonews.by,homepage_unreachable,remainder,Zhodzinskiya Naviny,by,ru,
ziaruldeiasi.ro,homepage_unreachable,remainder,Ziarul de Iași,ro,ro,
ziganatv.com,homepage_unreachable,remainder,Zigana TV,tr,,
zik.ua,homepage_unreachable,remainder,Western Information Agency,ua,uk,
zmedia.com.tw,homepage_unreachable,remainder,Z.Media,tw,zh,
znamkaluga.ru,homepage_unreachable,remainder,Znamya,ru,ru,
zobodat.at,homepage_unreachable,remainder,Herpetozoa,bg,de,
zone80.be,homepage_unreachable,remainder,Q3575747,be,,
zoneoccupee.com,homepage_unreachable,remainder,Zone occupée,ca,fr,
zulianadetelevision.com,homepage_unreachable,remainder,Zuliana de Televisión,ve,,
zvd.si,homepage_unreachable,remainder,Work and Safety,si,sl,
zviazda.by,homepage_unreachable,remainder,Zvyazda,by,be,
zzapmagazine.it,homepage_unreachable,remainder,Q55830766,it,it,
zzbtv.com,homepage_unreachable,remainder,ZZTV,cn,,
бутик64.рф,homepage_unreachable,remainder,Butik 64,ru,ru,
журнал-биотика.рф,homepage_unreachable,remainder,Biotika,ru,ru,
сибирскийлеснойжурнал.рф,homepage_unreachable,remainder,Sibirskij Lesnoj Žurnal,ru,,
100noticias.com.ni,homepage_unreachable,shortlist,Canal 15,ni,,
1podilskiy.com.ua,homepage_unreachable,shortlist,1 Podilskiy,ua,uk,
1tv.ge,homepage_unreachable,shortlist,First Channel,ge,ka,
24ora.com,homepage_unreachable,shortlist,24ora,aw,,
3plus.tv3.ee,homepage_unreachable,shortlist,3+,ee,et,
44.org.pl,homepage_unreachable,shortlist,44 / Czterdzieści i Cztery,pl,pl,
aaltodoc.aalto.fi,homepage_unreachable,shortlist,Aalto University publication series DOCTORAL THESES,fi,fi,
actrus.ro,homepage_unreachable,shortlist,Buletinul Ştiinţific al Academiei Trupelor de Uscat,ro,ro,
advanscope.jp,homepage_unreachable,shortlist,Advanscope,jp,ja,
agerpres.ro,homepage_unreachable,shortlist,AGERPRES,ro,ro,
ai.zaslavsky.com.ua,homepage_unreachable,shortlist,Aktualʹnaâ Infektologiâ,ua,uk,
aim.org.mz,homepage_unreachable,shortlist,Agência de Informação de Moçambique,mz,,
ain.ipin.edu.pl,homepage_unreachable,shortlist,Alkoholizm i Narkomania,pl,pl,
akt.co.jp,homepage_unreachable,shortlist,Akita Television,jp,ja,
alaioresportiu.com,homepage_unreachable,shortlist,Q56401708,es,ca,
alikonline.ir,homepage_unreachable,shortlist,Alik,ir,hy,
allradiogaalkacyo.com,homepage_unreachable,shortlist,Radio Gaalkacyo,so,so,
alpha965.gr,homepage_unreachable,shortlist,Alpha 96.5,gr,el,
alqarn.dj,homepage_unreachable,shortlist,Al Qarn,dj,ar,
alsudani.sd,homepage_unreachable,shortlist,Al-Sudani,sd,ar,
alter.gr,homepage_unreachable,shortlist,Alter Channel,gr,el,
ame.meil.pw.edu.pl,homepage_unreachable,shortlist,Archive of Mechanical Engineering,pl,pl,
ana.wbd.ro,homepage_unreachable,shortlist,Analize: Journal of Gender and Feminist Studies,ro,ro,
anadiss-old.usv.ro,homepage_unreachable,shortlist,Anadiss,ro,ro,
aniedu.am,homepage_unreachable,shortlist,Q16398531,am,hy,
ant.md,homepage_unreachable,shortlist,Stratum Plus,md,ro,
anthropos.si,homepage_unreachable,shortlist,Q12627048,si,sl,
antil.tl,homepage_unreachable,shortlist,Tatoli,tl,,
approaches.gr,homepage_unreachable,shortlist,Approaches: Music Therapy & Special Music Education,gr,el,
archrazi.com,homepage_unreachable,shortlist,Archives of Razi Institute,ir,fa,
aria.af,homepage_unreachable,shortlist,ARIA TV,af,,
aripaev.ee,homepage_unreachable,shortlist,Äripäev,ee,et,
armculturalchannel.com,homepage_unreachable,shortlist,Cultural Channel,am,,
armtimes.com,homepage_unreachable,shortlist,Haykakan zhamanak,am,hy,
artportal.hu,homepage_unreachable,shortlist,Artportál,hu,hu,
astaga.co,homepage_unreachable,shortlist,astaga.co,id,id,
astanafm.kz,homepage_unreachable,shortlist,Astana,kz,kk,
aszabadasag.hu,homepage_unreachable,shortlist,A Szabadság,hu,hu,
atlas.usv.ro,homepage_unreachable,shortlist,Codrul Cosminului,ro,ro,
atr.kz,homepage_unreachable,shortlist,Q12530667,kz,kk,
atzalynas.kedainiai.lm.lt,homepage_unreachable,shortlist,Atžalynas,lt,lt,
aztv.az,homepage_unreachable,shortlist,AzTV,az,az,
babruysk.by,homepage_unreachable,shortlist,Bobruyskiy Kurier,by,ru,
bahanafm.co.id,homepage_unreachable,shortlist,Q121548785,id,id,
bakhtarnews.af,homepage_unreachable,shortlist,Bakhtar News Agency,af,,
bakudialogues.ada.edu.az,homepage_unreachable,shortlist,Baku Dialogues,az,en,
balkanjournal.net,homepage_unreachable,shortlist,Journal of Balkan Studies,mk,en,
bankikredyt.nbp.pl,homepage_unreachable,shortlist,Bank i Kredyt,pl,pl,
bctv.co.id,homepage_unreachable,shortlist,Kompas TV Jawa Timur,id,id,
besheva.co.il,homepage_unreachable,shortlist,B'Sheva,il,he,
besteleven.co.kr,homepage_unreachable,shortlist,Best Eleven,kr,ko,
betvburundi.com,homepage_unreachable,shortlist,BeTV,bi,,
bibl.u-szeged.hu,homepage_unreachable,shortlist,Hungarológiai Értesítő,hu,hu,
bilimtv.kz,homepage_unreachable,shortlist,Q4086696,kz,kk,
bimatkedem.co.il,homepage_unreachable,shortlist,Q6957741,il,he,
bk-brest.by,homepage_unreachable,shortlist,Brestskiy Kurier,by,ru,
blackdove.co.il,homepage_unreachable,shortlist,Q125536657,il,he,
bookaholic.ro,homepage_unreachable,shortlist,BookAholic,ro,ro,
borba.rs,homepage_unreachable,shortlist,Borba,rs,sr,
borneobulletin.com.bn,homepage_unreachable,shortlist,Borneo Bulletin,bn,en,
boskatv.pl,homepage_unreachable,shortlist,Boska TV,pl,pl,
bravotv.is,homepage_unreachable,shortlist,Tónlist,is,is,
bs-tbs.co.jp,homepage_unreachable,shortlist,BS-TBS,jp,ja,
bta.bg,homepage_unreachable,shortlist,Bulgarian News Agency,bg,bg,
byavisa.sandefjord.no,homepage_unreachable,shortlist,Byavisa Sandefjord,no,no,
c1.mn,homepage_unreachable,shortlist,C1 Television,mn,mn,
cadenaser.com,homepage_unreachable,shortlist,Q131178555,ad,,
canal3.md,homepage_unreachable,shortlist,Canal 3,md,,
canal3quimistan.com,homepage_unreachable,shortlist,Canal 3 Quimistan,hn,,
canal9.com.ni,homepage_unreachable,shortlist,Canal 9,ni,,
capital.bg,homepage_unreachable,shortlist,Capital,bg,bg,
carmilla.jp,homepage_unreachable,shortlist,Carmilla,jp,ja,
casopis.hostbrno.cz,homepage_unreachable,shortlist,Host,cz,cs,
catalunyareligio.cat,homepage_unreachable,shortlist,Q20107836,es,ca,
cbc.az,homepage_unreachable,shortlist,CBC Azerbaijan,az,ru,
ccmtv.co.kr,homepage_unreachable,shortlist,Christian Music Television,ar,ko,
cenub.arbtv.az,homepage_unreachable,shortlist,ARB Cənub,az,az,
cinema.se,homepage_unreachable,shortlist,Cinema,se,sv,
cityradio.rw,homepage_unreachable,shortlist,City Radio -Rwanda,rw,,
cljournal.az,homepage_unreachable,shortlist,Q121094525,az,az,
clubfm.net,homepage_unreachable,shortlist,"Club FM, Tirana",al,,
confidencial.com.ni,homepage_unreachable,shortlist,Confidencial,ni,,
contenta.ek.szte.hu,homepage_unreachable,shortlist,Belvedere Meridionale,hu,hu,
cosmo.kz,homepage_unreachable,shortlist,Cosmopolitan Kazakhstan,kz,kk,
cppsych.umlub.pl,homepage_unreachable,shortlist,Current Problems of Psychiatry,pl,pl,
cubetv.tv,homepage_unreachable,shortlist,Cube Tv,kr,ko,
cybc.com.cy,homepage_unreachable,shortlist,RIK 1,cy,,
daaitv.co.id,homepage_unreachable,shortlist,DAAI TV,id,id,
dacenter.tau.ac.il,homepage_unreachable,shortlist,Q6628033,il,he,
dailypharm.com,homepage_unreachable,shortlist,Dailypharm,kr,ko,
dainikagradoot.com,homepage_unreachable,shortlist,Dainik Agradoot,in,as,
dalga.az,homepage_unreachable,shortlist,Dalğa TV,az,az,
dc.viamedica.pl,homepage_unreachable,shortlist,Diabetes Care,pl,pl,
ddktripura.tv,homepage_unreachable,shortlist,DD Tripura,in,bn,
derby-sports.gr,homepage_unreachable,shortlist,Q1199955,gr,el,
dfm.ee,homepage_unreachable,shortlist,DFM,ru,et,
dgt.uns.ac.rs,homepage_unreachable,shortlist,Turizam,rs,sr,
diena.lv,homepage_unreachable,shortlist,Diena,lv,lv,
diggari.fi,homepage_unreachable,shortlist,Diggari,fi,fi,
dinamani.com,homepage_unreachable,shortlist,Dinamani,in,ta,
diplomata-kurdi.com,homepage_unreachable,shortlist,Dîplomata Kurdî,az,ru,
djiido.tech,homepage_unreachable,shortlist,Q3416635,nc,fr,
donbosco.hr,homepage_unreachable,shortlist,Don Bosco today,hr,hr,
drassana.net,homepage_unreachable,shortlist,lletraferit,es,ca,
droshak.am,homepage_unreachable,shortlist,Droshak,am,hy,
drustvohistoricaratk.com,homepage_unreachable,shortlist,Historijska Misao,ba,en,
dtv.md,homepage_unreachable,shortlist,DTV,md,,
dua.com.ua,homepage_unreachable,shortlist,Democratic Ukraine,ua,uk,
dwnbahasa.dbp.my,homepage_unreachable,shortlist,Q12685682,my,ms,
e-gfos.gfos.hr,homepage_unreachable,shortlist,e-GFOS,hr,hr,
eepl.at.ua,homepage_unreachable,shortlist,East European Journal of Psycholinguistics,ua,uk,
efos.unios.hr,homepage_unreachable,shortlist,Ekonomski Vjesnik,hr,hr,
ejournal.uinsalatiga.ac.id,homepage_unreachable,shortlist,Millati: Journal of Islamic Studies and Humanities,id,id,
ekonomia.i.prawo.umk.pl,homepage_unreachable,shortlist,Ekonomia i Prawo.,pl,pl,
ektenyheter.no,homepage_unreachable,shortlist,Ekte Nyheter,no,nb,
elnuevodiario.com.ni,homepage_unreachable,shortlist,El Nuevo Diario,ni,es,
elodia.intnet.bj,homepage_unreachable,shortlist,La Nation,bj,fr,
elvallenc.com,homepage_unreachable,shortlist,Q11918649,es,ca,
emroztv.com,homepage_unreachable,shortlist,Emrooz TV,af,,
ena.skylifetv.co.kr,homepage_unreachable,shortlist,ENA,kr,ko,
epaper.ekdin.info,homepage_unreachable,shortlist,Ekdin,in,bn,
erkinkarakalpak.uz,homepage_unreachable,shortlist,Erkin Qaraqalpaqstan,uz,,
eslah.tv,homepage_unreachable,shortlist,Eslah TV,af,,
etv.lk,homepage_unreachable,shortlist,ETV,lk,si,
extra.epaper.fi,homepage_unreachable,shortlist,Finnish Medical Journal,fi,fi,
fahrenheit.net.pl,homepage_unreachable,shortlist,Fahrenheit (fanzine),pl,pl,
farda.af,homepage_unreachable,shortlist,Rah-e-Farda,af,,
ffpr.edu.rs,homepage_unreachable,shortlist,Zbornik Radova Filozofskog Fakulteta u Prištini,rs,sr,
fie.onaft.edu.ua,homepage_unreachable,shortlist,Ekonomìka Harčovoï Promislovostì,ua,uk,
fig.lib.harvard.edu,homepage_unreachable,shortlist,Q17629009,at,la,
fixtv.mconet.hu,homepage_unreachable,shortlist,Fix.tv,hu,hu,
fjl.se,homepage_unreachable,shortlist,Får jag lov,se,sv,
fm101.gov.pk,homepage_unreachable,shortlist,FM 101,pk,ur,
fm762.jp,homepage_unreachable,shortlist,FM Yukiguni,jp,ja,
fm777.co.jp,homepage_unreachable,shortlist,FM Fukuyama,jp,ja,
fmf.co.jp,homepage_unreachable,shortlist,FM Fukushima,jp,ja,
fmfuji.jp,homepage_unreachable,shortlist,FM Fuji,jp,ja,
fmoita.co.jp,homepage_unreachable,shortlist,FM Ōita,jp,ja,
fmpst.co.jp,homepage_unreachable,shortlist,Chugoku Communication Network,jp,ja,
fmyokohama.co.jp,homepage_unreachable,shortlist,FM Yokohama,jp,ja,
forum-empresarial.uprrp.edu,homepage_unreachable,shortlist,Fórum Empresarial,pr,en,
forum.ad,homepage_unreachable,shortlist,Q20105618,ad,ca,
forumarkeologi.kemdikbud.go.id,homepage_unreachable,shortlist,Forum Arkeologi,id,id,
forumdelasemaine.tg,homepage_unreachable,shortlist,Forum de la Semaine,tg,,
fos.unm.si,homepage_unreachable,shortlist,Izzivi Prihodnosti,si,sl,
foxtv.fi,homepage_unreachable,shortlist,Fox,fi,fi,
fst.onaft.edu.ua,homepage_unreachable,shortlist,Harčova Nauka ì Tehnologìâ,ua,uk,
funtampere.fi,homepage_unreachable,shortlist,FUN Tampere,fi,fi,
gabzfm.com,homepage_unreachable,shortlist,Gabz FM,bw,,
galiciahoxe.com,homepage_unreachable,shortlist,Galicia Hoxe,es,gl,
gastro.zaslavsky.com.ua,homepage_unreachable,shortlist,Gastroenterologìa,ua,uk,
gaudeamus.fm,homepage_unreachable,shortlist,KTU radio Gaudeamus,lt,,
gazeta-agon.al,homepage_unreachable,shortlist,Agon,al,sq,
gazetarepublika.al,homepage_unreachable,shortlist,Republika,al,sq,
gds.ro,homepage_unreachable,shortlist,Gazeta de Sud,ro,ro,
generaldaily.com,homepage_unreachable,shortlist,General,in,ml,
geofizika-journal.gfz.hr,homepage_unreachable,shortlist,Geofizika,hr,hr,
geosymp.wnoz.us.edu.pl,homepage_unreachable,shortlist,Contemporary Trends in Geoscience,pl,pl,
gf.uns.ac.rs,homepage_unreachable,shortlist,Zbornik Radova Građevinskog Fakulteta,rs,sr,
glas-koncila.hr,homepage_unreachable,shortlist,Sveta Cecilija,hr,hr,
golagha.ir,homepage_unreachable,shortlist,Golagha,ir,fa,
goneviraltv.com,homepage_unreachable,shortlist,Gone Viral TV,bb,,
grenda.no,homepage_unreachable,shortlist,Grenda,no,nn,
gulf-daily-news.com,homepage_unreachable,shortlist,Gulf Daily News,bh,en,
gunesh.arbtv.az,homepage_unreachable,shortlist,ARB Günəş,az,az,
gwanbo.go.kr,homepage_unreachable,shortlist,Gazette of South Korea,kr,ko,
hadashothasavua.com,homepage_unreachable,shortlist,Q20502341,il,he,
hagada.org.il,homepage_unreachable,shortlist,Hagada Hasmalit,il,he,
hakehila.fi,homepage_unreachable,shortlist,Hakehila,fi,fi,
hangmeas.com.kh,homepage_unreachable,shortlist,Hang Meas HDTV,kh,,
haobaodaily.co.id,homepage_unreachable,shortlist,Hao Bao Daily,id,id,
happytv.rs,homepage_unreachable,shortlist,Happy TV,rs,sr,
hde.hr,homepage_unreachable,shortlist,Ekonomski pregled,hr,hr,
hdplus.cz,homepage_unreachable,shortlist,HD+,cz,cs,
hfiloloskod.hr,homepage_unreachable,shortlist,Jezik,hr,hr,
hot932fm.com,homepage_unreachable,shortlist,PM2FAW,id,id,
hrvatskodrustvopisaca.hr,homepage_unreachable,shortlist,Književna republika 2003-,hr,sh,
humsay.tv,homepage_unreachable,shortlist,Humsay,tv,,
hups.mil.gov.ua,homepage_unreachable,shortlist,Information Processing Systems,ua,uk,
hyllidrites.com,homepage_unreachable,shortlist,Hylli i Dritës,al,sq,
ichanneltv.co.id,homepage_unreachable,shortlist,I Channel,id,id,
ics.cas.cz,homepage_unreachable,shortlist,Listy filologické,cz,cs,
id-press.eu,homepage_unreachable,shortlist,Open access Macedonian journal of medical sciences,mk,en,
idf.il,homepage_unreachable,shortlist,Q61125794,il,he,
idmantv.az,homepage_unreachable,shortlist,Idman Azerbaijan TV,az,az,
iep.bg.ac.rs,homepage_unreachable,shortlist,Ekonomika Poljoprivrede (1979),rs,sr,
iib.ac.rs,homepage_unreachable,shortlist,Istorijski casopis : organ Istorijskog instituta Srpske akademije nauka i umetnosti,rs,bs,
ijasr.um.ac.ir,homepage_unreachable,shortlist,Iranian Journal of Animal Sceince Research,ir,fa,
iktv.ir,homepage_unreachable,shortlist,IRIB Iran Kala,ir,fa,
inewstv_indonesia.id,homepage_unreachable,shortlist,iNews,id,id,
intv.id,homepage_unreachable,shortlist,INtv Banten,id,id,
irbis-nbuv.gov.ua,homepage_unreachable,shortlist,Anali Mečnikìvsʹkogo Institutu,ua,uk,
islamhebdonews.net,homepage_unreachable,shortlist,Islam Hebdo,bj,fr,
israeli-sociology.sites.tau.ac.il,homepage_unreachable,shortlist,Israeli Sociology,il,he,
istorie.ugal.ro,homepage_unreachable,shortlist,Analele Universităţii Dunărea de Jos din Galaţi Fascicula XIX Istorie,ro,ro,
it-moldova.md,homepage_unreachable,shortlist,Q16486879,md,ro,
itmo.by,homepage_unreachable,shortlist,Journal of Engineering Physics and Thermophysics,by,ru,
jadeedindinon.net,homepage_unreachable,shortlist,Jadeed Indinon,in,ur,
jallu.fi,homepage_unreachable,shortlist,Jallu,fi,fi,
janamsakshi.org,homepage_unreachable,shortlist,Janam Sakshi,in,te,
janasadharan.in,homepage_unreachable,shortlist,Janasadharan,in,as,
jarums.arums.ac.ir,homepage_unreachable,shortlist,Journal of Ardabil University of Medical Sciences,ir,fa,
jasontv.co.id,homepage_unreachable,shortlist,Q119084268,id,id,
jatkoaika.com,homepage_unreachable,shortlist,Jatkoaika.com,fi,fi,
jech.umsha.ac.ir,homepage_unreachable,shortlist,Journal of Education and Community Health,ir,fa,
jeny.szte.hu,homepage_unreachable,shortlist,Jelentés és Nyelvhasználat,hu,hu,
jewelry-korea.com,homepage_unreachable,shortlist,Jewelry Korea,kr,ko,
jfl.iaun.ac.ir,homepage_unreachable,shortlist,International Journal of Foreign Language Teaching and Research,ir,fa,
jibs.co.kr,homepage_unreachable,shortlist,Jeju International Broadcasting System,kr,ko,
jip.gridoto.com,homepage_unreachable,shortlist,Jip,id,id,
jist.irandoc.ac.ir,homepage_unreachable,shortlist,Iranian Journal of Information Processing & Management,ir,fa,
jjtv.ir,homepage_unreachable,shortlist,Jame Jam 2,ir,fa,
jlst.fl.uni-mb.si,homepage_unreachable,shortlist,Logistics & Sustainable Transport,si,sl,
journal-knukim.com.ua,homepage_unreachable,shortlist,Bulletin of Kyiv National University of Culture and Arts: Series in Arts,ua,uk,
journal.alqalamjournalpu.com,homepage_unreachable,shortlist,Al-Qalam,pk,ur,
journal.kap.or.kr,homepage_unreachable,shortlist,Journal of Korean Academy of Prosthodontics,kr,ko,
journal.stainkudus.ac.id,homepage_unreachable,shortlist,Qudus International Journal of Islamic Studies,id,id,
journal2.um.ac.id,homepage_unreachable,shortlist,"BASINDO: Jurnal Kajian Bahasa, Sastra Indonesia, dan Pembelajarannya",mk,id,
journalhoroya.info,homepage_unreachable,shortlist,Q25388214,gn,,
journals.arums.ac.ir,homepage_unreachable,shortlist,Journal of Ardabil University of Medical Sciences,ir,fa,
journals.bsu.by,homepage_unreachable,shortlist,Journal of the Belarusian State University History,by,be,
journals.ispan.edu.pl,homepage_unreachable,shortlist,Adeptus,pl,pl,
journals.onaft.edu.ua,homepage_unreachable,shortlist,Avtomatizaciâ Tehnologičeskih i Biznes-Processov,ua,uk,
journals.uu.se,homepage_unreachable,shortlist,Eranos,se,sv,
jsmagazine.ir,homepage_unreachable,shortlist,Jondi Shapour Magazine,ir,fa,
jtv.co.kr,homepage_unreachable,shortlist,Jeonju Television,kr,ko,
juniornyt.dk,homepage_unreachable,shortlist,JuniorMedia News,dk,da,
jurnal.lipi.go.id,homepage_unreachable,shortlist,Physics Journal of the IPS,id,id,
jurnal.untirta.ac.id,homepage_unreachable,shortlist,Candrasangkala: Journal of Education and History,id,id,
jydsknaturhistorisk.dk,homepage_unreachable,shortlist,Flora og Fauna,dk,da,
kaltara.prokal.co,homepage_unreachable,shortlist,PROKAL.co,id,id,
kanal4.dk,homepage_unreachable,shortlist,Kanal 4,dk,da,
kanal5.hr,homepage_unreachable,shortlist,Kanal 5,hr,hr,
kapata-arkeologi.kemdikbud.go.id,homepage_unreachable,shortlist,Kapata Arkeologi,id,id,
karib.no,homepage_unreachable,shortlist,Karib,se,no,
kbsn.co.kr,homepage_unreachable,shortlist,KBS N SPORTS,kr,ko,
ke.uni.lodz.pl,homepage_unreachable,shortlist,Comparative Economic Research,pl,pl,
khitthitnews.com,homepage_unreachable,shortlist,Khit Thit Media,mm,my,
kimpress.by,homepage_unreachable,shortlist,Mastactva,by,be,
kinobox.cz,homepage_unreachable,shortlist,Kinobox,cz,cs,
kleio.ee,homepage_unreachable,shortlist,Ajalooline Ajakiri,ee,et,
knjizevni-krug.hr,homepage_unreachable,shortlist,Mogućnosti,hr,hr,
kobaco.co.kr,homepage_unreachable,shortlist,KOBACO(Korea Broadcast Adversing Corporation),kr,ko,
korzar.sme.sk,homepage_unreachable,shortlist,Korzár,sk,sk,
kozvisti.com.ua,homepage_unreachable,shortlist,Kozelshchynski visti,ua,uk,
kp.by,homepage_unreachable,shortlist,Komsomolskaya Pravda in Belarus,by,ru,
kries.hr,homepage_unreachable,shortlist,Kreativno-edukativni Studio,hr,hr,
kritep.gr,homepage_unreachable,shortlist,Q28464437,gr,el,
kse-jcu.org,homepage_unreachable,shortlist,Journal of Cardiovascular Ultrasound,kr,ko,
kuensel.com.bt,homepage_unreachable,shortlist,Kuensel,bt,en,
kvt-journal.org.ua,homepage_unreachable,shortlist,Kibernetika i vyčislitelʹnaâ tehnika,ua,uk,
kw.af,homepage_unreachable,shortlist,Kabul Weekly,af,en,
kzsport1.kz,homepage_unreachable,shortlist,KZ Sport 1,kz,kk,
la6.tv,homepage_unreachable,shortlist,Q3820620,tv,,
lacroixdubenin.com,homepage_unreachable,shortlist,La Croix du Bénin,bj,fr,
laikovima.com,homepage_unreachable,shortlist,Laiko Vima,al,,
lakimiesuutiset.fi,homepage_unreachable,shortlist,Lakimiesuutiset - Juristnytt,fi,fi,
latribu650am.com,homepage_unreachable,shortlist,La Tribu 650 AM,py,,
laulak.info,homepage_unreachable,shortlist,Laulak,pk,ur,
lautrevisionmag.com,homepage_unreachable,shortlist,L'autre vision,bj,fr,
law.pravos.hr,homepage_unreachable,shortlist,Pravni Vjesnik,hr,hr,
law.tau.ac.il,homepage_unreachable,shortlist,Q20502133,il,he,
lesechos.ml,homepage_unreachable,shortlist,Les Échos,ml,fr,
linnaleht.ee,homepage_unreachable,shortlist,Linnaleht,ee,et,
lj-bc.tv,homepage_unreachable,shortlist,Aljamahiriya TV,ly,,
ljkzedo.com.ba,homepage_unreachable,shortlist,"Medicinski glasnik : official publication of the Medical Association of Zenica-Doboj Canton, Bosnia and Herzegovina",ba,bs,
ll.ac.me,homepage_unreachable,shortlist,Logos et Littera: Interdisciplinary Approaches to Text,me,,
lpc.ly,homepage_unreachable,shortlist,Libya Panorama Channel,ly,,
m.vovworld.vn,homepage_unreachable,shortlist,Voice of Vietnam,vn,vi,
m7tv.ml,homepage_unreachable,shortlist,M7 Télévision,ml,,
magiran.com,homepage_unreachable,shortlist,Journal of Fundamentals of Mental Health,ir,fa,
magyarkurir.hu,homepage_unreachable,shortlist,Magyar Kurír,hu,hu,
mainap.hu,homepage_unreachable,shortlist,Mai Nap,hu,hu,
makvisti.com,homepage_unreachable,shortlist,Makarivs'ki visti,ua,uk,
malienaszinas.lv,homepage_unreachable,shortlist,Malienas Ziņas,lv,lv,
mangledigital.id,homepage_unreachable,shortlist,Manglé,id,id,
maroelamedia.co.za,homepage_unreachable,shortlist,Maroela Media,za,af,
mastv.cc,homepage_unreachable,shortlist,Macau Asia Satellite Television,mo,,
matud.iif.hu,homepage_unreachable,shortlist,Magyar Tudomány,hu,hu,
medeniyyettv.az,homepage_unreachable,shortlist,Medeniyyet TV,az,az,
mediapermata.com.bn,homepage_unreachable,shortlist,Media Permata,bn,ms,
medrazgl.org,homepage_unreachable,shortlist,Medicinski razgledi,si,,
megahitfm.com,homepage_unreachable,shortlist,Q139798986,bq,,
melakakini.my,homepage_unreachable,shortlist,Q12697551,my,ms,
metode.cat,homepage_unreachable,shortlist,Mètode,es,ca,
metrostudent.se,homepage_unreachable,shortlist,Metro Student Magazine,se,sv,
mfub.bg.ac.rs,homepage_unreachable,shortlist,Medicinski Podmladak,rs,sr,
mhi.com.my,homepage_unreachable,shortlist,Q12697551,my,ms,
miljoaktuellt.idg.se,homepage_unreachable,shortlist,Miljöaktuellt,se,sv,
minsknews.by,homepage_unreachable,shortlist,Minsknews,by,ru,
modralasta.hr,homepage_unreachable,shortlist,Modra lasta,hr,hr,
mtv.lt,homepage_unreachable,shortlist,MTV Lithuania & Latvia,lv,lt,
mtvsports.lk,homepage_unreachable,shortlist,TV 1,lk,si,
mushahidsd.net,homepage_unreachable,shortlist,Al-Mushahid Al-riyadiya,sd,ar,
mytv.co.id,homepage_unreachable,shortlist,Q27231700,id,id,
nacionalnata.com,homepage_unreachable,shortlist,Q105671669,si,,
namayeshtv.ir,homepage_unreachable,shortlist,IRIB Namayesh,ir,fa,
naxcivantv.az,homepage_unreachable,shortlist,Naxçıvan TV,az,az,
nbt.prd.go.th,homepage_unreachable,shortlist,Radio Thailand,th,th,
nbt2hd.prd.go.th,homepage_unreachable,shortlist,National Broadcasting Services of Thailand,th,th,
neotv.gr,homepage_unreachable,shortlist,New Epsilon TV,gr,el,
nexparabola.co.id,homepage_unreachable,shortlist,Nex Parabola,id,id,
noriq.co.kr,homepage_unreachable,shortlist,Daegyo New Life Plus,kr,ko,
novadnieks.lv,homepage_unreachable,shortlist,Novadnieks,lv,lv,
nt.viamedica.pl,homepage_unreachable,shortlist,Arterial Hypertension,pl,pl,
nula32.bg,homepage_unreachable,shortlist,Q94724542,bg,bg,
o2tv.rs,homepage_unreachable,shortlist,O2.TV,rs,sr,
obiteljski-radio.hr,homepage_unreachable,shortlist,Obiteljski radio,hr,hr,
olam-katan.co.il,homepage_unreachable,shortlist,Q6759891,il,he,
onaft-fie.com,homepage_unreachable,shortlist,Ekonomìka Harčovoï Promislovostì,ua,uk,
onasa.com.ba,homepage_unreachable,shortlist,ONASA,ba,,
one.mnbc.com.mv,homepage_unreachable,shortlist,Television Maldives,mv,,
ortm.ml,homepage_unreachable,shortlist,Office de Radiodiffusion-Télévision du Mali,ml,fr,
osservatoreromano.va,homepage_unreachable,shortlist,"Women, Church, World",va,it,
otetv.ote.gr,homepage_unreachable,shortlist,Cosmote Sport,gr,el,
pdiu.al,homepage_unreachable,shortlist,Përlindja e Shqipërisë,al,sq,
peoplesradio.fm,homepage_unreachable,shortlist,Peoples Radio 91.6 FM,bd,bn,
pharmj.org.ua,homepage_unreachable,shortlist,Farmatsevtychnyi zhurnal,ua,uk,
pi.edu.vn,homepage_unreachable,shortlist,Pi Journal,vn,vi,
pikiran-rakyat.com,homepage_unreachable,shortlist,Pikiran Rakyat,id,id,
pimi.bntu.by,homepage_unreachable,shortlist,Pribory i Metody Izmerenij,by,ru,
pjs.zaslavsky.com.ua,homepage_unreachable,shortlist,"Bolʹ, Sustavy, Pozvonočnik",ua,uk,
plus2radio.com.al,homepage_unreachable,shortlist,Plus 2 Radio,al,,
poljo-agri.com,homepage_unreachable,shortlist,Poljoprivreda,hr,hr,
popnonstop.si,homepage_unreachable,shortlist,Brio (TV channel),si,sl,
prd.go.th,homepage_unreachable,shortlist,Radio Thailand regional stations,th,th,
prosvita.org.ar,homepage_unreachable,shortlist,Ukrainske Slovo,ar,uk,
psihologie.upsc.md,homepage_unreachable,shortlist,Psihologia. Pedagogia specială. Asistența socială,md,ro,
ptno.ogr.ar.krakow.pl,homepage_unreachable,shortlist,Folia Horticulturae,pl,pl,
publika.md,homepage_unreachable,shortlist,Publika TV,md,,
r1.mu,homepage_unreachable,shortlist,Radio One,mu,,
radijas9.lt,homepage_unreachable,shortlist,Radijas 9,lt,lt,
radio-i.co.jp,homepage_unreachable,shortlist,Aichi International Broadcasting,jp,ja,
radio-jaska.hr,homepage_unreachable,shortlist,Radio Jaska,hr,hr,
radio-martin.hr,homepage_unreachable,shortlist,Zabavni Radio,hr,hr,
radioekspres.si,homepage_unreachable,shortlist,Radio Ekspres,si,sl,
radiohsr.dk,homepage_unreachable,shortlist,Q12332737,dk,da,
radiohuguka.rw,homepage_unreachable,shortlist,Radio Huguka,rw,,
radioritam.ba,homepage_unreachable,shortlist,Radio Ritam Sarajevo,ba,bs,
radiosamobor.hr,homepage_unreachable,shortlist,Radio Samobor,hr,hr,
radioskadar.me,homepage_unreachable,shortlist,Radio Skadar Lake,me,,
rankinglatinos.es,homepage_unreachable,shortlist,Ranking Latinos,do,es,
ravaya.lk,homepage_unreachable,shortlist,Ravaya,lk,si,
rdifm.co.id,homepage_unreachable,shortlist,Radio Dangdut Indonesia,id,id,
redguarani.com.py,homepage_unreachable,shortlist,Red Guaraní,py,,
reftech.irce.od.ua,homepage_unreachable,shortlist,Holodilʹnaâ Tehnika i Tehnologiâ,ua,uk,
reftech.onaft.edu.ua,homepage_unreachable,shortlist,Holodilʹnaâ Tehnika i Tehnologiâ,ua,uk,
religio.uinsby.ac.id,homepage_unreachable,shortlist,Religió: Jurnal Studi Agama-agama,id,id,
retrofm.kz,homepage_unreachable,shortlist,Retro FM,ru,kk,
retsrapport.dk,homepage_unreachable,shortlist,Q135314690,dk,da,
revijadodo.si,homepage_unreachable,shortlist,Dodo,si,sl,
revista-arca.ro,homepage_unreachable,shortlist,ARCA,ro,ro,
revista.medicinauni.edu.py,homepage_unreachable,shortlist,Revista Virtual de Posgrado de la Facultad de Medicina de la Universidad Nacional de Itapua,py,es,
revista.unanleon.edu.ni,homepage_unreachable,shortlist,Revista Iberoamericana de Bioeconomía y Cambio Climàtico,ni,es,
revistaklan.com,homepage_unreachable,shortlist,Klan,al,sq,
revistas.uni.edu.ni,homepage_unreachable,shortlist,Nexo,ni,es,
revistasnicaragua.cnu.edu.ni,homepage_unreachable,shortlist,Encuentro,ni,,
rgazeta.by,homepage_unreachable,shortlist,Perspective,by,ru,
rhodes.aegean.gr,homepage_unreachable,shortlist,Mediterranean Archaeology and Archaeometry,gr,el,
rijeka.hr,homepage_unreachable,shortlist,Drenovski list,hr,hr,
rockforyou.net,homepage_unreachable,shortlist,Rock For You SK,sk,sk,
rpa-radiyoyacu.org,homepage_unreachable,shortlist,Radio Publique Africaine,bi,,
rpctv.com,homepage_unreachable,shortlist,RCP TV,pa,,
rti.rtsh.al,homepage_unreachable,shortlist,Radio Tirana International,al,,
rtl2.hr,homepage_unreachable,shortlist,RTL 2 (Croatia),hr,hr,
sa.uasm.md,homepage_unreachable,shortlist,Stiinta Agricola,md,,
samla.raa.se,homepage_unreachable,shortlist,Fornvännen,se,sv,
samorobkin.com.ua,homepage_unreachable,shortlist,Academy of Young Model Makers,ua,uk,
sanaaradio.net,homepage_unreachable,shortlist,Q6833046,ye,,
sandzackatv.rs,homepage_unreachable,shortlist,Sandžačka TV Mreža,rs,sr,
sarawakfm.rtmsarawak.gov.my,homepage_unreachable,shortlist,Sarawak FM,my,ms,
sccn.tv,homepage_unreachable,shortlist,SCCN,sr,,
scheherezade.co.il,homepage_unreachable,shortlist,Q6568324,il,he,
scholarlypublishingcollective.org,homepage_unreachable,shortlist,Hiperboreea,ro,ro,
shnnitra.ff.ukf.sk,homepage_unreachable,shortlist,Studia Historica Nitriensia,sk,sk,
shomatv.ir,homepage_unreachable,shortlist,IRIB Shoma,ir,fa,
sikaajournal.tg,homepage_unreachable,shortlist,Sika'a,tg,,
sinar.fm,homepage_unreachable,shortlist,Sinar FM,fm,ms,
singhalilafm.com,homepage_unreachable,shortlist,Singhalila FM,np,ne,
siriusb.hangar7.hr,homepage_unreachable,shortlist,Sirius B,hr,hr,
sistory.si,homepage_unreachable,shortlist,Contributions to Contemporary History,si,sl,
slbc.sl,homepage_unreachable,shortlist,Sierra Leone Broadcasting Corporation,sl,,
sme.sk,homepage_unreachable,shortlist,SME,sk,sk,
smi21.ru,homepage_unreachable,shortlist,On the life’s way,ru,cv,
soleilfmbenin.com,homepage_unreachable,shortlist,Q78994737,bj,,
somaliareport.com,homepage_unreachable,shortlist,Somalia Report,so,so,
spacetv.az,homepage_unreachable,shortlist,Space TV,az,az,
sport-report.li,homepage_unreachable,shortlist,Sport Report Liechtenstein,li,,
sport.orange.sk,homepage_unreachable,shortlist,Orange Šport,sk,sk,
sport7.bg,homepage_unreachable,shortlist,Sport7,bg,bg,
sportal.blic.rs,homepage_unreachable,shortlist,Sportal.rs,rs,sr,
sportskatelevizija.hr,homepage_unreachable,shortlist,Sportska televizija,hr,hr,
sportske.jutarnji.hr,homepage_unreachable,shortlist,Sportske novosti,hr,hr,
sptv.hr,homepage_unreachable,shortlist,Sportska televizija,hr,hr,
startv.mn,homepage_unreachable,shortlist,Star TV (Mongolia),mn,mn,
strategos.morh.hr,homepage_unreachable,shortlist,Strategos,hr,hr,
suagm.edu,homepage_unreachable,shortlist,International Journal of Educational Excellence,pr,en,
sudantv.net,homepage_unreachable,shortlist,Sudan TV,sd,,
sumari.hr,homepage_unreachable,shortlist,Šumarski list,hr,hr,
summa.talentum.fi,homepage_unreachable,shortlist,Mediuutiset,fi,fi,
tabloidbintang.com,homepage_unreachable,shortlist,Bintang Indonesia,id,id,
tamilmirror.lk,homepage_unreachable,shortlist,Tamil Mirror,lk,ta,
tf1.fr,homepage_unreachable,shortlist,TMC,mc,fr,
tgb.gw,homepage_unreachable,shortlist,Guinea-Bissau Television,gw,,
theinquirer.com.lr,homepage_unreachable,shortlist,The Inquirer,lr,en,
thesilo.co.ls,homepage_unreachable,shortlist,The Silo,ls,en,
theweek.co.om,homepage_unreachable,shortlist,Theweek,om,en,
tidskriftenkomma.se,homepage_unreachable,shortlist,Komma,se,sv,
timesofpakistan.com,homepage_unreachable,shortlist,Times of Pakistan,pk,ur,
tiranatimes.com,homepage_unreachable,shortlist,Tirana Times,al,en,
tjer.net,homepage_unreachable,shortlist,The Journal of Engineering Research,om,en,
tradewinds923.com,homepage_unreachable,shortlist,ZCBN-FM,vg,,
trece.com.py,homepage_unreachable,shortlist,RPT TV,py,,
ttf.unizg.hr,homepage_unreachable,shortlist,TEDI,hr,hr,
tupi.am,homepage_unreachable,shortlist,Super Rádio Tupi,br,hy,
tv-vratsa.bg,homepage_unreachable,shortlist,Hot FM,bg,bg,
tv.parlement.mr,homepage_unreachable,shortlist,Al Barlemania,mr,,
tv.rtsh.al,homepage_unreachable,shortlist,RTSH 1,al,,
tv1samoa.com,homepage_unreachable,shortlist,TV1 Samoa,ws,,
tvsakartvelo.ge,homepage_unreachable,shortlist,TV Sakartvelo,ge,ka,
uke.hr,homepage_unreachable,shortlist,04 megazine for reality hacking,hr,hr,
ulpad.fberg.tuke.sk,homepage_unreachable,shortlist,Transport & Logistics,rs,sk,
unizd.hr,homepage_unreachable,shortlist,Miscellanea Hadriatica et Mediterranea,hr,hr,
usc.gal,homepage_unreachable,shortlist,Q131370482,es,gl,
vet.cmu.ac.th,homepage_unreachable,shortlist,Chiang Mai Sattawa Phatthayasan,th,th,
viasatsport.ee,homepage_unreachable,shortlist,Go3 Sport 1,lv,et,
vikublad.fo,homepage_unreachable,shortlist,Vikublaðið,fo,,
vision1gh.com,homepage_unreachable,shortlist,Vision 1 FM,gh,ak,
vitebsk.cc,homepage_unreachable,shortlist,Narodnya Naviny Vitsebska,by,ru,
voxmaris.lt,homepage_unreachable,shortlist,Vox Maris,lt,lt,
vrastan.ge,homepage_unreachable,shortlist,Vrastan,ge,hy,
vtv6.vtv.vn,homepage_unreachable,shortlist,VTV6,vn,vi,
web.archive.org.web.20140125120340,homepage_unreachable,shortlist,Animonster,id,id,
whitenileradio.info,homepage_unreachable,shortlist,White Nil radio station,sd,,
wkaq580.com,homepage_unreachable,shortlist,WKAQ,pr,,
wt.foozos.hr,homepage_unreachable,shortlist,Pannoniana,hr,hr,
www-1.mtk.ut.ee,homepage_unreachable,shortlist,Eesti Majanduspoliitilised Väitlused,ee,et,
www-biomedphys.univer.kharkov.ua,homepage_unreachable,shortlist,Bìofìzičnij Vìsnik,ua,uk,
wwww.ddtv.ro,homepage_unreachable,shortlist,DDTV,ro,ro,
yenbaitv.org.vn,homepage_unreachable,shortlist,Yen Bai Radio and Television,vn,vi,
yomleyom.co.il,homepage_unreachable,shortlist,Q6660060,il,he,
youth.rep.kp,homepage_unreachable,shortlist,Chongnyon Jonwi,kp,ko,
zabavni.hr,homepage_unreachable,shortlist,Zabavni Radio,hr,hr,
zaitouncaravanradio.org.rs,homepage_unreachable,shortlist,Zaitoun Caravan Radio,rs,sr,
zanis.org.zm,homepage_unreachable,shortlist,Zambian News Agency,zm,,
zarbemomin.com.pk,homepage_unreachable,shortlist,Zarb-e-Momin,pk,ur,
zawia.af,homepage_unreachable,shortlist,ZAWIA,af,,
zbengweb.co.il,homepage_unreachable,shortlist,Q55649557,il,he,
zenon-verlag.de.vu,homepage_unreachable,shortlist,Q1195857,vu,de,
zhwandoon.tv,homepage_unreachable,shortlist,Zhwandoon TV,af,,
zoonotes.bio.uni-plovdiv.bg,homepage_unreachable,shortlist,ZooNotes,bg,bg,
0277.ch,robots_unavailable,remainder,027.7,ch,en,
1005freshradio.ca,robots_unavailable,remainder,CKRU-FM,ca,,
100komma7.lu,robots_unavailable,remainder,"radio 100,7",lu,,
1015thehawk.com,robots_unavailable,remainder,CIGO-FM,ca,,
1019boom.com,robots_unavailable,remainder,CKKY-FM,ca,,
1019fm.net,robots_unavailable,remainder,CHAI-FM,ca,,
1023jackfm.com,robots_unavailable,remainder,CHST-FM,ca,,
1031sunnyfm.weebly.com,robots_unavailable,remainder,DXAM-FM,ph,,
1047.ca,robots_unavailable,remainder,CIHR-FM,ca,,
1047.com.au,robots_unavailable,remainder,Hit104.7 Canberra,au,en,
1047fm.net,robots_unavailable,remainder,CJFL-FM,ca,,
1049.fm,robots_unavailable,remainder,Heart 104.9 FM,za,,
105.net,robots_unavailable,remainder,Radio 105 Network,it,,
1079life.com,robots_unavailable,remainder,Life FM,au,,
1150ckoc.com,robots_unavailable,remainder,CKOC,ca,,
1242.com,robots_unavailable,remainder,Nippon Broadcasting System,jp,,
12tvparma.it,robots_unavailable,remainder,Tv Parma,it,it,
132.248.10.25,robots_unavailable,remainder,Economía Teoría y Práctica,mx,es,
13c.cl,robots_unavailable,remainder,13C FM,cl,,
13i.tv,robots_unavailable,remainder,13i,cl,,
147.213.211.222,robots_unavailable,remainder,Ekológia,sk,en,
149.156.51.45,robots_unavailable,remainder,Rocznik Biblioteki Naukowej PAU i PAN w Krakowie,pl,,
16-9.dk,robots_unavailable,remainder,16:9,dk,en,
168.ru,robots_unavailable,remainder,168 Hours,ru,ru,
187.60.128.132,robots_unavailable,remainder,Q124935332,br,,
190.109.164.179,robots_unavailable,remainder,Ingeniería al Día,co,es,
190.64.86.34,robots_unavailable,remainder,Revista Universitaria de la Educación Física y el Deporte,uy,es,
193.232.218.56,robots_unavailable,remainder,Vestnik Rossijskogo Universiteta Družby Narodov: Seriâ Meždunarodnye Otnošeniâ,ru,en,
1sport.in,robots_unavailable,remainder,1Sports,in,,
1sportfm.ru,robots_unavailable,remainder,Pervoe Sportivnoe (First Sports Radio),ru,ru,
1tvch.ru,robots_unavailable,remainder,1HDTV,ru,ru,
1xx.co.nz,robots_unavailable,remainder,Radio Bay of Plenty,nz,,
200.159.241.15,robots_unavailable,remainder,"Revista de Administração, Sociedade e Inovação",br,pt,
200.48.26.79,robots_unavailable,remainder,Anales de la Facultad de Medicina,pe,pt,
2000fm.com,robots_unavailable,remainder,2OOO,au,,
22universal.com,robots_unavailable,remainder,CX 22 Radio Universal,uy,,
24hrs.ca,robots_unavailable,remainder,24 Hours,ca,en,
24kitchen.pt,robots_unavailable,remainder,24Kitchen,pt,pt,
24syv.dk,robots_unavailable,remainder,Radio24syv,dk,da,
296.fm,robots_unavailable,remainder,Q48747233,jp,,
2aaa.net,robots_unavailable,remainder,2AAA,au,,
2bh.com.au,robots_unavailable,remainder,2BH,au,en,
2bobradio.org.au,robots_unavailable,remainder,2BOB,au,,
2ca.com.au,robots_unavailable,remainder,2CA,au,en,
2cc.net.au,robots_unavailable,remainder,2CC,au,en,
2cr.com.au,robots_unavailable,remainder,2CR China Radio Network,au,,
2dayfm.fbc.com.fj,robots_unavailable,remainder,2day FM-Fiji,fj,,
2duerighe.com,robots_unavailable,remainder,2duerighe,it,it,
2ky.com.au,robots_unavailable,remainder,2KY,au,,
2lt.com.au,robots_unavailable,remainder,2LT,au,en,
2m.ma,robots_unavailable,remainder,2M TV,ma,,
2ser.com,robots_unavailable,remainder,2SER,au,,
2x2tv.ru,robots_unavailable,remainder,2×2,ru,ru,
35media.ru,robots_unavailable,remainder,Q4394047,ru,ru,
365calend.ru,robots_unavailable,remainder,365calend.ru,ru,ru,
365days.ru,robots_unavailable,remainder,365 Days TV,ru,ru,
3gg.com.au,robots_unavailable,remainder,3GG,au,en,
3mdr.com,robots_unavailable,remainder,3MDR,au,,
3szek.ro,robots_unavailable,remainder,Háromszék,ro,hu,
3wayfm.org.au,robots_unavailable,remainder,3WAY FM,au,,
40ans.cdhal.org,robots_unavailable,remainder,Caminando,ca,fr,
45.238.216.13,robots_unavailable,remainder,Mikarimin,ec,es,
452f.com,robots_unavailable,remainder,452ºF,es,es,
48fm.com,robots_unavailable,remainder,Q2816907,be,,
49e.ru,robots_unavailable,remainder,Pravovaâ Iniciativa,ru,ru,
4duk.ru,robots_unavailable,remainder,Q4516118,ru,ru,
4plus.tv,robots_unavailable,remainder,4+,ch,,
4rph.org.au,robots_unavailable,remainder,Reading Radio 4RPH,au,,
4us.com.au,robots_unavailable,remainder,Radio 4US,au,,
4zzzfm.org.au,robots_unavailable,remainder,4ZZZ,au,,
50canale.tv,robots_unavailable,remainder,Q3599263,it,,
53news.ru,robots_unavailable,remainder,53 novosti,ru,ru,
560cfos.ca,robots_unavailable,remainder,CFOS,ca,,
56orb.ru,robots_unavailable,remainder,56orb,ru,ru,
5fm.co.za,robots_unavailable,remainder,5FM,za,,
5plus.tv,robots_unavailable,remainder,5+,ch,,
5pluschannel.com,robots_unavailable,remainder,5 Plus,mm,,
5rm.com,robots_unavailable,remainder,5RM,au,,
5uglov.ru,robots_unavailable,remainder,Q4258284,ru,ru,
620ckrm.com,robots_unavailable,remainder,CKRM,ca,,
62info.ru,robots_unavailable,remainder,62INFO,ru,ru,
6ix.com.au,robots_unavailable,remainder,6IX,au,en,
6plus.tv,robots_unavailable,remainder,6+,ch,,
765fm.com,robots_unavailable,remainder,Q11290571,jp,,
771fm.co.jp,robots_unavailable,remainder,Q11290646,jp,ja,
774dwww.ph,robots_unavailable,remainder,DWWW,ph,,
775fm.com,robots_unavailable,remainder,Q48746341,jp,,
789.co.jp,robots_unavailable,remainder,Q11290573,jp,ja,
7dimanche.be,robots_unavailable,remainder,Q2818321,be,fr,
7info.ru,robots_unavailable,remainder,7info,ru,ru,
7plus.com.au,robots_unavailable,remainder,Seven Network,au,,
816.fm,robots_unavailable,remainder,Q11199381,jp,,
881theone.ca,robots_unavailable,remainder,88.1 The One,ca,,
883jia.com.sg,robots_unavailable,remainder,88.3Jia,sg,,
885fm.jp,robots_unavailable,remainder,Q11349397,jp,ja,
885thebeach.com,robots_unavailable,remainder,CIBH-FM,ca,,
889noticias.mx,robots_unavailable,remainder,XHM-FM,mx,,
893fm.com.au,robots_unavailable,remainder,2GLF,au,,
895thelake.ca,robots_unavailable,remainder,CJRL-FM,ca,,
897fm.com.au,robots_unavailable,remainder,Twin Cities FM,au,,
8tv.com.my,robots_unavailable,remainder,8TV,my,,
900chml.com,robots_unavailable,remainder,CHML,ca,,
900ckbi.com,robots_unavailable,remainder,CKBI,ca,,
90snetwork.com,robots_unavailable,remainder,Q13157865,ie,,
917coastfm.com,robots_unavailable,remainder,CKAY-FM,ca,,
919seafm.com.au,robots_unavailable,remainder,91.9 SeaFM,au,en,
919thebend.ca,robots_unavailable,remainder,CKNI-FM,ca,,
933thepeak.com,robots_unavailable,remainder,CJAV-FM,ca,,
933therock.ca,robots_unavailable,remainder,CJHD-FM,ca,,
935themove.com,robots_unavailable,remainder,CFXJ-FM,ca,en,
943thedrive.ca,robots_unavailable,remainder,CHNW-FM,ca,,
947thepulse.com,robots_unavailable,remainder,94.7 The Pulse,au,en,
955hitsfm.ca,robots_unavailable,remainder,CJOJ-FM,ca,,
963haofm.sg,robots_unavailable,remainder,96.3 Hao FM,sg,,
965thebreeze.com,robots_unavailable,remainder,CKUL-FM,ca,,
96fm.ie,robots_unavailable,remainder,Cork's 96FM,ie,,
96wefm.com,robots_unavailable,remainder,WEFM,tt,,
970universal.com,robots_unavailable,remainder,Udigital - Portal,uy,,
979fm.com.au,robots_unavailable,remainder,979fm,au,en,
983maxfm.com,robots_unavailable,remainder,CHER-FM,ca,,
984midlands.co.zw,robots_unavailable,remainder,98.4 Midlands,zw,,
989thedrive.com,robots_unavailable,remainder,CKLC-FM,ca,,
a9.com.tr,robots_unavailable,remainder,A9 TV,tr,tr,
aac.czasopisma.pan.pl,robots_unavailable,remainder,Acta Archaeologica Carpathica,pl,en,
aacijournal.com,robots_unavailable,remainder,"Allergy, Asthma & Clinical Immunology",ca,en,
aade.project.edu.tw,robots_unavailable,remainder,The Anne Times,tw,zh,
aamh.asn.au,robots_unavailable,remainder,The Great Circle,au,en,
aamjournal.in,robots_unavailable,remainder,Annals of Ayurvedic Medicine,in,en,
aap.org.au,robots_unavailable,remainder,Australasian Journal of Philosophy,au,en,
aare.edu.au,robots_unavailable,remainder,Australian Educational Researcher,au,en,
aav.iksiopan.pl,robots_unavailable,remainder,Acta Asiatica Varsoviensia,pl,en,
abarca.com.pt,robots_unavailable,remainder,Q25241865,pt,pt,
abbotsfordtimes.com,robots_unavailable,remainder,Abbotsford Times,ca,en,
abi.bo,robots_unavailable,remainder,Agencia Boliviana de Información,bo,es,
abmyod.aydin.edu.tr,robots_unavailable,remainder,Anadolu BİL Meslek Yüksekokulu Dergisi,tr,tr,
abolatv.pt,robots_unavailable,remainder,A Bola TV,pt,pt,
abpn.org.br,robots_unavailable,remainder,Revista da Associação Brasileira de Pesquisador s Negr s - ABPN,br,pt,
abs-cbn.com,robots_unavailable,remainder,DYAF-TV,ph,,
absa.asn.au,robots_unavailable,remainder,Australian Bird Study Association,au,,
academiaculinaria.org,robots_unavailable,remainder,Revista de Gastronomía y Cocina,ec,es,
academiagallegabellasartes.org,robots_unavailable,remainder,Abrente,es,es,
academico.epistemologia.com.br,robots_unavailable,remainder,Revista Epistemologia,br,pt,
acadlore.com,robots_unavailable,remainder,Challenges in Sustainability,ch,en,
acailandia.ma.gov.br,robots_unavailable,remainder,Q124989585,br,pt,
acarology.ir,robots_unavailable,remainder,Persian Journal of Acarology,ir,en,
acatiimi.fi,robots_unavailable,remainder,Q11849695,fi,fi,
accesson.kr,robots_unavailable,remainder,"Animal Systematics, Evolution and Diversity",kr,en,
acef-fsac.ulaval.ca,robots_unavailable,remainder,Ethnologies,ca,en,
acessoainformacao.cidadeocidental.go.gov.br,robots_unavailable,remainder,Q124989703,br,pt,
acn.cat,robots_unavailable,remainder,Agència Catalana de Notícies,es,,
acn.com.ve,robots_unavailable,remainder,Agencia Carabobeña de Noticias,ve,es,
acnntv.com,robots_unavailable,remainder,ACNN TV,ng,,
acs.pollub.pl,robots_unavailable,remainder,Applied Computer Science,pl,en,
acta.bibl.u-szeged.hu,robots_unavailable,remainder,Journal of Environmental Geography,hu,en,
acta.botanica.org.br,robots_unavailable,remainder,Acta Botanica Brasilica,br,en,
acta.mechanica.pb.edu.pl,robots_unavailable,remainder,Acta Mechanica et Automatica,pl,en,
actabioethica.cl,robots_unavailable,remainder,Acta Bioethica,cl,en,
actamath.com,robots_unavailable,remainder,Acta Mathematica Sinica (Chinese Series),cn,zh,
actawm.pb.edu.pl,robots_unavailable,remainder,Acta Mechanica et Automatica,pl,en,
actiweb.es,robots_unavailable,remainder,Revista Vectores de Investigación,mx,es,
actualidadeconomica.com,robots_unavailable,remainder,Actualidad Económica,es,es,
acustica-aia.it,robots_unavailable,remainder,Rivista Italiana di Acustica,it,it,
acvjournal.com,robots_unavailable,remainder,Angiologia e Cirurgia Vascular,pt,pt,
adcaij.usal.es,robots_unavailable,remainder,Advances in Distributed Computing and Artificial Intelligence Journal,es,en,
adelaide.edu.au,robots_unavailable,remainder,Adelaide Law Review,au,en,
adista.it,robots_unavailable,remainder,Q3605363,it,it,
admn.ae,robots_unavailable,remainder,Abu Dhabi's Holy Quran Radio,ae,,
adomonline.com,robots_unavailable,remainder,Adom TV,gh,,
adoresempre.com.br,robots_unavailable,remainder,Adore FM,br,pt,
adsmehub.ae,robots_unavailable,remainder,Abu Dhabi SME Hub,ae,,
adt.arcanum.com,robots_unavailable,remainder,Világgazdaság,hu,hu,
adultswim.ca,robots_unavailable,remainder,Adult Swim Canada,ca,,
advances.utc.sk,robots_unavailable,remainder,Advances in Electrical and Electronic Engineering,cz,en,
advbiores.net,robots_unavailable,remainder,Advanced biomedical research,in,en,
advms.pl,robots_unavailable,remainder,Advances in Medical Sciences,pl,en,
advokatbladet.no,robots_unavailable,remainder,Q17748223,no,no,
advpm.eu,robots_unavailable,remainder,Advances in Palliative Medicine,pl,en,
aeaa.journals.ac.za,robots_unavailable,remainder,African East-Asian Affairs the China Monitor,za,en,
aeaweb.org,robots_unavailable,remainder,Journal of Equine Science,jp,en,
aegaweb.com,robots_unavailable,remainder,Arquivos Entomolóxicos,es,en,
aejonline.org,robots_unavailable,remainder,African Evaluation Journal,za,,
aelectorales.ieem.org.mx,robots_unavailable,remainder,Apuntes Electorales,mx,es,
aema.net.au,robots_unavailable,remainder,Journal of the Australian Early Medieval Association.,au,en,
aenjs.iraqjournals.com,robots_unavailable,remainder,Al-Nahrain Journal for Engineering Sciences,iq,,
aerc.edu.pk,robots_unavailable,remainder,Pakistan Journal of Applied Economics,pk,en,
aespa.revistas.csic.es,robots_unavailable,remainder,Archivo Español de Arqueología,es,es,
afisha.ru,robots_unavailable,remainder,Afisha,ru,ru,
afjem.com,robots_unavailable,remainder,African Journal of Emergency Medicine,nl,en,
aflamtv.ma,robots_unavailable,remainder,Aflam TV,ma,,
africaninvertebrates.org,robots_unavailable,remainder,African Invertebrates,za,en,
afrjpaedsurg.org,robots_unavailable,remainder,African Journal of Paediatric Surgery,in,en,
agalega.gal,robots_unavailable,remainder,Televisión de Galicia,es,gl,
agalegaaudio.gal,robots_unavailable,remainder,Radio Galega,es,,
agazeta.com.br,robots_unavailable,remainder,A Gazeta,br,pt,
agazeta.net,robots_unavailable,remainder,TV Gazeta,br,,
agenciaeconordeste.com.br,robots_unavailable,remainder,Q136385479,br,pt,
agendapublica.elpais.com,robots_unavailable,remainder,Q73744915,es,,
agensir.it,robots_unavailable,remainder,Q12050678,it,it,
agi.ac.za,robots_unavailable,remainder,Feminist Africa,za,en,
agi.it,robots_unavailable,remainder,Agenzia Giornalistica Italia,it,it,
agora.at,robots_unavailable,remainder,Q1272735,at,de,
agora.emnuvens.com.br,robots_unavailable,remainder,Ágoraː Arquivologia em Debate,br,pt,
agr.ege.edu.tr,robots_unavailable,remainder,Ege Üniversitesi Ziraat Fakültesi Dergisi,tr,tr,
agraria.pro.br,robots_unavailable,remainder,Revista Brasileirade Ciencias Agrarias,br,pt,
agrimaroc.org,robots_unavailable,remainder,Revue Marocaine des Sciences Agronomiques et Vétérinaires,ma,fr,
agriscitech.eu,robots_unavailable,remainder,Agricultural Science and Technology,bg,en,
agroaid-bd.org,robots_unavailable,remainder,"Research in Agriculture, Livestock and Fisheries",bd,en,
agrogeoambiental.ifsuldeminas.edu.br,robots_unavailable,remainder,Revista Agrogeoambiental,br,pt,
agronauka-ecv.ru,robots_unavailable,remainder,Agricultural Science Euro-North-East,ru,ru,
agrophysical.eu,robots_unavailable,remainder,European Agrophysical Journal,ch,en,
agrotv.com.tr,robots_unavailable,remainder,Agro TV,tr,tr,
aguascalientes.gob.mx,robots_unavailable,remainder,XHRTA-FM,mx,,
aguassubterraneas.abas.org,robots_unavailable,remainder,Revista Águas Subterrâneas,br,pt,
ahlulbayt.co.uk,robots_unavailable,remainder,Ahlulbayt TV,iq,,
ahora.cu,robots_unavailable,remainder,¡Ahora!,cu,es,
ahorain.com,robots_unavailable,remainder,Ahora In,co,es,
ai.jsaweb.jp,robots_unavailable,remainder,Allergology International,jp,en,
aif.ru,robots_unavailable,remainder,Argumenty i Fakty,ru,ru,
aifm.rtm.gov.my,robots_unavailable,remainder,Ai FM,my,,
aip.ci,robots_unavailable,remainder,Agence ivoirienne de presse,ci,,
aipcnet.it,robots_unavailable,remainder,AIPC Magazine,it,it,
aips.net.au,robots_unavailable,remainder,Australian Quarterly,au,en,
ais-spb.ru,robots_unavailable,remainder,Saint-Petersburg art history notebooks,ru,ru,
aisberg.unibg.it,robots_unavailable,remainder,Linguistica e Filologia,it,it,
aisc.org,robots_unavailable,remainder,Engineering Journal,iq,,
aisthema.eu,robots_unavailable,remainder,Aisthema: International Journal,it,,
aisti.eu,robots_unavailable,remainder,RISTI,pt,,
aitjournal.com,robots_unavailable,remainder,Italian Journal of Remote Sensing,it,,
aiua.it,robots_unavailable,remainder,Archivio italiano di urologia andrologia,it,it,
ajas.info,robots_unavailable,remainder,Asian-Australasian Journal of Animal Sciences,kr,en,
ajhpe.org.za,robots_unavailable,remainder,African journal of health professions education,za,en,
ajhtl.com,robots_unavailable,remainder,"African Journal of Hospitality, Tourism and Leisure",za,en,
ajp.com.au,robots_unavailable,remainder,Australasian Chemist and Druggist,au,en,
ajts.org,robots_unavailable,remainder,Asian Journal of Transfusion Science,in,en,
akademiai.com,robots_unavailable,remainder,Archaeological Bulletin,hu,en,
aki.gov.hu,robots_unavailable,remainder,Studies in Agricultural Economics,hu,en,
akkrt.hu,robots_unavailable,remainder,Archaeological Bulletin,hu,en,
aknews.com,robots_unavailable,remainder,AKnews,iq,,
akroterion.journals.ac.za,robots_unavailable,remainder,Akroterion,za,,
aksa.fi,robots_unavailable,remainder,Äänekosken Kaupunkisanomat,fi,fi,
aksyonradyoiloilo.com.ph,robots_unavailable,remainder,DYOK,ph,,
akzia.ru,robots_unavailable,remainder,Action (newspaper),ru,ru,
al-masdar.net,robots_unavailable,remainder,Al-Masdar,il,ar,
al-qantara.revistas.csic.es,robots_unavailable,remainder,Al- Qantara,es,en,
al.ba.gov.br,robots_unavailable,remainder,TV ALBA,br,pt,
al.sp.gov.br,robots_unavailable,remainder,TV Alesp,br,pt,
al24news.com,robots_unavailable,remainder,AL24news,dz,en,
alahalygate.com,robots_unavailable,remainder,Al Ahali,eg,ar,
alainet.org,robots_unavailable,remainder,ALAI,ec,,
alalam.ir,robots_unavailable,remainder,Al-Alam News Network,ir,ar,
alaoula.ma,robots_unavailable,remainder,Laayoune TV,ma,,
alaraby.com,robots_unavailable,remainder,Al Araby,qa,ar,
alaskahighwaynews.ca,robots_unavailable,remainder,Alaska Highway News,ca,en,
albaceteabierto.es,robots_unavailable,remainder,Albacete Abierto,es,es,
albatv.org,robots_unavailable,remainder,Q99692685,ve,,
alcesjournal.org,robots_unavailable,remainder,Alces,ca,en,
aleph.csic.es,robots_unavailable,remainder,Boletín del Instituto Nacional de Investigaciones Agronómicas,es,es,
alevosia.com,robots_unavailable,remainder,Alevosía,es,es,
alexua.tv,robots_unavailable,remainder,TRC Alex,ua,,
alger-republicain.com,robots_unavailable,remainder,Alger républicain,dz,fr,
algerie-eco.com,robots_unavailable,remainder,Q120324945,dz,,
alhadath.net,robots_unavailable,remainder,Al Hadath,sa,,
alidaa-alamazighia.ma,robots_unavailable,remainder,Radio Amazigh,ma,,
alidaa-alwatania.ma,robots_unavailable,remainder,SNRT Radio National,ma,ar,
alijtihed.univ-tam.dz,robots_unavailable,remainder,IJTIHAD Journal On Legal and Economic Studies,dz,,
alinsen.tv,robots_unavailable,remainder,Al Insen TV,tn,,
aliqtisadi.com,robots_unavailable,remainder,Aliqtisadi,ae,,
aljazeera.com.tr,robots_unavailable,remainder,Al Jazeera,qa,tr,
alkhamisa.com,robots_unavailable,remainder,Al-Khamsa News,ps,,
allers.no,robots_unavailable,remainder,Q2837951,se,sv,
allindiaradio.gov.in,robots_unavailable,remainder,All India Radio,in,,
allnightnippon.com,robots_unavailable,remainder,Nippon Broadcasting System,jp,,
allt-om-rymden.se,robots_unavailable,remainder,Q16496350,se,sv,
alltihemmet.se,robots_unavailable,remainder,Q10406407,se,sv,
alltomresor.se,robots_unavailable,remainder,Q10406428,se,sv,
alltomtradgard.se,robots_unavailable,remainder,Q10406423,se,sv,
allufa.ru,robots_unavailable,remainder,Q16632259,ru,ru,
almadinafm.com,robots_unavailable,remainder,Al-Madina FM,sy,ar,
almaghribia-tv.ma,robots_unavailable,remainder,Algerian,ma,,
almajdtv.com,robots_unavailable,remainder,Basmah,sa,ar,
almanar.com.lb,robots_unavailable,remainder,Al-Manar,lb,,
almayadeen.net,robots_unavailable,remainder,Al Mayadeen,lb,,
almeriainformacion.com,robots_unavailable,remainder,Q107751924,es,es,
almg.gov.br,robots_unavailable,remainder,TV Assembleia,br,pt,
alpa.org.ve,robots_unavailable,remainder,Archivos Latinoamericanos de Produccion Animal,ve,es,
alpha989.com,robots_unavailable,remainder,Alpha 98.9,gr,,
alphatvsat.com,robots_unavailable,remainder,Alpha Sat,gr,,
alqantir.es,robots_unavailable,remainder,Al Qantir,es,es,
alraid.in,robots_unavailable,remainder,Al-Raid,in,ar,
alresalah.net,robots_unavailable,remainder,Al-Resalah Satellite TV,sa,,
alrray.org,robots_unavailable,remainder,Public Opinion News Agency,iq,ar,
altalex.com,robots_unavailable,remainder,Altalex,it,it,
altapress.ru,robots_unavailable,remainder,Q4300846,ru,ru,
alternatives-rurales.org,robots_unavailable,remainder,Alternatives Rurales,ma,fr,
alternativestheatrales.be,robots_unavailable,remainder,Alternatives théâtrales,be,fr,
althania.tv,robots_unavailable,remainder,Al Thania TV,sy,,
altitude.fm,robots_unavailable,remainder,Rádio Altitude,pt,,
altoadige.it,robots_unavailable,remainder,Alto Adige,it,it,
alvoradadosul.pr.gov.br,robots_unavailable,remainder,Q124978132,br,pt,
alwatanvoice.com,robots_unavailable,remainder,Al Watan Voice,ps,,
am1190radio.com,robots_unavailable,remainder,CFSL,ca,,
am1250online.com,robots_unavailable,remainder,CHSM,ca,,
am570radioargentina.com.ar,robots_unavailable,remainder,Radio Argentina,ar,,
am580ckww.com,robots_unavailable,remainder,CKWW,ca,,
am730.ca,robots_unavailable,remainder,CKGO,ca,,
am738.com,robots_unavailable,remainder,Radio Vilaverde Lda,cn,,
am960.com.uy,robots_unavailable,remainder,Radio Yi Durazno,uy,,
amazingtv.pl,robots_unavailable,remainder,Q16484674,pl,pl,
amazoniareal.com.br,robots_unavailable,remainder,Amazônia Real,br,pt,
amcs.uz.zgora.pl,robots_unavailable,remainder,International Journal of Applied Mathematics and Computer Science,pl,en,
americanreviewmag.com,robots_unavailable,remainder,American Review,au,,
americanstudies.ro,robots_unavailable,remainder,Intersections,ro,en,
amm.mazums.ac.ir,robots_unavailable,remainder,Current medical mycology,ir,en,
ammantv.net,robots_unavailable,remainder,Amman TV,jo,,
amorfm.mx,robots_unavailable,remainder,XHSH-FM,mx,,
amoxtli.cl,robots_unavailable,remainder,Amoxtli Journal,cl,es,
amritatv.com,robots_unavailable,remainder,Amrita TV,in,,
an.com.br,robots_unavailable,remainder,A Notícia,br,pt,
anaisdedermatologia.org.br,robots_unavailable,remainder,Anais Brasileiros de Dermatologia,br,en,
anale-economie.spiruharet.ro,robots_unavailable,remainder,Annals of Spiru Haret University Economic Series,ro,en,
analisesocial.ics.ul.pt,robots_unavailable,remainder,Análise Social,pt,en,
analisiqualitativa.com,robots_unavailable,remainder,M@GM@,it,,
ananindeua.pa.gov.br,robots_unavailable,remainder,Q124989518,br,pt,
anci.ch,robots_unavailable,remainder,Ancilla Iuris,ch,en,
ancientiranianstudies.ir,robots_unavailable,remainder,Ancient Iranian Studies,ir,en,
andamanchronicle.net,robots_unavailable,remainder,Andaman Chronicle,in,en,
andeangeology.cl,robots_unavailable,remainder,Andean Geology,cl,en,
andes.info.ec,robots_unavailable,remainder,Public News Agency of Ecuador and South America,ec,,
andromedaspaceways.com,robots_unavailable,remainder,Andromeda Spaceways Inflight Magazine,au,en,
anepe.cl,robots_unavailable,remainder,Política y Estrategia,cl,es,
angelguardian.mx,robots_unavailable,remainder,XHERL-FM,mx,,
angiologia.pl,robots_unavailable,remainder,Acta Angiologica,pl,en,
angra.rj.gov.br,robots_unavailable,remainder,Q124989525,br,pt,
anima.his.puc-rio.br,robots_unavailable,remainder,Anima,br,pt,
animalmedicalresearch.org,robots_unavailable,remainder,Exploratory Animal and Medical Research,in,en,
animalplanetindia.com,robots_unavailable,remainder,Q4764875,in,,
aninews.in,robots_unavailable,remainder,Asian News International,in,en,
aniolbeskidow.pl,robots_unavailable,remainder,Q9302133,pl,pl,
anmb.ro,robots_unavailable,remainder,Scientific Bulletin of Naval Academy,ro,en,
annalidibotanica.uniroma1.it,robots_unavailable,remainder,Annali di Botanica,it,it,
annalilettere.sns.it,robots_unavailable,remainder,Annali della Scuola Normale Superiore di Pisa. Classe di Lettere e Filosofia,it,it,
annals-general-psychiatry.com,robots_unavailable,remainder,Annals of General Psychiatry,gr,en,
annals-nams.in,robots_unavailable,remainder,Annals of the National Academy of Medical Sciences (India),in,en,
annals.in,robots_unavailable,remainder,Annals of Cardiac Anaesthesia,in,en,
annals.seap.usv.ro,robots_unavailable,remainder,USV Annals of Economics and Public Administration,ro,en,
annalsafrmed.org,robots_unavailable,remainder,Annals of African Medicine,ng,en,
annalskemu.org,robots_unavailable,remainder,Annals of King Edward Medical University,pk,en,
annalsofcommunityhealth.in,robots_unavailable,remainder,Annals of Community Health,in,en,
annalsofian.org,robots_unavailable,remainder,Annals of Indian Academy of Neurology,in,en,
annbot.net,robots_unavailable,remainder,Annales Botanici Fennici,fi,en,
annresantioxidants.com,robots_unavailable,remainder,Annals of Research in Antioxidants,ir,en,
annualofnavigation.pl,robots_unavailable,remainder,Annual of Navigation,pl,en,
anos.org.au,robots_unavailable,remainder,The Orchadian,au,en,
anped.org.br,robots_unavailable,remainder,Revista Brasileira de Educação,br,pt,
anpuh.org,robots_unavailable,remainder,Revista Brasileira de História,br,pt,
anrl.org.br,robots_unavailable,remainder,Q135984498,br,pt,
antena2.com.co,robots_unavailable,remainder,Antena 2,co,,
antigo.joaopessoa.pb.gov.br,robots_unavailable,remainder,Q124978076,br,pt,
antipode.be,robots_unavailable,remainder,Q2853332,be,,
antropologia.urv.es,robots_unavailable,remainder,Arxiu d'Etnografia de Catalunya,es,es,
anuariodehistoria.unr.edu.ar,robots_unavailable,remainder,Anuario de la Escuela de Historia,ar,es,
anuarioiha.fahce.unlp.edu.ar,robots_unavailable,remainder,Anuario del Instituto de Historia Argentina,ar,es,
aoemj.com,robots_unavailable,remainder,Annals of occupational and environmental medicine,kr,en,
aostasera.it,robots_unavailable,remainder,Aosta sera,it,it,
aov.ca,robots_unavailable,remainder,AOV Adult Movie Channel,ca,,
ap.anpuh.org,robots_unavailable,remainder,Q135977014,br,,
ap1.tv,robots_unavailable,remainder,AP1 TV,np,,
apa.at,robots_unavailable,remainder,Austria Press Agency,at,de,
apanews.net,robots_unavailable,remainder,African Press Agency,sn,,
apcz.pl,robots_unavailable,remainder,Q11802179,pl,pl,
apcz.umk.pl,robots_unavailable,remainder,Rocznik Przekładoznawczy,pl,pl,
apel.ieml.ru,robots_unavailable,remainder,Aktualʹnye Problemy Èkonomiki i Prava,ru,ru,
aperibe.rj.gov.br,robots_unavailable,remainder,Q124989531,br,pt,
aperipe.com.br,robots_unavailable,remainder,Aperipê TV,br,pt,
aph-ihpan.edu.pl,robots_unavailable,remainder,Acta Poloniae Historica,pl,en,
aphsc.org,robots_unavailable,remainder,Archives for the Philosophy and History of Soft Computing,es,en,
aplusivoire.ci,robots_unavailable,remainder,A+ Ivoire,ci,,
app.dipalme.org,robots_unavailable,remainder,Q138164447,es,,
app.thmanyah.com,robots_unavailable,remainder,Thmanyah (platform),sa,ar,
apple985fm.com.au,robots_unavailable,remainder,Apple FM,au,,
appledaily.com.tw,robots_unavailable,remainder,Apple Daily,tw,zh,
applied-science-innovations.com,robots_unavailable,remainder,Carbon: Science and Technology,in,en,
apps.slp.gob.mx,robots_unavailable,remainder,Q125952553,mx,es,
aprovinciadopara.com.br,robots_unavailable,remainder,A Província do Pará,br,pt,
apshus.usv.ro,robots_unavailable,remainder,"Annals of Philosophy, Social and Human Disciplines",ro,en,
apuntmedia.com,robots_unavailable,remainder,À Punt Mèdia,es,,
apurtu.org,robots_unavailable,remainder,Apurtu.org,es,,
aq.edu.ph,robots_unavailable,remainder,DWAQ,ph,,
aqsatv.ps,robots_unavailable,remainder,Al-Aqsa TV,ps,ar,
aquaticinvasions.net,robots_unavailable,remainder,Aquatic Invasions,fi,en,
ar.aljanoubiyatv.net,robots_unavailable,remainder,Al Janoubia TV,tn,,
ar.timesofisrael.com,robots_unavailable,remainder,The Times of Israel,il,en,
arajournal.net,robots_unavailable,remainder,ARA: Revista de Investigación en Turismo,es,,
aranews.net,robots_unavailable,remainder,ARA News,sy,ar,
arapiraca.radiomixfm.com.br,robots_unavailable,remainder,Q10337820,br,pt,
araraquara.sp.gov.br,robots_unavailable,remainder,Q124989545,br,pt,
araxa.mg.gov.br,robots_unavailable,remainder,Q124989549,br,pt,
arbetet.se,robots_unavailable,remainder,Q10416932,se,sv,
archaeologie.pro,robots_unavailable,remainder,Povolžskaâ Arheologiâ,ru,,
archbreastcancer.com,robots_unavailable,remainder,Archives of Breast Cancer,ir,en,
archeo.pan.krakow.pl,robots_unavailable,remainder,Sprawozdania Archeologiczne,pl,en,
archeologia.pl,robots_unavailable,remainder,Pomorania Antiqua,pl,pl,
archive.foliamedica.bg,robots_unavailable,remainder,Folia medica,pl,en,
archivoartea.uclm.es,robots_unavailable,remainder,Efímera Revista,es,es,
archivosdeciencias.fahce.unlp.edu.ar,robots_unavailable,remainder,Archivos de Ciencias de la Educación,ar,,
archpublichealth.com,robots_unavailable,remainder,Archives of Public Health,be,,
archvuz.ru,robots_unavailable,remainder,Arhitekton,ru,ru,
arcticandnorth.ru,robots_unavailable,remainder,Arktika i Sever,ru,ru,
ardeola.org,robots_unavailable,remainder,Ardeola,es,en,
areaw.be,robots_unavailable,remainder,Royal Association of Writers and Artists of Wallonia-Brussels,be,fr,
arena.org.au,robots_unavailable,remainder,Arena Magazine,au,en,
ares.mi.it,robots_unavailable,remainder,Q3976262,it,it,
aretrunt.se,robots_unavailable,remainder,Året Runt,se,sv,
argumenta.org,robots_unavailable,remainder,Argumenta,it,en,
argumenti.ru,robots_unavailable,remainder,Arguments of the week,ru,ru,
argus.ie,robots_unavailable,remainder,The Argus,ie,,
argusnews.in,robots_unavailable,remainder,Argus News,in,,
arheologia.com.ua,robots_unavailable,remainder,Arheologia,ua,en,
arheologie.ro,robots_unavailable,remainder,Studii de Preistorie,ro,ro,
arhsnsw.com.au,robots_unavailable,remainder,Railway Digest,au,en,
ark.fi,robots_unavailable,remainder,Finnish Architectural Review,fi,en,
arkhaiaanatolika.org,robots_unavailable,remainder,Arkhaia Anatolika,tr,,
armia24.pl,robots_unavailable,remainder,Q9159979,pl,pl,
armyacademy.ro,robots_unavailable,remainder,Revista Academiei Forțelor Terestre,pl,ro,
arnpriortoday.ca,robots_unavailable,remainder,CFMP-FM,ca,,
arogyadaily.com,robots_unavailable,remainder,Arogya Daily,in,en,
aror.orient.cas.cz,robots_unavailable,remainder,Archiv Orientalni,cz,en,
arqarqt.revistas.csic.es,robots_unavailable,remainder,Arqueología de la Arquitectura,es,es,
arquitectura.unizar.es,robots_unavailable,remainder,ZARCH. Journal of interdisciplinary studies in Architecture and Urbanism,es,en,
arquivologiauepb.com.br,robots_unavailable,remainder,Revista Analisando em Ciência da Informação,br,pt,
arquivosdeorl.org.br,robots_unavailable,remainder,International Archives of Otorhinolaryngology,br,en,
arryadia.com,robots_unavailable,remainder,Arryadia,ma,,
arsmedica.cl,robots_unavailable,remainder,Ars Medica,cl,,
arstadposten.no,robots_unavailable,remainder,Q19399165,no,no,
art.ceskatelevize.cz,robots_unavailable,remainder,ČT art,cz,cs,
artafm.com,robots_unavailable,remainder,Arta FM,sy,,
artandresearch.info,robots_unavailable,remainder,InFormation: Nordic Journal of Art and Research,no,,
artcollector.net.au,robots_unavailable,remainder,Australian Art Collector,au,en,
artear.com.ar,robots_unavailable,remainder,El Trece Internacional,ar,,
artelombarda.vitaepensiero.it,robots_unavailable,remainder,Arte Lombarda,it,it,
artes.ucp.pt,robots_unavailable,remainder,Journal of Science and Technology of the Arts,pt,en,
articulo14.es,robots_unavailable,remainder,Artículo 14,es,es,
artonline.tv,robots_unavailable,remainder,Arab Radio and Television Network,eg,,
artreview.com.au,robots_unavailable,remainder,Australian Art Review,au,en,
artsonline.monash.edu.au,robots_unavailable,remainder,"Colloquy: Text, Theory, Critique",au,en,
artycok.tv,robots_unavailable,remainder,Artyčok TV,cz,,
arunachalfront.info,robots_unavailable,remainder,Arunachal Front,in,,
aryzindagi.tv,robots_unavailable,remainder,ARY Zindagi,pk,,
asaa.anpcont.org.br,robots_unavailable,remainder,Advances in Scientific and Applied Accounting,br,pt,
asbs.org.au,robots_unavailable,remainder,Australasian Systematic Botany Society Newsletter,au,en,
asclepio.revistas.csic.es,robots_unavailable,remainder,Asclepio,es,fr,
aseas.univie.ac.at,robots_unavailable,remainder,ASEAS - Austrian Journal of South-East Asian Studies,at,de,
asgp.pl,robots_unavailable,remainder,Q16484775,pl,pl,
asharq.com,robots_unavailable,remainder,Asharq News,sa,,
asiaandro.com,robots_unavailable,remainder,Asian Journal of Andrology,in,en,
asiae.co.kr,robots_unavailable,remainder,The Asia Business Daily,kr,ko,
asianfoodnetwork.com,robots_unavailable,remainder,Asian Food Network,sg,,
asiantelevision.net,robots_unavailable,remainder,ATN Bangla,ca,,
asiarussia.ru,robots_unavailable,remainder,Q83487992,ru,ru,
asima-online.net,robots_unavailable,remainder,Q22688068,sy,,
asjo.in,robots_unavailable,remainder,Asian Journal of Oncology,in,en,
asjp.cerist.dz,robots_unavailable,remainder,Journal of Letters and Social Sciences,dz,fr,
askanews.it,robots_unavailable,remainder,askanews,it,it,
askellehti.fi,robots_unavailable,remainder,Q11853123,fi,fi,
askingradio.com,robots_unavailable,remainder,Asking Radio,ng,en,
aslh.nyme.hu,robots_unavailable,remainder,Acta Silvatica & Lignaria Hungarica,pl,en,
aspor.com.tr,robots_unavailable,remainder,A Spor,tr,tr,
aspress.com.pl,robots_unavailable,remainder,Q9372394,pl,pl,
assadissatv.ma,robots_unavailable,remainder,Assadissa,ma,,
assamtribune.com,robots_unavailable,remainder,The Assam Tribune,in,en,
association-rodina.ru,robots_unavailable,remainder,Voice of the Motherland,ru,ru,
associazioneadei.it,robots_unavailable,remainder,GAM Editrice,it,it,
associazioneitalianaorchidologia.it,robots_unavailable,remainder,Caesiana,it,en,
astn.pl,robots_unavailable,remainder,Q17619388,pl,pl,
at-s.com,robots_unavailable,remainder,Shizuoka Shimbun,jp,ja,
ata.org.au,robots_unavailable,remainder,ReNew,au,en,
atem-journal.com,robots_unavailable,remainder,ATeM Archives of Text and Music Studies,at,en,
atenas.reduniv.edu.cu,robots_unavailable,remainder,"Revista Científico Pedagógica ""Atenas""",cu,es,
ateneocadiz.es,robots_unavailable,remainder,Ateneo,es,es,
atimemedia.com,robots_unavailable,remainder,A-Time Media,th,,
atletico.com.br,robots_unavailable,remainder,TV Galo,br,pt,
atn.ua,robots_unavailable,remainder,АТН,ua,uk,
atnbangla.tv,robots_unavailable,remainder,ATN Bangla,bd,,
atnnewstv.com,robots_unavailable,remainder,ATN News,bd,,
ato.ru,robots_unavailable,remainder,Air transport observer,ru,ru,
atoz.ebsco.com,robots_unavailable,remainder,Bond Law Review,au,en,
atp.mil.gov.ua,robots_unavailable,remainder,Q12079637,ua,uk,
atv.ru,robots_unavailable,remainder,ATV,ru,ru,
au.news.yahoo.com,robots_unavailable,remainder,Geraldton Guardian,au,en,
auftanken.tv,robots_unavailable,remainder,Q84702907,ch,,
augustin.or.at,robots_unavailable,remainder,Augustin,at,de,
aulavirtualusmp.pe,robots_unavailable,remainder,Vox Juris,pe,es,
auniao.pb.gov.br,robots_unavailable,remainder,A União,br,pt,
australianaviation.com.au,robots_unavailable,remainder,Australian Aviation,au,en,
australianbankingfinance.com,robots_unavailable,remainder,Australian Banking & Finance,au,en,
australianbookreview.com.au,robots_unavailable,remainder,Australian Book Review,au,en,
australianforeignaffairs.com,robots_unavailable,remainder,Australian Foreign Affairs,au,,
austria-forum.org,robots_unavailable,remainder,zeitreise österreich,at,,
austrian-law-journal.at,robots_unavailable,remainder,Austrian Law Journal,at,de,
autexrj.com,robots_unavailable,remainder,Autex Research Journal,pl,en,
automotorsport.se,robots_unavailable,remainder,Q10423382,se,sv,
autopsyandcasereports.org,robots_unavailable,remainder,Autopsy & case reports,br,,
aves.be,robots_unavailable,remainder,Q2874244,be,fr,
avestatidning.com,robots_unavailable,remainder,Q10423526,se,sv,
aviaport.ru,robots_unavailable,remainder,AviaPort Agency,ru,ru,
aviatech.kai.ru,robots_unavailable,remainder,Q53673479,ru,ru,
avicennajmed.com,robots_unavailable,remainder,Avicenna journal of medicine,in,en,
avionrevue.com,robots_unavailable,remainder,Q29877204,es,es,
avisalofoten.no,robots_unavailable,remainder,Q50424324,no,nb,
avondhupress.ie,robots_unavailable,remainder,The Avondhu,ie,,
avozdafigueira.pt,robots_unavailable,remainder,A Voz da Figueira,pt,pt,
avtimes.net,robots_unavailable,remainder,Alberni Valley Times,ca,en,
avtoradio.ru,robots_unavailable,remainder,AvtoRadio,ru,ru,
avvir.no,robots_unavailable,remainder,Ávvir,no,se,
awesometv.my,robots_unavailable,remainder,Awesome TV,my,,
awf.wroc.pl,robots_unavailable,remainder,Human Movement,pl,en,
aww.com.au,robots_unavailable,remainder,Australian Women's Weekly,au,en,
axnscifi.com,robots_unavailable,remainder,AXN Sci Fi,ru,,
azot.lg.ua,robots_unavailable,remainder,Q12151442,ua,ru,
azteca.com,robots_unavailable,remainder,Aztec One,mx,,
azteca.com.gt,robots_unavailable,remainder,Azteca Guatemala,mx,,
aztecanoticias.com.mx,robots_unavailable,remainder,Az Noticias,mx,,
aztecauno.com,robots_unavailable,remainder,Aztec One,mx,,
b-mag.ru,robots_unavailable,remainder,Business Journal,ru,ru,
b100.ca,robots_unavailable,remainder,CKBZ-FM,ca,,
b105.com.au,robots_unavailable,remainder,B105 FM,au,en,
babelia.com,robots_unavailable,remainder,Babelia,es,es,
badenertagblatt.ch,robots_unavailable,remainder,Badener Tagblatt,ch,de,
bahiacomhistoria.ba.gov.br,robots_unavailable,remainder,Bahia com história,br,pt,
bajacalifornia.gob.mx,robots_unavailable,remainder,Q125952530,mx,es,
bajaobs.hu,robots_unavailable,remainder,Q1003065,hu,hu,
balaju.uv.mx,robots_unavailable,remainder,Balajú Revista de Cultura y Comunicación de la Universidad Veracruzana,mx,es,
balkandentaljournal.com,robots_unavailable,remainder,Balkan Journal of Dental Medicine,pl,en,
balkaneu.com,robots_unavailable,remainder,Independent Balkan News Agency,bg,,
balkanika.tv,robots_unavailable,remainder,Balkanika TV,bg,,
ballesterer.at,robots_unavailable,remainder,Ballesterer,at,de,
band.uol.com.br,robots_unavailable,remainder,Band,br,pt,
bandapm.it,robots_unavailable,remainder,Aguiluchos,es,it,
bandeapart.fm,robots_unavailable,remainder,Bande à part,ca,,
bandersnatch.ca,robots_unavailable,remainder,Bandersnatch,ca,en,
bandfmcampinas.com,robots_unavailable,remainder,Q16496664,br,,
bandinternacional.band.uol.com.br,robots_unavailable,remainder,Band Internacional,br,pt,
bandnewsfm.com.br,robots_unavailable,remainder,BandNews FM,br,pt,
bandparana.com.br,robots_unavailable,remainder,TV Bandeirantes Paraná,br,pt,
bandrio.band.uol.com.br,robots_unavailable,remainder,TV Bandeirantes Rio de Janeiro,br,pt,
bandvalefm.com.br,robots_unavailable,remainder,Q9645636,br,pt,
bandyportfoljen.se,robots_unavailable,remainder,Q29364183,se,sv,
banffcragandcanyon.com,robots_unavailable,remainder,Banff Crag & Canyon,ca,,
bangaloremirror.com,robots_unavailable,remainder,Bengaluru Mirror,in,en,
bangaloremirror.indiatimes.com,robots_unavailable,remainder,Bengaluru Mirror,in,en,
banglajol.info,robots_unavailable,remainder,Bangladesh Journal of Pharmacology,bd,en,
banglatv.co.uk,robots_unavailable,remainder,Bangla TV,bd,,
banglita.news,robots_unavailable,remainder,Q139867722,it,it,
bansalanfm.weebly.com,robots_unavailable,remainder,DXJR-FM,ph,,
barberoeditorigroup.it,robots_unavailable,remainder,TuttoRally,it,it,
barcaroladigital.com,robots_unavailable,remainder,Barcarola,es,es,
barentsobserver.com,robots_unavailable,remainder,BarentsObserver,no,,
barnanews.com,robots_unavailable,remainder,Barnanews,es,,
barradopirai.rj.gov.br,robots_unavailable,remainder,Q124989597,br,pt,
barreiras.ba.gov.br,robots_unavailable,remainder,Q124989598,br,pt,
basnews.com,robots_unavailable,remainder,Basnews,iq,,
bay-wave.co.jp,robots_unavailable,remainder,Q11290605,jp,ja,
bayfm.org.au,robots_unavailable,remainder,Bay FM,au,en,
bayfmnelsonbay.net,robots_unavailable,remainder,Bay FM 99.3,au,,
baza.io,robots_unavailable,remainder,Q103982633,ru,ru,
bazonline.ch,robots_unavailable,remainder,Basler Zeitung,ch,de,
bbcearth.ca,robots_unavailable,remainder,BBC Earth (Canada),ca,,
bbcri.com.au,robots_unavailable,remainder,Bay and Basin FM,au,,
bbj.hu,robots_unavailable,remainder,Budapest Business Journal,hu,en,
bblat.se,robots_unavailable,remainder,Q10438532,se,sv,
bbr.nefu.edu.cn,robots_unavailable,remainder,Bulletin of Botanical Research,cn,en,
bbtnews.com.cn,robots_unavailable,remainder,Beijing Business Today,cn,zh,
bcchj.com,robots_unavailable,remainder,Journal Of Babylon Center For Humanities Studies,iq,ar,
bci.krakow.pl,robots_unavailable,remainder,Tygodnik Finansowy,pl,pl,
bclocalnews.com,robots_unavailable,remainder,The Morning Star,ca,en,
bcn.iums.ac.ir,robots_unavailable,remainder,Basic and clinical neuroscience,ir,en,
bcnmes.com,robots_unavailable,remainder,BCN Mes,es,es,
bcstudies.com,robots_unavailable,remainder,BC Studies,ca,en,
bdbanda.com,robots_unavailable,remainder,Q8238830,es,es,
bdtruth.com.au,robots_unavailable,remainder,Barrier Daily Truth,au,en,
be-ja.org,robots_unavailable,remainder,Bulgarian e-Journal of Archaeology,bg,en,
bear-mag.com,robots_unavailable,remainder,BEAR'S MAGAZINE,jp,,
beijingwenxue.com,robots_unavailable,remainder,Beijing Literature,cn,zh,
beinsports.com,robots_unavailable,remainder,Bein Sports,es,,
beinsportsconnect.ca,robots_unavailable,remainder,beIN Sports,ca,,
belfieldfm.com,robots_unavailable,remainder,Belfield FM,ie,en,
belrtr.by,robots_unavailable,remainder,RTR-Belarus,by,ru,
belspo.be,robots_unavailable,remainder,Science Connection,be,,
belsu-tractus-aevorum.ru,robots_unavailable,remainder,Tractus Aevorum,ru,ru,
bemsimples.com,robots_unavailable,remainder,Bem Simples,br,,
bentogoncalves.rs.gov.br,robots_unavailable,remainder,Q124989607,br,pt,
berezan.in.ua,robots_unavailable,remainder,Q50407162,ua,uk,
beritasatu.com,robots_unavailable,remainder,BTV,id,,
berounsky.denik.cz,robots_unavailable,remainder,Q135443737,cz,cs,
bestrussia.tv,robots_unavailable,remainder,Russkiy Bestseller,ru,,
beta.b4ubhojpuri.com,robots_unavailable,remainder,B4U Bhojpuri,in,,
betadergi.com,robots_unavailable,remainder,Yönetim ve Organizasyon Araştırmaları Dergisi,tr,,
betheltv.tv,robots_unavailable,remainder,Bethel Television,pe,,
betterfarming.com,robots_unavailable,remainder,Better Farming (Canada),ca,,
betterphotography.com,robots_unavailable,remainder,Better Photography (Australian magazine),au,en,
bev.gv.at,robots_unavailable,remainder,Q134291857,at,de,
beykenttv.com.tr,robots_unavailable,remainder,Bea TV,tr,tr,
bf-online.at,robots_unavailable,remainder,Q1014847,at,de,
bfm.be,robots_unavailable,remainder,BFM Belgium,be,,
bfm.my,robots_unavailable,remainder,BFM 89.9,my,en,
bgklub.cz,robots_unavailable,remainder,Roden glas,cz,bg,
bhumsj.iraqjournals.com,robots_unavailable,remainder,Journal Of Babylon Center For Humanities Studies,iq,ar,
bibigon.ru,robots_unavailable,remainder,Bibigon,ru,ru,
bibliographica.iib.unam.mx,robots_unavailable,remainder,Bibliographica,mx,es,
biblioteca.uniminuto.edu,robots_unavailable,remainder,Práxis Pedagógica,co,es,
biblioteca2.utec.edu.sv,robots_unavailable,remainder,Revista de Museología Kóot,sv,es,
bibliotecadigital.fgv.br,robots_unavailable,remainder,Revista Brasileira de Finanças,br,pt,
bibliotecadigital.jcyl.es,robots_unavailable,remainder,Revista Castellana,es,es,
bibliotecavirtual.unl.edu.ar,robots_unavailable,remainder,FAVE. Seccion ciencias veterinarias,ar,,
bibliotecheoggi.it,robots_unavailable,remainder,Biblioteche Oggi Trends,it,it,
biblioteka.ihar.edu.pl,robots_unavailable,remainder,Plant Breeding and Seed Science,pl,pl,
bibliotheca-classica.org,robots_unavailable,remainder,Hyperboreus,ru,en,
bibpurl.oclc.org,robots_unavailable,remainder,Journal of Orthoptera research,bg,en,
bibvirtual.ucla.edu.ve,robots_unavailable,remainder,Agora de heterodoxias,ve,es,
bielertagblatt.ch,robots_unavailable,remainder,Bieler Tagblatt,ch,de,
bierzo7.com,robots_unavailable,remainder,Q5728331,es,es,
bigbuck98.com,robots_unavailable,remainder,KRRG,mx,,
bigland.fm,robots_unavailable,remainder,CFLN-FM,ca,,
bigwestcountry.ca,robots_unavailable,remainder,CIBW-FM,ca,,
bihartimes.com,robots_unavailable,remainder,Bihar Times,in,en,
bilbohiria.eus,robots_unavailable,remainder,Bilbao City Radio,es,,
bilibili.com,robots_unavailable,remainder,Bilibili,cn,zh,
bilimveutopya.com.tr,robots_unavailable,remainder,Bilim ve Ütopya,tr,tr,
billboard.it,robots_unavailable,remainder,Billboard Italia,it,it,
billiken.lat,robots_unavailable,remainder,Billiken,ar,es,
biochannel.com.au,robots_unavailable,remainder,Bio,au,,
biodiversityjournal.com,robots_unavailable,remainder,Biodiversity Journal,it,en,
biofueljournal.com,robots_unavailable,remainder,Biofuel Research Journal,ca,en,
bioimpedance.net,robots_unavailable,remainder,Journal of Electrical Bioimpedance,no,en,
biol.uni.wroc.pl,robots_unavailable,remainder,Zoologica Poloniae: The Journal of Polish Zoological Society,pl,en,
biolex.unison.mx,robots_unavailable,remainder,Biolex. Revista Jurídica del Departamento de Derecho,mx,es,
bioline.org.br,robots_unavailable,remainder,Bangladesh Journal of Medical Science,bd,en,
biologie.uvt.ro,robots_unavailable,remainder,Annals of West University of Timisoara: Series of Biology,ro,en,
biomechanica.hu,robots_unavailable,remainder,Biomechanica Hungarica,hu,en,
biomed-data.eu,robots_unavailable,remainder,Biomedical Data Journal,bg,en,
biomed.cas.cz,robots_unavailable,remainder,Physiological Research,cz,en,
biomedicine.cmu.edu.tw,robots_unavailable,remainder,BioMedicine,tw,en,
biotechnologia-journal.org,robots_unavailable,remainder,BioTechnologia,pl,en,
biotelevision.es,robots_unavailable,remainder,Biography Channel,es,es,
birdlife.fi,robots_unavailable,remainder,Q11875981,fi,fi,
birdlife.org.au,robots_unavailable,remainder,Australian Field Ornithology,au,en,
birdsaustralia.com.au,robots_unavailable,remainder,The State of Australia's Birds,au,en,
bit.mephi.ru,robots_unavailable,remainder,Bezopasnostʹ Informacionnyh Tehnologij,ru,ru,
biz.zeenews.com,robots_unavailable,remainder,Zee Business,in,,
bizz.abril.com.br,robots_unavailable,remainder,Bizz,br,pt,
bjcvs.org,robots_unavailable,remainder,Brazilian journal of cardiovascular surgery,br,en,
bjg.siteoficial.ws,robots_unavailable,remainder,Brazilian Journal of Geology,br,en,
bjihs.emnuvens.com.br,robots_unavailable,remainder,Brazilian Journal of Implantology and Health Sciences,br,pt,
bjk.com.tr,robots_unavailable,remainder,Beşiktaş TV,tr,tr,
bjnephrology.org,robots_unavailable,remainder,Jornal Brasileiro de nefrologia : [ʹorgão oficial de Sociedade Brasileira de Nefrologia],br,en,
bjnews.com.cn,robots_unavailable,remainder,The Beijing News,cn,zh,
bjorklovet.com,robots_unavailable,remainder,Q10430590,se,,
bjorl.org.br,robots_unavailable,remainder,Brazilian Journal of Otorhinolaryngology,nl,en,
bjrbdzb.bjd.com.cn,robots_unavailable,remainder,Beijing Evening News,cn,zh,
bjsep.org,robots_unavailable,remainder,Bulgarian Journal of Science and Education Policy,bg,,
bkmedia.cn,robots_unavailable,remainder,Q140868381,cn,zh,
bldeujournalhs.in,robots_unavailable,remainder,BLDE University Journal of Health Sciences,in,en,
blekingeposten.se,robots_unavailable,remainder,Q10431247,se,sv,
bloombergindonesia.tv,robots_unavailable,remainder,Bloomberg TV Indonesia Jakarta,id,,
bmbtrj.org,robots_unavailable,remainder,Biomedical and Biotechnology Research Journal,in,en,
bmgn-lchr.nl,robots_unavailable,remainder,Bijdragen en Mededelingen Betreffende de Geschiedenis der Nederlanden,nl,en,
boc.cantabria.es,robots_unavailable,remainder,Boletín Oficial de Cantabria,es,es,
boegan.it,robots_unavailable,remainder,Atti e Memorie della Commissione Grotte “Eugenio Boegan”,it,it,
boerse-express.com,robots_unavailable,remainder,boerse-express,at,de,
boervolkradio.co.za,robots_unavailable,remainder,Boervolk Radio,za,,
boingtv.it,robots_unavailable,remainder,Boing Plus,it,it,
boir.ca,robots_unavailable,remainder,CKVB-FM,ca,,
boletim.sambio.org.br,robots_unavailable,remainder,Boletim do Museu de Biologia Mello Leitao,br,en,
boletin.invemar.org.co,robots_unavailable,remainder,Boletín de Investigaciones Marinas y Costeras,co,es,
boletinoficial.sonora.gob.mx,robots_unavailable,remainder,Q125952556,mx,es,
boletinsoficiais.geosiap.net,robots_unavailable,remainder,Q124935305,br,,
bolshoisport.ru,robots_unavailable,remainder,Q4093010,ru,ru,
bomradio.com,robots_unavailable,remainder,BOM Radio,es,,
books.c3.hu,robots_unavailable,remainder,Budapest review of books,hu,en,
bookshop.iseas.edu.sg,robots_unavailable,remainder,Contemporary Southeast Asia,sg,en,
boom1011.com,robots_unavailable,remainder,CIXF-FM,ca,,
boom1035.com,robots_unavailable,remainder,CILB-FM,ca,en,
boom1049.com,robots_unavailable,remainder,CFHI-FM,ca,,
boom927.com,robots_unavailable,remainder,CHSL-FM,ca,,
boom941.com,robots_unavailable,remainder,CKBA-FM,ca,,
boom953.ca,robots_unavailable,remainder,CJXK-FM,ca,,
boom967.com,robots_unavailable,remainder,CFXW-FM,ca,,
boom995.ca,robots_unavailable,remainder,CHOO-FM,ca,,
boomerang-tv.ca,robots_unavailable,remainder,Boomerang,ca,,
boomerangla.com,robots_unavailable,remainder,Boomerang,br,,
boomerangtv.com.au,robots_unavailable,remainder,Boomerang,au,,
bop.dipsoria.es,robots_unavailable,remainder,Q115775949,es,es,
bop.dival.es,robots_unavailable,remainder,Boletín Oficial de la Provincia de Valencia,es,es,
bop.dpz.es,robots_unavailable,remainder,Boletín Oficial de la Provincia de Zaragoza,es,es,
borgis.pl,robots_unavailable,remainder,New Medicine,pl,en,
borvedomosti.ru,robots_unavailable,remainder,Borovichskie Vedomosti,ru,ru,
bosa.co.kr,robots_unavailable,remainder,Q20445876,kr,ko,
botanica.org.br,robots_unavailable,remainder,Acta Botanica Brasilica,br,en,
botany.pl,robots_unavailable,remainder,Polish Botanical Journal,pl,en,
bote.ch,robots_unavailable,remainder,Bote der Urschweiz,ch,de,
bpmsports.ca,robots_unavailable,remainder,CFTX-FM,ca,,
brain.edusoft.ro,robots_unavailable,remainder,Brain : broad research in artificial intelligence and neuroscience,ro,en,
braincirculation.org,robots_unavailable,remainder,Brain circulation,in,en,
brajets.com,robots_unavailable,remainder,"Brazilian Journal of Education, Technology and Society",br,,
brantfordexpositor.ca,robots_unavailable,remainder,Brantford Expositor,ca,en,
bravo.vc,robots_unavailable,remainder,Bravo!,br,pt,
bravotv.co.nz,robots_unavailable,remainder,Bravo,nz,,
brazjurol.com.br,robots_unavailable,remainder,International Brazilian Journal of Urology,br,en,
brc.amu.edu.pl,robots_unavailable,remainder,Biodiversity research and conservation,pl,en,
brf.be,robots_unavailable,remainder,Belgischer Rundfunk,be,,
brill.nl,robots_unavailable,remainder,Historical Materialism,nl,en,
brnensky.denik.cz,robots_unavailable,remainder,Q11343659,cz,cs,
broadcastaustralia.com.au,robots_unavailable,remainder,Broadcast Australia,au,,
broadview.org,robots_unavailable,remainder,United Church Observer,ca,en,
brtv24.live,robots_unavailable,remainder,BRTV Metropolitan Radio Maiduguri,ng,,
brumado.ba.io.org.br,robots_unavailable,remainder,Q124989629,br,pt,
brusselsstudies.be,robots_unavailable,remainder,Brussels Studies,be,,
bsp.inspci.org,robots_unavailable,remainder,Côte d'Ivoire Public Health Bulletin,ci,fr,
btv.gov.bd,robots_unavailable,remainder,Bangladesh Television,bd,,
bubinekrevolveru.cz,robots_unavailable,remainder,Revolver Revue,cz,cs,
budapest.hu,robots_unavailable,remainder,Q106959736,hu,hu,
budapestbeacon.com,robots_unavailable,remainder,The Budapest Beacon,hu,en,
budapester.hu,robots_unavailable,remainder,Budapester Zeitung,hu,de,
budapestfolyoirat.hu,robots_unavailable,remainder,Q850945,hu,hu,
buildinggiants.co.in,robots_unavailable,remainder,Building Giants,in,,
bulafm.fbc.com.fj,robots_unavailable,remainder,Bula FM,fj,,
bulgaria24.tv,robots_unavailable,remainder,Q82700159,bg,,
bulletin-econom.univ.kiev.ua,robots_unavailable,remainder,Vìsnik. Kiïvsʹkogo Nacìonalʹnogo Unìversitetu ìmenì Tarasa Ševčenka. Ekonomìka,ua,uk,
bulletin.pan.pl,robots_unavailable,remainder,Bulletin of the Polish Academy of Sciences.  Technical Sciences,pl,en,
bulletin.piwet.pulawy.pl,robots_unavailable,remainder,Bulletin of the Veterinary Institute in Pulawy = Biuletyn Instytutu Weterynarii w Pulawach,pl,en,
bulletinofgeography.umk.pl,robots_unavailable,remainder,Bulletin of Geography. Socio-Economic Series,pl,en,
bulletiny.divadlonavinohradech.com,robots_unavailable,remainder,Q139553305,cz,cs,
bumej.com,robots_unavailable,remainder,Mesopotamia Environmental Journal,iq,en,
bumerangfm.net,robots_unavailable,remainder,Q12274019,bg,,
bunad-magasinet.no,robots_unavailable,remainder,Q24207662,no,no,
bursatv.com.tr,robots_unavailable,remainder,Bursa TV,tr,tr,
business-english.com.pl,robots_unavailable,remainder,Business English Magazine,pl,en,
business.expertjournals.com,robots_unavailable,remainder,Expert Journal of Business and Management,ro,en,
businessperspectives.org,robots_unavailable,remainder,Problems and Perspectives in Management,ua,en,
businessplus.tv,robots_unavailable,remainder,Business Plus,pk,,
businesstoday.in,robots_unavailable,remainder,Business Today,in,en,
businessweekly.com.tw,robots_unavailable,remainder,Business Weekly,tw,zh,
butik64.ru,robots_unavailable,remainder,Butik 64,ru,ru,
bv.gva.es,robots_unavailable,remainder,Q20671880,es,es,
bvs-vet.org.br,robots_unavailable,remainder,Revista do Instituto Adolfo Lutz,br,pt,
byrnesmedia.com,robots_unavailable,remainder,CIDO-FM,ca,,
bz.hu,robots_unavailable,remainder,Budapester Zeitung,hu,de,
c103.ie,robots_unavailable,remainder,C103,ie,,
c105fm.cmedias.ca,robots_unavailable,remainder,CHQC-FM,ca,,
c31.org.au,robots_unavailable,remainder,C31 Melbourne,au,,
c7jalisco.com,robots_unavailable,remainder,XEJB-FM,mx,,
c90fm.cmedias.ca,robots_unavailable,remainder,CJPN-FM,ca,,
c93fm.cmedias.ca,robots_unavailable,remainder,CKMA-FM,ca,,
c95.com,robots_unavailable,remainder,CFMC-FM,ca,,
c98fm.cmedias.ca,robots_unavailable,remainder,CKRH-FM,ca,fr,
caacnews.com.cn,robots_unavailable,remainder,CAAC News,cn,zh,
cab.unime.it,robots_unavailable,remainder,Accademia Peloritana dei Pericolanti. Classe di Scienze Fisiche Matematiche e Naturali. Atti,it,en,
cachoeirasdemacacu.rj.leg.br,robots_unavailable,remainder,Q124989645,br,pt,
cadcamcae.lv,robots_unavailable,remainder,CAD-CAM-CAE Observer,lv,ru,
cadenamelodia.com,robots_unavailable,remainder,Melodía Stereo,co,,
cadenamusicalprat.cl,robots_unavailable,remainder,Q112845227,cl,,
cadernos.ensp.fiocruz.br,robots_unavailable,remainder,Cadernos de saúde pública,br,en,
cadernosdeterapiaocupacional.ufscar.br,robots_unavailable,remainder,Cadernos de Terapia Ocupacional,br,pt,
cadizdirecto.com,robots_unavailable,remainder,Cádiz Directo,es,es,
cagdaskocaeli.com.tr,robots_unavailable,remainder,Cagdas Kocaeli,tr,tr,
caijing.com.cn,robots_unavailable,remainder,Caijing,cn,zh,
cairns.com.au,robots_unavailable,remainder,The Cairns Post,au,en,
caixin.com,robots_unavailable,remainder,Caixin Media,cn,en,
cajn.cnki.net,robots_unavailable,remainder,Chinese Academic Journal (Network Edition),cn,zh,
calabriasconosciuta.it,robots_unavailable,remainder,Q3650031,it,it,
calgarysun.com,robots_unavailable,remainder,Calgary Sun,ca,en,
camacari.ba.gov.br,robots_unavailable,remainder,Q124989657,br,pt,
camara.rio,robots_unavailable,remainder,Rio TV Câmara,br,,
cambio.bo,robots_unavailable,remainder,Bolivia,bo,es,
camera-austria.at,robots_unavailable,remainder,Camera Austria,at,en,
caminodesantiago.gal,robots_unavailable,remainder,Ad Limina,es,es,
campinas.sp.gov.br,robots_unavailable,remainder,Q124989661,br,pt,
campoabierto.cl,robots_unavailable,remainder,Q54826235,cl,,
campustv.utalca.cl,robots_unavailable,remainder,Campus TV,cl,,
camrosecanadian.com,robots_unavailable,remainder,Camrose Canadian,ca,,
canadiangeographic.ca,robots_unavailable,remainder,Canadian Geographic,ca,en,
canadianjbiotech.com,robots_unavailable,remainder,Canadian Journal of Biotechnology,ca,en,
canakkalearastirmalari.comu.edu.tr,robots_unavailable,remainder,Çanakkale Araştırmaları Türk Yıllığı,tr,tr,
canal2.cl,robots_unavailable,remainder,Canal 2,cl,,
canal21tv.cl,robots_unavailable,remainder,Q5746403,cl,,
canal3.bf,robots_unavailable,remainder,Canal 3,bf,,
canal5.cl,robots_unavailable,remainder,Q5746442,cl,,
canal58.com.mx,robots_unavailable,remainder,XEAV-AM,mx,,
canal66.tv,robots_unavailable,remainder,XHILA-TV,mx,,
canal7.tv,robots_unavailable,remainder,Channel 7 Santiago del Estero,ar,,
canal8sanjuan.com.ar,robots_unavailable,remainder,Channel 8,ar,,
canalalmeriatv.com,robots_unavailable,remainder,Q8261503,es,,
canalaonline.com,robots_unavailable,remainder,Canal (á),ar,,
canalarte1.com.br,robots_unavailable,remainder,Arte 1,br,pt,
canalbis.globo.com,robots_unavailable,remainder,Bis,br,,
canalbrasil.globo.com,robots_unavailable,remainder,Canal Brasil,br,,
canalcjc.com.br,robots_unavailable,remainder,Canal da Juventude Cristã,br,pt,
canaldelcongreso.gob.mx,robots_unavailable,remainder,XHHCU-TDT,mx,,
canale46.it,robots_unavailable,remainder,Q3655031,it,it,
canale5.mediaset.it,robots_unavailable,remainder,Canale 5,it,it,
canalesette.it,robots_unavailable,remainder,Canale 7,it,it,
canalhollywood.es,robots_unavailable,remainder,Canal Hollywood +1,es,es,
canalj.pe,robots_unavailable,remainder,Canal J,pe,,
canalnatura.tv,robots_unavailable,remainder,Natura,es,,
canalnorte.org,robots_unavailable,remainder,Canal Norte TV,es,,
canalnv.ch,robots_unavailable,remainder,Q2935934,ch,,
canalplus.com,robots_unavailable,remainder,Canal+ Sport 5,pl,,
canalplus.es,robots_unavailable,remainder,Canal+,es,es,
canalplus.no,robots_unavailable,remainder,TV4 Hits,dk,no,
canalspacela.com,robots_unavailable,remainder,Space,br,,
canaltcm.com,robots_unavailable,remainder,TCM,es,,
canaltvc.com,robots_unavailable,remainder,TVC,br,,
canalviajar.com,robots_unavailable,remainder,Viajar,es,es,
canariasplay.es,robots_unavailable,remainder,Radio Televisión Canaria,es,es,
candeias.ba.io.org.br,robots_unavailable,remainder,Q124989671,br,pt,
candymag.com,robots_unavailable,remainder,Candy,ph,,
caninsesi.com.tr,robots_unavailable,remainder,caninsesi.com.tr,tr,tr,
canlit.ca,robots_unavailable,remainder,Canadian Literature,ca,en,
canwest.com,robots_unavailable,remainder,Canwest,ca,,
capital.cl,robots_unavailable,remainder,Capital,cl,es,
capital21.cdmx.gob.mx,robots_unavailable,remainder,XHCDM-TDT,mx,,
capitalfm.ch,robots_unavailable,remainder,Capital FM,ch,,
capitalradio.net.au,robots_unavailable,remainder,Capital Radio Network,au,,
capitaltvnigeria.com,robots_unavailable,remainder,Capital TV,ng,,
capradio.ma,robots_unavailable,remainder,Cap Radio,ma,,
caracolinternacional.com,robots_unavailable,remainder,Caracol Internacional,co,,
carapicuiba.sp.gov.br,robots_unavailable,remainder,Q124989678,br,pt,
cardiology-journal.com,robots_unavailable,remainder,Q16667050,ru,ru,
cardiologyjournal.org,robots_unavailable,remainder,Cardiology Journal,pl,en,
cardiovascmed.com,robots_unavailable,remainder,Research in cardiovascular medicine,in,en,
cardiovascular.elpub.ru,robots_unavailable,remainder,Cardiovascular Therapy and Prevention,ru,ru,
cardiovc.sld.cu,robots_unavailable,remainder,CorSalud,cu,es,
caretas.com.pe,robots_unavailable,remainder,Caretas,pe,es,
cariacica.es.gov.br,robots_unavailable,remainder,Q124989680,br,pt,
carjonline.org,robots_unavailable,remainder,Canadian Association of Radiologists Journal,ca,en,
carteleraarandina.com,robots_unavailable,remainder,Q17624393,es,es,
cartoonistblog.com,robots_unavailable,remainder,Cartoonist Blog,no,,
cartoonnetwork.ca,robots_unavailable,remainder,Cartoon Network,ca,,
cartoonnetwork.com.br,robots_unavailable,remainder,Cartoon Network,br,pt,
cartoonnetwork.es,robots_unavailable,remainder,Cartoon Network,es,es,
cartoonnetworkasia.com,robots_unavailable,remainder,Boomerang,sg,,
cartoonnetworkindia.com,robots_unavailable,remainder,Cartoon Network,in,,
cartoonnetworkkorea.com,robots_unavailable,remainder,Cartoon Network Korea,kr,,
cascavel.ufsm.br,robots_unavailable,remainder,Balduinia,br,en,
catalogoenlinea.bibliotecanacional.gov.co,robots_unavailable,remainder,Revista Ion,co,en,
catalunyapress.es,robots_unavailable,remainder,CatalunyaPress,es,es,
catve.com,robots_unavailable,remainder,CATVE,br,,
caucasushistory.ru,robots_unavailable,remainder,History Archeology and Ethnography of the Caucasus,ru,ru,
caus.org.lb,robots_unavailable,remainder,Q12238959,lb,,
cazv.cz,robots_unavailable,remainder,Zemědělská ekonomika,cz,en,
cb.com.cn,robots_unavailable,remainder,China Business Journal,cn,zh,
cbab.sbmp.org.br,robots_unavailable,remainder,Crop Breeding and Applied Biotechnology,br,en,
cbc.com.mx,robots_unavailable,remainder,XESPN-AM,mx,,
cbcg.me,robots_unavailable,remainder,Journal of Central Banking Theory and Practice,pl,en,
cbncariri.com.br,robots_unavailable,remainder,Q59278841,br,pt,
cbncascaveloficial.com.br,robots_unavailable,remainder,Q65171557,br,pt,
cbncuritiba.com.br,robots_unavailable,remainder,Q10384101,br,pt,
cbnlondrina.com.br,robots_unavailable,remainder,Q9669675,br,pt,
cbnmaceio.com.br,robots_unavailable,remainder,Q56349159,br,pt,
ccj.pku.edu.cn,robots_unavailable,remainder,Waiguo Zhexue,cn,zh,
cckwt.cc,robots_unavailable,remainder,Crimes And Courts,kw,,
ccreports.com.cn,robots_unavailable,remainder,China Consumer Reports,cn,zh,
cctv.com,robots_unavailable,remainder,China Central Television,cn,,
cctvplus.com,robots_unavailable,remainder,CCTV+,cn,,
ccw.com.cn,robots_unavailable,remainder,China Computerworld,cn,zh,
cdf.cl,robots_unavailable,remainder,Canal del Fútbol,cl,,
cditv.cn,robots_unavailable,remainder,Chengdu Broadcasting and Television,cn,zh,
cdk.cz,robots_unavailable,remainder,Q64918249,cz,cs,
cdnews.com.tw,robots_unavailable,remainder,CDNews,tw,zh,
cdns.com.tw,robots_unavailable,remainder,China Daily News,tw,zh,
cdtv.cl,robots_unavailable,remainder,CDtv,cl,,
ce.cn,robots_unavailable,remainder,Economic Daily,cn,zh,
ce.dsp.at,robots_unavailable,remainder,Österreich-Rundbrief der Charismatischen Erneuerung,at,de,
cebudailynews.inquirer.net,robots_unavailable,remainder,Cebu Daily News,ph,,
cecoch.cl,robots_unavailable,remainder,Estudios Constitucionales,cl,es,
cedes.unicamp.br,robots_unavailable,remainder,Educacao & sociedade,br,pt,
cedla.uva.nl,robots_unavailable,remainder,European Review of Latin American and Caribbean Studies,nl,nl,
cee.cunbm.utcluj.ro,robots_unavailable,remainder,Carpathian Journal of Electrical Engineering,ro,en,
ceesc.cat,robots_unavailable,remainder,Quaderns d'Educació Social,es,ca,
ceh.com.cn,robots_unavailable,remainder,China Economic Herald,cn,zh,
cejpp.eu,robots_unavailable,remainder,Central European Journal of Public Policy,cz,en,
cejsh.icm.edu.pl,robots_unavailable,remainder,West Bohemian Historical Review,cz,es,
celticstudiesuam.populr.me,robots_unavailable,remainder,Studia Celtica Posnaniensia,pl,,
centralchronicle.com,robots_unavailable,remainder,Central Chronicle,in,en,
centro.edu.mx,robots_unavailable,remainder,Economia Creativa,mx,es,
centrodehistoria-flul.com,robots_unavailable,remainder,Cadmo. Journal For Ancient History,pt,en,
ceramics-silikaty.cz,robots_unavailable,remainder,Ceramics-Silikáty,cz,en,
ceraneum.uni.lodz.pl,robots_unavailable,remainder,Studia Ceranea,pl,it,
cerne.ufla.br,robots_unavailable,remainder,Cerne,br,pt,
cesjournal.ru,robots_unavailable,remainder,Central-European Studies,ru,ru,
ceskatelevize.cz,robots_unavailable,remainder,Česká televize,cz,cs,
cesky.radio.cz,robots_unavailable,remainder,Radio Prague International,cz,cs,
cet-endojournals.ru,robots_unavailable,remainder,Kliničeskaâ i  Èksperimentalʹnaâ Tireoidologiâ,ru,ru,
ceum.unimc.it,robots_unavailable,remainder,History of Education and Children's Literature,it,it,
ceweekly.cn,robots_unavailable,remainder,China Economic Weekly,cn,zh,
cfamradio.com,robots_unavailable,remainder,CFAM,ca,,
cfbo.ca,robots_unavailable,remainder,CFBO-FM,ca,,
cfbv.moosefm.com,robots_unavailable,remainder,CFBV,ca,,
cfcbradio.com,robots_unavailable,remainder,CFCB,ca,,
cfcr.ca,robots_unavailable,remainder,CFCR-FM,ca,,
cflo.ca,robots_unavailable,remainder,CFLO-FM,ca,,
cfmu.mcmaster.ca,robots_unavailable,remainder,CFMU-FM,ca,,
cfno.fm,robots_unavailable,remainder,CFNO-FM,ca,,
cfnrfm.ca,robots_unavailable,remainder,CFNR-FM,ca,,
cfp.ca,robots_unavailable,remainder,Canadian Family Physician,ca,en,
cfpc.ca,robots_unavailable,remainder,Canadian Family Physician,ca,en,
cfqr600.com,robots_unavailable,remainder,CFQR,ca,,
cfreradio.com,robots_unavailable,remainder,CKC455,ca,,
cfryradio.ca,robots_unavailable,remainder,CFRY,ca,,
cftafm.com,robots_unavailable,remainder,CFTA-FM,ca,,
cftf.ca,robots_unavailable,remainder,CFTF-DT,ca,,
cfweradio.ca,robots_unavailable,remainder,CFWE-FM,ca,,
cfyxrimouski.com,robots_unavailable,remainder,CFYX-FM,ca,,
cgg-amg.unb.br,robots_unavailable,remainder,"Contabilidade, Gestão e Governança",br,pt,
cgjsc-rcessc.uwaterloo.ca,robots_unavailable,remainder,Canadian Graduate Journal of Sociology and Criminology,ca,en,
ch-sakura.jp,robots_unavailable,remainder,Japanese Culture Channel Sakura,jp,ja,
ch.wetter.tv,robots_unavailable,remainder,wetter.tv,ch,,
ch3plus.com,robots_unavailable,remainder,Channel 3,th,,
chabradio.com,robots_unavailable,remainder,CHAB,ca,,
chadafm.net,robots_unavailable,remainder,Chada FM,ma,,
chaineinter.ma,robots_unavailable,remainder,Chaîne Inter,ma,,
championnews.com.ng,robots_unavailable,remainder,Daily Champion,ng,en,
channelafrica.co.za,robots_unavailable,remainder,Channel Africa,za,,
charlatan.ca,robots_unavailable,remainder,The Charlatan,ca,en,
chat761.com,robots_unavailable,remainder,Q11290631,jp,,
cheers.com.tw,robots_unavailable,remainder,Cheers Magazine,tw,zh,
chemicke-listy.cz,robots_unavailable,remainder,Chemické Listy,cz,en,
chemonet.hu,robots_unavailable,remainder,Q1318442,hu,hu,
cheriefm.be,robots_unavailable,remainder,Q2972057,be,,
chgtrk.ru,robots_unavailable,remainder,Radio of Chuvashia,ru,ru,
chiba-tv.com,robots_unavailable,remainder,Chiba Television Broadcasting,jp,,
chicfm.org,robots_unavailable,remainder,CHIC-FM,ca,,
chichibufm.com,robots_unavailable,remainder,Q107411812,jp,,
chimurengalibrary.co.za,robots_unavailable,remainder,Souffles,ma,en,
chinaphar.com,robots_unavailable,remainder,Acta Pharmacologica Sinica,cn,en,
chinapress.com.my,robots_unavailable,remainder,China Press,my,zh,
chinapro.ru,robots_unavailable,remainder,Q16486753,ru,ru,
chinatimes.net.cn,robots_unavailable,remainder,China Times,cn,zh,
chinchillanews.com.au,robots_unavailable,remainder,Chinchilla News and Murilla Advertiser,au,,
chirurgia.med.pl,robots_unavailable,remainder,Q9189826,pl,pl,
chiznews.com,robots_unavailable,remainder,Chizhou Media Center,cn,,
chlc.com,robots_unavailable,remainder,CHLC-FM,ca,,
chmk.kz.pl,robots_unavailable,remainder,Q9333095,pl,pl,
chmr.ca,robots_unavailable,remainder,CHMR-FM,ca,,
chofu-fm.com,robots_unavailable,remainder,Q11631736,jp,,
chox97.com,robots_unavailable,remainder,CHOX-FM,ca,,
chramst.darwiniana.cz,robots_unavailable,remainder,Trifid,cz,cs,
chroniclesofchaos.com,robots_unavailable,remainder,Chronicles of Chaos,ca,,
chrwradio.ca,robots_unavailable,remainder,CHRW-FM,ca,,
chsrfm.ca,robots_unavailable,remainder,CHSR-FM,ca,,
chunfm.ca,robots_unavailable,remainder,CHUT-FM,ca,fr,
chuo.fm,robots_unavailable,remainder,CHUO-FM,ca,,
chvnradio.com,robots_unavailable,remainder,CHVN-FM,ca,,
chyfm.com,robots_unavailable,remainder,Chyfm,au,,
chz.org.ua,robots_unavailable,remainder,Q12136943,ua,uk,
ciao796.com,robots_unavailable,remainder,Q11290636,jp,,
ciaufm.ca,robots_unavailable,remainder,CIAU-FM,ca,fr,
cibm107.com,robots_unavailable,remainder,CIBM-FM,ca,,
cica.es,robots_unavailable,remainder,Q5701840,es,es,
cicr.ca,robots_unavailable,remainder,CICR-FM,ca,,
cicv.ca,robots_unavailable,remainder,CICV-FM,ca,,
cidpa.cl,robots_unavailable,remainder,Q85627008,cl,es,
ciel103.com,robots_unavailable,remainder,CIEL-FM,ca,,
cielradio.be,robots_unavailable,remainder,Q2972318,be,,
cienciasjuridicas.javeriana.edu.co,robots_unavailable,remainder,Vniversitas,co,es,
cignalplay.com,robots_unavailable,remainder,Cignal,ph,,
cilichili.cz,robots_unavailable,remainder,Čilichili,cz,cs,
cinebrasil.tv,robots_unavailable,remainder,Cine Brasil TV,br,,
cinemasparalleles.qc.ca,robots_unavailable,remainder,Ciné-Bulles,ca,fr,
cinematk.tv,robots_unavailable,remainder,Cinematk,es,,
cinetelerevue.be,robots_unavailable,remainder,Ciné Télé Revue,be,fr,
ciqifm.com,robots_unavailable,remainder,CIQI-FM,ca,,
cirvfm.com,robots_unavailable,remainder,CIRV-FM,ca,,
cisnerosmediadist.com,robots_unavailable,remainder,Cisneros Media,ve,,
cister.fm,robots_unavailable,remainder,Cister FM,pt,pt,
cit.fer.hr,robots_unavailable,remainder,Journal of Computing and Information Technology,hr,en,
cit.srce.unizg.hr,robots_unavailable,remainder,Journal of Computing and Information Technology,hr,en,
citafm.com,robots_unavailable,remainder,CITA-FM,ca,,
citltv.ca,robots_unavailable,remainder,CITL-DT,ca,,
citrenz.org.nz,robots_unavailable,remainder,Journal of Applied Computing and Information Technology,nz,en,
citvasia.com,robots_unavailable,remainder,Crime & Investigation Network Asia,sg,,
citymessenger.com.au,robots_unavailable,remainder,City Messenger,au,,
cityplusfm.my,robots_unavailable,remainder,City Plus FM,my,zh,
cityskane.se,robots_unavailable,remainder,Q10453556,se,sv,
ciut.fm,robots_unavailable,remainder,CIUT-FM,ca,,
cj103radio.com,robots_unavailable,remainder,CJVM-FM,ca,,
cj104.com,robots_unavailable,remainder,CJCJ-FM,ca,,
cj97radio.com,robots_unavailable,remainder,CJBP-FM,ca,,
cjam.ca,robots_unavailable,remainder,CJAM-FM,ca,,
cjas.kapadokya.edu.tr,robots_unavailable,remainder,Cappadocia Journal of Area Studies (CJAS) Cappadocia University,tr,tr,
cjascience.com,robots_unavailable,remainder,Revista Cubana de Ciencia Agrícola,cu,es,
cjasradio.ca,robots_unavailable,remainder,CJAS-FM,ca,,
cjb-rcb.ca,robots_unavailable,remainder,BioéthiqueOnline,ca,fr,
cjbk.com,robots_unavailable,remainder,CJBK,ca,,
cjc-online.ca,robots_unavailable,remainder,Canadian Journal of Communication,ca,en,
cjche.com.cn,robots_unavailable,remainder,Chinese Journal of Chemical Engineering,cn,en,
cjdccountry.com,robots_unavailable,remainder,CJDC,ca,,
cjece.ubm.ro,robots_unavailable,remainder,Carpathian Journal of Electronic and Computer Engineering,ro,en,
cjf.qc.ca,robots_unavailable,remainder,Relations,ca,fr,
cjfw.ca,robots_unavailable,remainder,CJFW-FM,ca,,
cjhk.ca,robots_unavailable,remainder,CJHK-FM,ca,,
cjhr.org,robots_unavailable,remainder,CHRISMED Journal of Health and Research,in,en,
cjiqfm.com,robots_unavailable,remainder,CJIQ-FM,ca,,
cjlo.com,robots_unavailable,remainder,CJLO,ca,,
cjls.com,robots_unavailable,remainder,CJLS-FM,ca,,
cjns.ca,robots_unavailable,remainder,CJNS-FM,ca,,
cjns.gums.ac.ir,robots_unavailable,remainder,Caspian Journal of Neurological Sciences,ir,en,
cjrb.cjn.cn,robots_unavailable,remainder,Changjiang Daily,cn,zh,
cjrifm.com,robots_unavailable,remainder,CJRI-FM,ca,,
cjrm.ca,robots_unavailable,remainder,Canadian Journal of Rural Medicine,ca,en,
cjrpfm.com,robots_unavailable,remainder,CJRP-FM,ca,,
cjse.ca,robots_unavailable,remainder,CJSE-FM,ca,,
cjsf.ca,robots_unavailable,remainder,CJSF-FM,ca,,
cjso.ca,robots_unavailable,remainder,CJSO-FM,ca,,
cjsotl-rcacea.ca,robots_unavailable,remainder,Canadian Journal for the Scholarship of Teaching and Learning,ca,en,
cjtr.ca,robots_unavailable,remainder,CJTR-FM,ca,,
cjtrauma.com,robots_unavailable,remainder,Chinese Journal of Traumatology,cn,en,
ck750.com,robots_unavailable,remainder,CKJH,ca,,
ckau.com,robots_unavailable,remainder,CKAU-FM,ca,fr,
ckbw.ca,robots_unavailable,remainder,CKBW-FM,ca,,
ckdj.net,robots_unavailable,remainder,CKDJ-FM,ca,,
ckdr.net,robots_unavailable,remainder,CKDR-FM,ca,,
ckfm.ca,robots_unavailable,remainder,CKLJ-FM,ca,,
ckinfm.com,robots_unavailable,remainder,CKIN-FM,ca,,
cklbradio.com,robots_unavailable,remainder,CKLB-FM,ca,,
cknw.com,robots_unavailable,remainder,CKNW,ca,,
ckoefm.com,robots_unavailable,remainder,CKOE-FM,ca,,
ckol.ca,robots_unavailable,remainder,CKOL-FM,ca,,
ckonfm.com,robots_unavailable,remainder,CKON-FM,ca,,
ckpr.com,robots_unavailable,remainder,CKPR-FM,ca,,
ckprthunderbay.com,robots_unavailable,remainder,CKPR-DT,ca,,
cksatv.ca,robots_unavailable,remainder,CKSA-DT,ca,,
ckswradio.ca,robots_unavailable,remainder,CKSW,ca,en,
cksyfm.com,robots_unavailable,remainder,CKSY-FM,ca,,
ckut.ca,robots_unavailable,remainder,CKUT-FM,ca,,
ckvl.fm,robots_unavailable,remainder,CKVL-FM,ca,fr,
ckxsfm.com,robots_unavailable,remainder,CKXS-FM,ca,,
clarefm.ie,robots_unavailable,remainder,Clare FM,ie,,
classcnbc.it,robots_unavailable,remainder,Class CNBC,it,it,
classic107.com,robots_unavailable,remainder,CKCL-FM,ca,,
classical1031fm.com,robots_unavailable,remainder,CFMX-FM,ca,,
classical963fm.com,robots_unavailable,remainder,CFMZ-FM,ca,,
classichits.ie,robots_unavailable,remainder,Ireland's Classic Hits Radio,ie,,
classicmotor.se,robots_unavailable,remainder,Q10454590,se,sv,
classics.dal.ca,robots_unavailable,remainder,Dionysius,ca,en,
clei.cl,robots_unavailable,remainder,CLEI Electronic Journal,cl,en,
cleo.com.au,robots_unavailable,remainder,Cleo,au,,
clientes.skual.com,robots_unavailable,remainder,UCOARTE Revista de Teoría e Historia del Arte,es,it,
clinicalhypertension.com,robots_unavailable,remainder,Clinical hypertension,kr,en,
clinicalneuropsychiatry.org,robots_unavailable,remainder,Clinical Neuropsychiatry,it,en,
clintonnewsrecord.ca,robots_unavailable,remainder,Clinton News-Record,ca,en,
cloclo.be,robots_unavailable,remainder,100% DESIGN IN ANTWERPEN,be,,
cltv36.tv,robots_unavailable,remainder,DWRW-TV,ph,,
clubdigital1015.com,robots_unavailable,remainder,XHAVO-FM,mx,,
clube92.com.br,robots_unavailable,remainder,Clube 92 FM,br,pt,
clubetv.com.br,robots_unavailable,remainder,TV Clube,br,pt,
clubrtl.be,robots_unavailable,remainder,RTL Club,be,,
cm-tv.pt,robots_unavailable,remainder,CMTV,pt,pt,
cmideast.ru,robots_unavailable,remainder,Christianity in the Middle East,ru,en,
cmj.org,robots_unavailable,remainder,Chinese Medical Journal,cn,zh,
cmj.yiigle.com,robots_unavailable,remainder,Chinese Medical Journal,cn,zh,
cmjornal.pt,robots_unavailable,remainder,Correio da Manhã Rádio,pt,pt,
cmjournal.org,robots_unavailable,remainder,Chinese Medicine,cn,en,
cmjp.pb.gov.br,robots_unavailable,remainder,TV Câmara João Pessoa,br,pt,
cmjw.pl,robots_unavailable,remainder,Q28674101,pl,pl,
cmreviews.ca,robots_unavailable,remainder,CM,ca,en,
cms.ba.gov.br,robots_unavailable,remainder,TV Câmara Salvador,br,pt,
cmsradio.org.au,robots_unavailable,remainder,1CMS,au,,
cmt.ca,robots_unavailable,remainder,CMT,ca,,
cmttv.com,robots_unavailable,remainder,Canal Maximo Televisión,ve,,
cn.nikkei.com,robots_unavailable,remainder,Nihon Keizai Shimbun,jp,ja,
cn.theaustralian.com.au,robots_unavailable,remainder,The Australian,au,en,
cndfilm.com,robots_unavailable,remainder,China Central Newsreel and Documentary Film Studio,cn,,
cneb.gov.cn,robots_unavailable,remainder,China National Emergency Broadcasting Center,cn,zh,
cnepaper.com,robots_unavailable,remainder,United Times,cn,,
cnews.com.br,robots_unavailable,remainder,TV Cidade,br,pt,
cnhubei.com,robots_unavailable,remainder,HUBEI DAILY,cn,,
cnnphilippines.com,robots_unavailable,remainder,CNN Philippines,ph,,
cnnplus.com,robots_unavailable,remainder,CNN PLUS,es,,
cnnportugal.iol.pt,robots_unavailable,remainder,CNN Portugal,pt,pt,
cnnportugal.pt,robots_unavailable,remainder,CNN Portugal,pt,pt,
cnr.cn,robots_unavailable,remainder,China National Radio,cn,zh,
cnstock.com,robots_unavailable,remainder,Shanghai Securities News,cn,,
cnt.gob.ec,robots_unavailable,remainder,Q29018763,ec,,
coastfm.com.au,robots_unavailable,remainder,Coast FM (Adelaide),au,,
coastfm.net.nz,robots_unavailable,remainder,Coast FM (Westport),nz,,
coastfm.org,robots_unavailable,remainder,Coast FM Tasmania,au,en,
coastfmradio.ca,robots_unavailable,remainder,CFPW-FM,ca,,
cochranenow.com,robots_unavailable,remainder,CKXY-FM,ca,,
cochranetimespost.com,robots_unavailable,remainder,Cochrane Times-Post,ca,en,
codiacfm.ca,robots_unavailable,remainder,CKUM-FM,ca,,
coffeescience.ufla.br,robots_unavailable,remainder,Coffee Science,br,pt,
coffscoastadvocate.com.au,robots_unavailable,remainder,The Coffs Coast Advocate,au,en,
colegiodemedicos.es,robots_unavailable,remainder,Q21003421,es,es,
collectaneabotanica.revistas.csic.es,robots_unavailable,remainder,Collectanea botanica,es,en,
collections.banq.qc.ca,robots_unavailable,remainder,Soins d’urgence,ca,fr,
collectionscanada.gc.ca,robots_unavailable,remainder,RPM,ca,en,
collettiva.it,robots_unavailable,remainder,Collettiva,it,it,
colloquium.aau.at,robots_unavailable,remainder,Colloquium - New Philologies,at,en,
colombeia.edu.ve,robots_unavailable,remainder,Colombeia,ve,,
colombiamedica.univalle.edu.co,robots_unavailable,remainder,Colombia Médica,co,en,
colombiareports.com,robots_unavailable,remainder,Colombia Reports,co,en,
colorincolorradio.com,robots_unavailable,remainder,Colorín ColorRadio,co,es,
colorsbangla.com,robots_unavailable,remainder,Colors Bangla,in,,
colorscineplex.com,robots_unavailable,remainder,Colors Cineplex,in,,
colorsgujarati.com,robots_unavailable,remainder,Colors Gujarati,in,,
colorsrishtey.com,robots_unavailable,remainder,Colors Rishtey,in,,
colorstv.com,robots_unavailable,remainder,Colors TV,in,,
colpisa.com,robots_unavailable,remainder,Q57577568,es,,
comadre.com.mx,robots_unavailable,remainder,XHRE-FM,mx,,
comadre.mx,robots_unavailable,remainder,XEL-AM,mx,,
comedycentral.co.nz,robots_unavailable,remainder,Comedy Central,au,,
comedycentral.com.au,robots_unavailable,remainder,Q23022208,au,,
comedycentral.es,robots_unavailable,remainder,Comedy Central Spain,es,es,
comedycentral.in,robots_unavailable,remainder,Comedy Central India,in,,
comedycentral.it,robots_unavailable,remainder,Comedy Central Italy,it,it,
comedycentral.tv,robots_unavailable,remainder,Comedy Central Austria,at,,
comiten.jp,robots_unavailable,remainder,Q11302580,jp,ja,
commandmagazine.jp,robots_unavailable,remainder,Q11302448,jp,ja,
compama.co.usb.ve,robots_unavailable,remainder,Bulletin of Computational Applied Mathematics,ve,en,
company.heraldcorp.com,robots_unavailable,remainder,Herald Media,kr,en,
comparativelawreview.com,robots_unavailable,remainder,Comparative Law Review,it,en,
comparativemigrationstudies.com,robots_unavailable,remainder,Comparative Migration Studies,nl,en,
compaso.ro,robots_unavailable,remainder,Journal of Comparative Research in Anthropology and Sociology,ro,en,
competitionreview.in,robots_unavailable,remainder,Competition Success Review,in,en,
compolitica.org,robots_unavailable,remainder,Revista Compolítica,br,pt,
computeroptics.ru,robots_unavailable,remainder,Computer Optics,ru,ru,
computeroptics.smr.ru,robots_unavailable,remainder,Computer Optics,ru,ru,
comunicacao.pr.gov.br,robots_unavailable,remainder,TV Paraná Turismo,br,pt,
comunicata.ufpi.br,robots_unavailable,remainder,Comunicata Scientiae,br,pt,
concellodemelide.org,robots_unavailable,remainder,Q12398492,es,,
concretewaves.com,robots_unavailable,remainder,Concrete Wave Magazine,ca,,
conductual.com,robots_unavailable,remainder,Conductual: Revista Internacional de Interconductismo y Análisis de Conducta,es,,
confedere.ch,robots_unavailable,remainder,Q3221716,ch,fr,
confilegal.com,robots_unavailable,remainder,Q136767318,es,,
coniglioeditore.it,robots_unavailable,remainder,X Comics,it,it,
connectingafrica.com,robots_unavailable,remainder,Connecting Africa,za,,
connotas.unison.mx,robots_unavailable,remainder,Connotas. Revista de crítica y teoría literarias,mx,es,
consentida.com.mx,robots_unavailable,remainder,XEBA-AM,mx,,
consilium-med.ru,robots_unavailable,remainder,Consilium Medicum,ru,ru,
constellation.uqac.ca,robots_unavailable,remainder,Revue Organisations & territoires,ca,fr,
contagem.mg.gov.br,robots_unavailable,remainder,Q124914098,br,pt,
contempclindent.org,robots_unavailable,remainder,Contemporary Clinical Dentistry,in,en,
content.iospress.com,robots_unavailable,remainder,Journal of Facade Design and Engineering,nl,en,
controradiobari.it,robots_unavailable,remainder,Controradio (Bari),it,it,
coolfm.biz,robots_unavailable,remainder,CKRB-FM,ca,,
coolfm.ng,robots_unavailable,remainder,Cool 95.9FM Port Harcourt,ng,en,
cooperativismoydesarrollo.ucc.edu.co,robots_unavailable,remainder,Cooperativismo & Desarrollo,co,es,
coretvnews.com,robots_unavailable,remainder,Core TV News,ng,,
cori.com.uy,robots_unavailable,remainder,Cooperativa de Radioemisoras del Interior,uy,,
corkuniversitypress.com,robots_unavailable,remainder,The Irish Review (1986-),ie,en,
corp.suspilne.media,robots_unavailable,remainder,Suspilne,ua,,
corradotedeschieditore.com,robots_unavailable,remainder,Q3879775,it,it,
correio24horas.com.br,robots_unavailable,remainder,Correio,br,pt,
correiodoestado.com.br,robots_unavailable,remainder,Correio do Estado,br,pt,
correiomanha.pt,robots_unavailable,remainder,Correio da Manhã,pt,pt,
corriere.ca,robots_unavailable,remainder,Corriere Canadese,ca,it,
corriere.fantascienza.com,robots_unavailable,remainder,Q3694509,it,,
corriereadriatico.it,robots_unavailable,remainder,Corriere Adriatico,it,it,
corrierealpi.gelocal.it,robots_unavailable,remainder,Corriere delle Alpi,it,it,
cosmopolitan.tv,robots_unavailable,remainder,Cosmopolitan TV Latinoamérica,ar,,
cosmopolitantv.es,robots_unavailable,remainder,Cosmopolitan Television,es,es,
cossa.ru,robots_unavailable,remainder,Cossa,ru,ru,
coucoumagazin.ch,robots_unavailable,remainder,Q87104568,ch,de,
country.stingray.com,robots_unavailable,remainder,Stingray Country,ca,,
country1053.ca,robots_unavailable,remainder,CKTG-FM,ca,,
country89.com,robots_unavailable,remainder,CKYY-FM,ca,,
country93.ca,robots_unavailable,remainder,CKYC-FM,ca,,
country94.ca,robots_unavailable,remainder,CHSJ-FM,ca,,
courier.co.il,robots_unavailable,remainder,Courier,il,ru,
cowraguardian.com.au,robots_unavailable,remainder,Cowra Guardian,au,,
cp.revues.org,robots_unavailable,remainder,Comunicação Pública,pt,pt,
cp2.g12.br,robots_unavailable,remainder,Giramundo,br,pt,
cpa.sagepub.com,robots_unavailable,remainder,Canadian Journal of Psychiatry,ca,en,
cphpost.dk,robots_unavailable,remainder,The Copenhagen Post,dk,en,
cpjournal.ca,robots_unavailable,remainder,Canadian Pharmacists Journal,ca,en,
cplr.in,robots_unavailable,remainder,Current Pharmaceutical Letters and Reviews (CPLR),in,en,
cpr.org.in,robots_unavailable,remainder,Current Pharmaceutical Research,in,en,
cqcb.com,robots_unavailable,remainder,Chongqing Morning Post,cn,,
cqnews.com.au,robots_unavailable,remainder,Central Queensland News,au,,
cqsy.net.cn,robots_unavailable,remainder,Journal of United Front Science,cn,zh,
cqvip.com,robots_unavailable,remainder,Acta Scientiarum Naturalium Universitatis Sunyatseni,cn,en,
cr.iribresearch.ir,robots_unavailable,remainder,Pizhūhish/hā-yi Irtibāṭī,ir,fa,
creeradio.com,robots_unavailable,remainder,CINI-FM,ca,,
cresthillsmedia.com,robots_unavailable,remainder,Crest FM,ng,en,
cri.cn,robots_unavailable,remainder,China Radio International,cn,zh,
crifpe.ca,robots_unavailable,remainder,Formation et profession revue scientifique internationale en éducation,ca,fr,
crim.umontreal.ca,robots_unavailable,remainder,Criminologie,ca,fr,
crimeandinvestigation.ca,robots_unavailable,remainder,Crime & Investigation (Canada),ca,,
crimeapress.info,robots_unavailable,remainder,KrymPRESS,ru,ru,
criticaeducativa.ufscar.br,robots_unavailable,remainder,Critica Educativa,br,pt,
croma.belasartes.ulisboa.pt,robots_unavailable,remainder,Revista CROMA,pt,pt,
cronachemaceratesi.it,robots_unavailable,remainder,Cronache Maceratesi,it,it,
cronicaglobal.com,robots_unavailable,remainder,Crónica Global,es,es,
crossover.fm,robots_unavailable,remainder,DWBM-FM,ph,,
crpit.com,robots_unavailable,remainder,Conferences in Research and Practice in Information Technology,au,en,
crrs.ca,robots_unavailable,remainder,Renaissance and Reformation,ca,en,
crt-radio.co.jp,robots_unavailable,remainder,Tochigi Broadcasting,jp,ja,
crtvg.es,robots_unavailable,remainder,Radio Galega Música,es,es,
cruise1323.com.au,robots_unavailable,remainder,Cruise 1323,au,,
crustacea.org.br,robots_unavailable,remainder,Nauplius,br,en,
cruzfm.com,robots_unavailable,remainder,CFWD-FM,ca,,
cs.com.cn,robots_unavailable,remainder,China Securities Journal,cn,en,
csbj-rncsb.org,robots_unavailable,remainder,Computational and Structural Biotechnology Journal,nl,en,
csdata.org,robots_unavailable,remainder,Zhongguo kexue shuju (Chinese-English ed. Online),cn,en,
csee.org.cn,robots_unavailable,remainder,CSEE Journal of Power and Energy Systems,cn,en,
csem.org.br,robots_unavailable,remainder,REMHU: Revista Interdisciplinar da Mobilidade Humana,br,pt,
ctajournal.com,robots_unavailable,remainder,Clinical and translational allergy,se,en,
ctc.ru,robots_unavailable,remainder,STS,ru,ru,
ctdsb.cnhubei.com,robots_unavailable,remainder,Chutian Metropolis Daily,cn,,
ctdsb.net,robots_unavailable,remainder,Jimu News,cn,,
ctenar.svkkl.cz,robots_unavailable,remainder,Čtenář,cz,cs,
ctitv.com.tw,robots_unavailable,remainder,CTi International,tw,zh,
ctnews.com.cn,robots_unavailable,remainder,China Tourism News,cn,zh,
cts.com.tw,robots_unavailable,remainder,Chinese Television System,tw,zh,
cts.tv,robots_unavailable,remainder,Q5110189,kr,,
cttl.org,robots_unavailable,remainder,Current Trends in Translation Teaching and Learning E,fi,en,
cuadernosadm.univalle.edu.co,robots_unavailable,remainder,Cuadernos de Administración,co,es,
cuadernosdeantropologia-puce.edu.ec,robots_unavailable,remainder,Antropología Cuadernos de investigación,ec,es,
cuadernosdeherpetologia.com,robots_unavailable,remainder,Cuadernos de Herpetología,ar,en,
cuatro.com,robots_unavailable,remainder,Cuatro,es,,
cuestionessociologia.fahce.unlp.edu.ar,robots_unavailable,remainder,Cuestiones de Sociología,ar,,
cuhso.cl,robots_unavailable,remainder,Cultura-Hombre-Sociedad,cl,es,
cultsocedu.amu.edu.pl,robots_unavailable,remainder,Kultura-Społeczeństwo-Edukacja,pl,pl,
culturabrasil.cmais.com.br,robots_unavailable,remainder,Rádio Cultura Brasil,br,pt,
culturafm.cmais.com.br,robots_unavailable,remainder,Cultura FM,br,pt,
culturales.uabc.mx,robots_unavailable,remainder,Culturales,mx,es,
culturalrelations.org,robots_unavailable,remainder,Cultural Relations Quarterly Review,hu,en,
cultureandhistory.revistas.csic.es,robots_unavailable,remainder,Culture & History Digital Journal,es,en,
cumberlandnewsnow.com,robots_unavailable,remainder,Amherst Citizen,ca,en,
curling.ca,robots_unavailable,remainder,Eye Opener,ca,en,
currentzoology.org,robots_unavailable,remainder,Current Zoology,cn,en,
curtinfm.com.au,robots_unavailable,remainder,Curtin FM,au,en,
cvmais.com,robots_unavailable,remainder,Q10366168,br,,
cwr.sjol.eu,robots_unavailable,remainder,Q20035217,pl,,
cx46.com,robots_unavailable,remainder,CX 46 Radio América,uy,,
cya.unam.mx,robots_unavailable,remainder,Contaduria y Administracion,mx,es,
cybelepress.com,robots_unavailable,remainder,International Journal of Health Preference Research,ca,en,
cybercrimejournal.com,robots_unavailable,remainder,International Journal of Cyber Criminology,in,en,
cybrarians.info,robots_unavailable,remainder,Cybrarians Journal,eg,,
cyclicdefrost.com,robots_unavailable,remainder,Cyclic Defrost,au,en,
cysjournal.ca,robots_unavailable,remainder,Canadian Young Scientist Journal,ca,en,
cytgen.com,robots_unavailable,remainder,Q4505942,ua,en,
cz001.com.cn,robots_unavailable,remainder,Changzhou Broadcast System,cn,zh,
czaskultury.pl,robots_unavailable,remainder,Q9198338,pl,pl,
czasopisma.ipn.gov.pl,robots_unavailable,remainder,Przegląd Archiwalny,pl,en,
czasopisma.kul.pl,robots_unavailable,remainder,Studia z Prawa Wyznaniowego,pl,pl,
czasopisma.lex.pl,robots_unavailable,remainder,Q9333251,pl,pl,
czasopisma.ltn.lodz.pl,robots_unavailable,remainder,Przegląd Socjologiczny,pl,pl,
czasopisma.marszalek.com.pl,robots_unavailable,remainder,Historia Slavorum Occidentis,pl,pl,
czasopisma.tnkul.pl,robots_unavailable,remainder,Roczniki Humanistyczne,pl,pl,
czasopisma.uni.lodz.pl,robots_unavailable,remainder,"Text Matters: A Journal of Literature, Theory and Culture",pl,en,
czasy-nowozytne.pl,robots_unavailable,remainder,Q28676042,pl,pl,
czechjournaloftourism.cz,robots_unavailable,remainder,Czech Journal of Tourism: Journal of Masaryk University,pl,en,
cztv.com,robots_unavailable,remainder,Zhejiang Television,cn,,
czworka.polskieradio.pl,robots_unavailable,remainder,Polskie Radio Program IV,pl,pl,
daathvoyagejournal.com,robots_unavailable,remainder,Daath Voyage: An International Journal of Interdisciplinary Studies in English,in,en,
dacex.ct.utfpr.edu.br,robots_unavailable,remainder,Revista de Letras,br,pt,
dadarivista.com,robots_unavailable,remainder,DADA Rivista di Antropologia post-globale,it,it,
dadun.unav.edu,robots_unavailable,remainder,Memoria y Civilización: Anuario de Historia,es,es,
daehannews.kr,robots_unavailable,remainder,Q137940990,kr,ko,
dagensmedier.no,robots_unavailable,remainder,Q17764418,no,no,
dagenssamhalle.se,robots_unavailable,remainder,Q10465896,se,sv,
dagpravda.ru,robots_unavailable,remainder,Dagestankaya Pravda,ru,ru,
daily.afisha.ru,robots_unavailable,remainder,Afisha Daily,ru,ru,
daily.rosaelyoussef.com,robots_unavailable,remainder,Rose Al-Youssef,eg,ar,
dailybrahmanbaria.com,robots_unavailable,remainder,Daily Brahmanbaria,bd,,
dailybulletin.ca,robots_unavailable,remainder,Kimberley Daily Bulletin,ca,en,
dailyexaminer.com.au,robots_unavailable,remainder,The Daily Examiner,au,en,
dailyexcelsior.com,robots_unavailable,remainder,Daily Excelsior,in,en,
dailyexpress.com.my,robots_unavailable,remainder,Daily Express,my,,
dailyheraldtribune.com,robots_unavailable,remainder,Grande Prairie Daily Herald-Tribune,ca,,
dailyliberal.com.au,robots_unavailable,remainder,Daily Liberal,au,,
dailyreckoning.com.au,robots_unavailable,remainder,The Daily Reckoning Australia,au,,
dailytownsman.com,robots_unavailable,remainder,Cranbrook Daily Townsman,ca,en,
dalidaily.com,robots_unavailable,remainder,Q111737609,cn,,
dan.unb.br,robots_unavailable,remainder,Anuário antropológico,br,pt,
darkermagazine.ru,robots_unavailable,remainder,Darker,ru,ru,
darwinfm.org,robots_unavailable,remainder,Darwin FM,au,,
dasecho.com,robots_unavailable,remainder,Das Echo,ca,,
dasnarr.ch,robots_unavailable,remainder,Q46053776,ch,,
data.freshwaterbiodiversity.eu,robots_unavailable,remainder,Freshwater Metadata Journal,at,en,
datum.at,robots_unavailable,remainder,Datum,at,de,
dawsoncreekdailynews.ca,robots_unavailable,remainder,Dawson Creek Daily News,ca,en,
daylight.ng,robots_unavailable,remainder,Daylight Nigeria,ng,en,
ddd.uab.es,robots_unavailable,remainder,Locus Amoenus,es,en,
dddkursk.ru,robots_unavailable,remainder,Q4168625,ru,ru,
ddnews.gov.in,robots_unavailable,remainder,DD News,in,en,
ddsahyadri.in,robots_unavailable,remainder,DD Sahyadri,in,,
de-zeventiende-eeuw.nl,robots_unavailable,remainder,De Zeventiende Eeuw: Cultuur in de Nederlanden in Interdisciplinair Perspectief,nl,nl,
de.helvetica.today,robots_unavailable,remainder,Helvetica,ch,,
debaixodobulcao.weebly.com,robots_unavailable,remainder,Q85871047,pt,pt,
debata.olsztyn.pl,robots_unavailable,remainder,Q9203053,pl,pl,
debate.revistasuai.ar,robots_unavailable,remainder,Debate Universitario,ar,es,
debri-dv.com,robots_unavailable,remainder,Debri-DV,ru,ru,
deccan.com,robots_unavailable,remainder,Deccan Chronicle,in,en,
decko.ceskatelevize.cz,robots_unavailable,remainder,ČT Déčko,cz,cs,
deepto.tv,robots_unavailable,remainder,Deepto TV,bd,,
defrentebarinas.info,robots_unavailable,remainder,Diario de Frente,ve,,
dehesa.unex.es,robots_unavailable,remainder,Norba. Revista de Arte,es,es,
dejaviewtv.ca,robots_unavailable,remainder,DejaView,ca,,
dejinyteoriekritika.cz,robots_unavailable,remainder,Q55810461,cz,cs,
delsol.uy,robots_unavailable,remainder,Q124499800,uy,,
delta13news.com,robots_unavailable,remainder,Q138702172,es,es,
demens.nu,robots_unavailable,remainder,deMens.nu Magazine,be,nl,
demeures-historiques.be,robots_unavailable,remainder,Q16628381,be,fr,
democrata.es,robots_unavailable,remainder,democrata.es,es,es,
demoscope.ru,robots_unavailable,remainder,Demoskop Weekly,ru,ru,
dempa-times.co.jp,robots_unavailable,remainder,Q11660485,jp,ja,
denik.to,robots_unavailable,remainder,Q131199180,cz,cs,
der-kreis.ch,robots_unavailable,remainder,Der Kreis,ch,en,
derbund.ch,robots_unavailable,remainder,Der Bund,ch,de,
derecho.duad.unam.mx,robots_unavailable,remainder,Q27884456,mx,es,
derechoanimal.info,robots_unavailable,remainder,Derecho Animal,es,,
derechopublico.uniandes.edu.co,robots_unavailable,remainder,Revista de Derecho Público,co,es,
derechoytics.uniandes.edu.co,robots_unavailable,remainder,"Revista de Derecho, Comunicaciones y Nuevas Tecnologías",co,es,
dergi.bdhd.org.tr,robots_unavailable,remainder,Türk Beyin Damar Hastalıkları Dergisi,tr,tr,
dergipark.gov.tr,robots_unavailable,remainder,Arsiv Kaynak Tarama Dergisi,tr,tr,
dergipark.ulakbim.gov.tr,robots_unavailable,remainder,Anatolian Bryology,tr,tr,
derive.at,robots_unavailable,remainder,dérive,at,de,
descant.ca,robots_unavailable,remainder,Descant,ca,en,
destak.pt,robots_unavailable,remainder,Destak,br,pt,
deti.fm,robots_unavailable,remainder,Detskoe radio,ru,,
detira.ru,robots_unavailable,remainder,Q4159342,ru,ru,
deutsch.radio.cz,robots_unavailable,remainder,Radio Prague International,cz,cs,
devir.pt,robots_unavailable,remainder,Q20049656,br,pt,
dhcon.ua.es,robots_unavailable,remainder,Pasado y Memoria: revista de historia contemporanea,es,es,
dhradio.be,robots_unavailable,remainder,DH Radio,be,,
diacritica.ilch.uminho.pt,robots_unavailable,remainder,Diacrítica,pt,pt,
dialog-ru.ru,robots_unavailable,remainder,Q117865839,ru,ru,
diamondblog.jp,robots_unavailable,remainder,Q24863891,jp,ja,
diamondfm.net,robots_unavailable,remainder,Diamond FM,ng,en,
diario-oficial.caruaru.pe.gov.br,robots_unavailable,remainder,Q124989682,br,pt,
diario.ac.gov.br,robots_unavailable,remainder,Q124978089,br,pt,
diario.anapolis.go.gov.br,robots_unavailable,remainder,Q124989528,br,pt,
diario.com.br,robots_unavailable,remainder,Diário Catarinense,br,pt,
diario.imprensaoficial.am.gov.br,robots_unavailable,remainder,Q124978079,br,pt,
diario10.com.ar,robots_unavailable,remainder,Channel 10,ar,,
diarioarmenia.org.ar,robots_unavailable,remainder,Diario Armenia,ar,en,
diariocatarinense.com.br,robots_unavailable,remainder,Diário Catarinense,br,pt,
diariodearousa.com,robots_unavailable,remainder,Q5805362,es,es,
diariodecadiz.com,robots_unavailable,remainder,Diario de Cádiz,es,es,
diariodecolima.com,robots_unavailable,remainder,Diario de Colima,mx,es,
diariodeespana.es,robots_unavailable,remainder,Diario de España,es,es,
diariodeibiza.es,robots_unavailable,remainder,Diario de Ibiza,es,es,
diariodemallorca.es,robots_unavailable,remainder,Diario de Mallorca,es,es,
diariodemorelos.com,robots_unavailable,remainder,Diario de Morelos,mx,,
diariodevalderrueda.es,robots_unavailable,remainder,Diario de Valderrueda,es,es,
diarioinformacion.com,robots_unavailable,remainder,Información,es,es,
diariojaen.es,robots_unavailable,remainder,Diario Jaén,es,es,
diariomunicipal.com.br,robots_unavailable,remainder,Q124934865,br,pt,
diariomunicipal.es.gov.br,robots_unavailable,remainder,Q124935080,br,pt,
diariomunicipal.org,robots_unavailable,remainder,Q124914126,br,,
diariooficial.abc.go.gov.br,robots_unavailable,remainder,Q124934857,br,pt,
diariooficial.americana.sp.gov.br,robots_unavailable,remainder,Q124978135,br,pt,
diariooficial.jaboatao.pe.gov.br,robots_unavailable,remainder,Q124935303,br,pt,
diariooficial.ma.gov.br,robots_unavailable,remainder,Q124935110,br,pt,
diariooficial.portalgov.net.br,robots_unavailable,remainder,Q124978103,br,pt,
diariooficial.rs.gov.br,robots_unavailable,remainder,Q124914479,br,pt,
diariovea.com.ve,robots_unavailable,remainder,Diario VEA,ve,es,
diasdavila.ba.io.org.br,robots_unavailable,remainder,Q124914135,br,pt,
diclehaber.xyz,robots_unavailable,remainder,Dicle News Agency,tr,,
diclemedj.org,robots_unavailable,remainder,Dicle Medical Journal,tr,tr,
dictatorships-democracies.com,robots_unavailable,remainder,Dictatorships & Democracies,es,,
didaskomai.fhuce.edu.uy,robots_unavailable,remainder,Didáskomai,uy,,
die-neue-zeit.tv,robots_unavailable,remainder,Die Neue Zeit TV,ch,,
dieburgenlaenderin.at,robots_unavailable,remainder,Q139901381,at,de,
diecimila.me,robots_unavailable,remainder,Q56328353,it,,
dieztv.es,robots_unavailable,remainder,Diez TV,es,es,
diezukunft.at,robots_unavailable,remainder,Q26714813,at,de,
difusora.ap.gov.br,robots_unavailable,remainder,Q10365760,br,pt,
digi.lib.helsinki.fi,robots_unavailable,remainder,Vasabladet,fi,sv,
digilec.udc.es,robots_unavailable,remainder,Revista Internacional DIGILEC,es,es,
digital.casalini.it,robots_unavailable,remainder,Revista de Indias,es,es,
digital.library.adelaide.edu.au,robots_unavailable,remainder,Adelaide Law Review,au,en,
digital949.com,robots_unavailable,remainder,KQUR,mx,,
digitallife.se,robots_unavailable,remainder,Q10472436,se,sv,
digiturk.com.tr,robots_unavailable,remainder,DiziMax More,tr,tr,
diglib.tums.ac.ir,robots_unavailable,remainder,Acta Medica Iranica,ir,en,
dikfagazine.com,robots_unavailable,remainder,DIK Fagazine,pl,en,
diletant.media,robots_unavailable,remainder,Diletant,ru,ru,
dili360.com,robots_unavailable,remainder,Q122212685,cn,zh,
dioivo.eu,robots_unavailable,remainder,Q20548775,es,,
diplomatique.org.br,robots_unavailable,remainder,Le Monde Diplomatique Brasil,br,pt,
dirasathispanicas.org,robots_unavailable,remainder,Dirāsāt Hispānicas. Revista Tunecina de Estudios Hispánicos,tn,fr,
direitogv.fgv.br,robots_unavailable,remainder,Revista Direito GV,br,pt,
dirittocivilecontemporaneo.com,robots_unavailable,remainder,Diritto Civile Contemporaneo,it,it,
discover-journal.ru,robots_unavailable,remainder,V Mire Naučnyh Otkrytij,ru,ru,
discoverairdrie.com,robots_unavailable,remainder,CFIT-FM,ca,,
discoverestevan.com,robots_unavailable,remainder,CHSN-FM,ca,,
discovermoosejaw.com,robots_unavailable,remainder,CJAW-FM,ca,,
discoverweyburn.com,robots_unavailable,remainder,CHWY-FM,ca,,
discoverychannel.com.tr,robots_unavailable,remainder,Discovery Channel Türkiye,tr,tr,
discoveryplus.com,robots_unavailable,remainder,Kanal 9,se,,
disegnarecon.univaq.it,robots_unavailable,remainder,Disegnare con,it,it,
disharmoni.no,robots_unavailable,remainder,Q139970226,no,no,
disney.in,robots_unavailable,remainder,Disney Jr.,in,,
disney.it,robots_unavailable,remainder,Q3710119,br,it,
disneychannel.ca,robots_unavailable,remainder,Disney Channel,ca,,
disneyjunior.it,robots_unavailable,remainder,Disney Jr.,it,it,
disneylatino.com,robots_unavailable,remainder,Radio Disney Latin America,ar,,
disneyxd.com.br,robots_unavailable,remainder,Disney XD,ar,pt,
disneyxd.disney.es,robots_unavailable,remainder,Disney XD,es,es,
disneyxd.disney.nl,robots_unavailable,remainder,Disney XD,be,nl,
diversity.researchfloor.org,robots_unavailable,remainder,Journal of Diversity Studies,be,en,
divinity.es,robots_unavailable,remainder,Divinity,es,es,
diy-majster.pl,robots_unavailable,remainder,Q16574069,pl,pl,
diyanet.tv,robots_unavailable,remainder,Diyanet TV,tr,,
diyanetradyo.com,robots_unavailable,remainder,Diyanet Radyo,tr,,
dj.dancecult.net,robots_unavailable,remainder,Dancecult: Journal of Electronic Dance Music Culture,au,en,
dkids.asia,robots_unavailable,remainder,Q5281933,sg,,
dkids.me,robots_unavailable,remainder,DKids,ae,,
dkp.dk,robots_unavailable,remainder,Skub,dk,da,
dlib.si,robots_unavailable,remainder,Materials and Geoenvironment,pl,sl,
dlsud.edu.ph,robots_unavailable,remainder,DWNP,ph,,
dmax.it,robots_unavailable,remainder,DMAX,it,it,
dmax.marca.com,robots_unavailable,remainder,DMAX,es,,
dmi.gov.ae,robots_unavailable,remainder,Dubai Media,ae,,
dmi.unict.it,robots_unavailable,remainder,Le Matematiche: journal of pure and applied mathematics,it,en,
dmsjournal.com,robots_unavailable,remainder,Diabetology and Metabolic Syndrome,br,en,
dnaindia.com,robots_unavailable,remainder,Daily News and Analysis,in,en,
do.dourados.ms.gov.br,robots_unavailable,remainder,Q124914466,br,pt,
doc.govt.nz,robots_unavailable,remainder,Science & Research Series,nz,en,
docentes.academia.cl,robots_unavailable,remainder,Revista de la Academia,cl,es,
docm.jccm.es,robots_unavailable,remainder,Diario Oficial de Castilla-La Mancha,es,es,
doctorslife.it,robots_unavailable,remainder,Doctor's Life Channel,it,it,
documentigeografici.it,robots_unavailable,remainder,Documenti geografici,it,it,
dodf.df.gov.br,robots_unavailable,remainder,Q124978068,br,pt,
doe.caxias.rs.gov.br,robots_unavailable,remainder,Q124989696,br,pt,
dogc.gencat.cat,robots_unavailable,remainder,Diari Oficial de la Generalitat de Catalunya,es,es,
dok.lu,robots_unavailable,remainder,Q159507,lu,,
dolly.com.au,robots_unavailable,remainder,Dolly,au,en,
dom.pmt.pi.gov.br,robots_unavailable,remainder,Q124978095,br,pt,
dom.salvador.ba.gov.br,robots_unavailable,remainder,Q124978092,br,pt,
donaukanal.tv,robots_unavailable,remainder,donau_Kanal TV,at,,
dongmanmanhua.cn,robots_unavailable,remainder,Dongman Manhua,cn,zh,
donum.bicfb.be,robots_unavailable,remainder,Floréal,be,fr,
donum.uliege.be,robots_unavailable,remainder,Le Rasoir,be,fr,
dorognoe.ru,robots_unavailable,remainder,Road Radio,by,ru,
dosmanzanas.com,robots_unavailable,remainder,dosmanzanas,es,,
dostor.org,robots_unavailable,remainder,Al-Dostor,eg,,
doupe.cz,robots_unavailable,remainder,Q126476618,cz,cs,
dovevision.org,robots_unavailable,remainder,Dove TV,ng,,
dp.vmgroup.pl,robots_unavailable,remainder,Q9206802,pl,pl,
dpc-rivista-trimestrale.criminaljusticenetwork.eu,robots_unavailable,remainder,Diritto penale contemporaneo - Rivista trimestrale,it,,
dragonslayer.com.br,robots_unavailable,remainder,Dragon Slayer,br,pt,
drama.cz,robots_unavailable,remainder,Tvořivá dramatika,cz,cs,
dreamsfm.co.jp,robots_unavailable,remainder,Q11323250,jp,ja,
dreh-punkt.ch,robots_unavailable,remainder,Drehpunkt,ch,de,
dromhem.se,robots_unavailable,remainder,Q10477233,se,sv,
drum.co.za,robots_unavailable,remainder,Drum,za,en,
drumbeatradio.ca,robots_unavailable,remainder,CKFF-FM,ca,,
dsp.unipi.it,robots_unavailable,remainder,Bollettino Telematico di Filosofia Politica,it,it,
dstv-bg.com,robots_unavailable,remainder,DSTV,bg,,
dtf.ru,robots_unavailable,remainder,Q4051032,ru,ru,
dtourtv.com,robots_unavailable,remainder,DTour,ca,,
dubaieye1038.com,robots_unavailable,remainder,Dubai Eye 103.8,ae,,
dubaione.ae,robots_unavailable,remainder,Dubai One,ae,,
dubairacing.ae,robots_unavailable,remainder,Dubai Racing,ae,,
dubaisports.ae,robots_unavailable,remainder,Dubai Sports,ae,,
dubaitv.ae,robots_unavailable,remainder,Dubai TV,ae,,
duel.ru,robots_unavailable,remainder,Q4171447,ru,ru,
duendemad.com,robots_unavailable,remainder,Q5821790,es,es,
dum.at,robots_unavailable,remainder,DUM,at,de,
dumbofeather.com,robots_unavailable,remainder,Dumbo Feather,au,,
duo.uio.no,robots_unavailable,remainder,Viking,no,en,
dwars.be,robots_unavailable,remainder,Q1837360,be,nl,
dwdd.com.ph,robots_unavailable,remainder,DWDD-AM,ph,,
dwojka.polskieradio.pl,robots_unavailable,remainder,Polskie Radio Program II,pl,pl,
dwutygodnik.com,robots_unavailable,remainder,Dwutygodnik,pl,,
dycmcebu.com,robots_unavailable,remainder,DYCM,ph,,
dyrf1215.weebly.com,robots_unavailable,remainder,DYRF-AM,ph,,
dzairtv.com,robots_unavailable,remainder,Dzaïr TV,dz,,
dzb.rmzxb.com.cn,robots_unavailable,remainder,CPPCC Daily,cn,zh,
dzem954.com,robots_unavailable,remainder,DZEM,ph,,
dzfe.febc.ph,robots_unavailable,remainder,DZFE,ph,,
dzup.org,robots_unavailable,remainder,DZUP,ph,,
dzxq1350.weebly.com,robots_unavailable,remainder,DZXQ,ph,,
e-acfs.org,robots_unavailable,remainder,Archives of Craniofacial Surgery,kr,,
e-agmr.org,robots_unavailable,remainder,Annals of Geriatric Medicine and Research,kr,en,
e-aps.org,robots_unavailable,remainder,Archives of plastic surgery,kr,en,
e-arm.org,robots_unavailable,remainder,Annals of rehabilitation medicine,kr,en,
e-ce.org,robots_unavailable,remainder,Clinical endoscopy,kr,en,
e-ceo.org,robots_unavailable,remainder,Clinical and Experimental Otorhinolaryngology,kr,en,
e-chnr.org,robots_unavailable,remainder,Child Health Nursing Research,kr,,
e-cmh.org,robots_unavailable,remainder,Clinical and molecular hepatology,kr,en,
e-crt.org,robots_unavailable,remainder,Cancer Research and Treatment,kr,en,
e-epih.org,robots_unavailable,remainder,Epidemiology and Health,kr,en,
e-expressnigeria.com,robots_unavailable,remainder,Entertainment Express Nigeria,ng,en,
e-fakty.pl,robots_unavailable,remainder,Q11695933,pl,pl,
e-gmit.com,robots_unavailable,remainder,Gynecology and Minimally Invasive Therapy,in,en,
e-ijd.org,robots_unavailable,remainder,Indian Journal of Dermatology,in,en,
e-informatyka.pl,robots_unavailable,remainder,E-Informatica Software Engineering Journal,pl,en,
e-journal.uac.ac.id,robots_unavailable,remainder,Nazhruna Jurnal Pendidikan Islam,id,en,
e-journal.usd.ac.id,robots_unavailable,remainder,International Journal of Humanity Studies,id,en,
e-kiosk.pl,robots_unavailable,remainder,Zeszyty Odnowy w Duchu Świętym,pl,pl,
e-magin.se,robots_unavailable,remainder,Svensk Jakt,se,sv,
e-medjournal.com,robots_unavailable,remainder,Psihosomatična Medicina ta Zagalʹna Praktika,ua,,
e-newspaperarchives.ch,robots_unavailable,remainder,Der Bund,ch,de,
e-periodica.ch,robots_unavailable,remainder,Boissiera. Memoires du Conservatoire de Botanique et de l'Institut de Botanique Systématique de l'Université de Genève,ch,fr,
e-revista.unioeste.br,robots_unavailable,remainder,Q50516819,br,pt,
e-revistas.uc3m.es,robots_unavailable,remainder,Revista de Historiografia,es,es,
e-theca.net,robots_unavailable,remainder,Noctua,it,it,
e-tv.it,robots_unavailable,remainder,Q4025261,it,it,
e-ultrasonography.org,robots_unavailable,remainder,Ultrasonography,kr,en,
e-vestnik.ru,robots_unavailable,remainder,Church Herald,ru,ru,
e.mzyfz.com,robots_unavailable,remainder,Democracy and Law,cn,zh,
e.ostnyland.fi,robots_unavailable,remainder,Östnyland,fi,sv,
eaerweb.org,robots_unavailable,remainder,East Asian Economic Review,kr,en,
eagle935fm.com,robots_unavailable,remainder,CJEL-FM,ca,,
eaglecountry.ca,robots_unavailable,remainder,CKTI-FM,ca,,
eanews.ru,robots_unavailable,remainder,Q4173332,ru,ru,
eapc.es,robots_unavailable,remainder,Revista Catalana de Dret Públic,es,ca,
eastlink.ca,robots_unavailable,remainder,EastLink TV,ca,,
easy101.com,robots_unavailable,remainder,CKOT-FM,ca,,
eb-chstu.com.ua,robots_unavailable,remainder,Proceedings of Scientific Works of Cherkasy State Technological University Series Economic Sciences,ua,uk,
eba.gov.tr,robots_unavailable,remainder,TRT EBA TV,tr,tr,
ebc.com.br,robots_unavailable,remainder,Empresa Brasil de Comunicação,br,pt,
ebp.org.br,robots_unavailable,remainder,Carta de São Paulo,br,pt,
ebsng.com,robots_unavailable,remainder,"Edo Broadcasting Service, Aduwawa",ng,,
ecerm.org,robots_unavailable,remainder,Clinical and experimental reproductive medicine,kr,,
echo.ie,robots_unavailable,remainder,The Echo,ie,,
echo.net.au,robots_unavailable,remainder,Byron Shire Echo,au,,
echo24.tv,robots_unavailable,remainder,PTV Echo,pl,pl,
echomagazine.ch,robots_unavailable,remainder,Q23687276,ch,fr,
echoofindia.com,robots_unavailable,remainder,Echo of India,in,en,
echovek.ru,robots_unavailable,remainder,Q60037159,ru,ru,
ecj.it,robots_unavailable,remainder,Emergency Care Journal,it,it,
eco.com.mx,robots_unavailable,remainder,Noticias ECO,mx,,
ecoclub.nsu.ru,robots_unavailable,remainder,Pernatye Hiŝniki i Ih Ohrana,ru,ru,
ecohabitar.org,robots_unavailable,remainder,Ecohabitar,es,es,
ecolgenet.ru,robots_unavailable,remainder,Ecological Genetics,ru,ru,
ecologica.cn,robots_unavailable,remainder,Acta Ecologica Sinica,cn,en,
econ.uchile.cl,robots_unavailable,remainder,Estudios de economía,cl,es,
economiainstitucional.com,robots_unavailable,remainder,Revista de Economia Institucional: revista de la facultad de economia,co,es,
economics-sociology.eu,robots_unavailable,remainder,Economics & Sociology,pl,en,
economics.expertjournals.com,robots_unavailable,remainder,Expert Journal of Economics,ro,en,
economics.psu.ru,robots_unavailable,remainder,Perm University Herald ECONOMY,ru,ru,
economista.com.mx,robots_unavailable,remainder,El Economista,mx,es,
economy.elpub.ru,robots_unavailable,remainder,"Economics, Taxes & Law",ru,ru,
econtents.bc.unicamp.br,robots_unavailable,remainder,Revista Iberoamericana do Patrimônio Histórico-Educativo,br,pt,
ecrg.ro,robots_unavailable,remainder,Economic Research Guardian,ro,en,
ecs.gda.pl,robots_unavailable,remainder,Wolność i Solidarność. Studia z dziejów opozycji wobec komunizmu i dyktatury,pl,pl,
ectap.ro,robots_unavailable,remainder,Theoretical and Applied Economics,ro,ro,
ecuadortv.ec,robots_unavailable,remainder,Ecuador TV,ec,,
edav.it,robots_unavailable,remainder,Q3718897,it,it,
edergi.artvin.edu.tr,robots_unavailable,remainder,Artvin Coruh University Forestry Faculty,tr,tr,
edicioneslitoral.com,robots_unavailable,remainder,"Litoral. Revista de Poesía, Arte y Pensamiento",es,es,
edicions.uib.cat,robots_unavailable,remainder,Mayurqa,es,,
edicola.liberoquotidiano.it,robots_unavailable,remainder,Libero,it,it,
edidomus.it,robots_unavailable,remainder,Q3855138,it,it,
editions.efa.gr,robots_unavailable,remainder,Bulletin de Correspondance Hellenique,gr,fr,
editora.museu-goeldi.br,robots_unavailable,remainder,Boletim do Museu Paraense Emílio Goeldi. Ciências Humanas,br,pt,
editorarevistas.mackenzie.br,robots_unavailable,remainder,Revista de Economia Mackenzie,br,pt,
editoraveracruz.gob.mx,robots_unavailable,remainder,Q125952561,mx,es,
editorialausa.com,robots_unavailable,remainder,Q96276943,es,es,
editorialreus.es,robots_unavailable,remainder,Q87743328,es,es,
edizionialegre.it,robots_unavailable,remainder,Q3732546,it,it,
edizionicafoscari.unive.it,robots_unavailable,remainder,Annali di Ca’ Foscari: Serie Orientale,it,it,
edmetic.es,robots_unavailable,remainder,Edmetic: Revista de Educación Mediática y TIC,es,es,
edmonton.citynews.ca,robots_unavailable,remainder,CKEM-DT,ca,,
edmonton.connectfm.ca,robots_unavailable,remainder,CKER-FM,ca,,
edmontonsun.com,robots_unavailable,remainder,Edmonton Sun,ca,en,
edsonleader.com,robots_unavailable,remainder,Edson Leader,ca,,
edu.xunta.es,robots_unavailable,remainder,EDUGA,es,es,
educacao.ufpr.br,robots_unavailable,remainder,Revista do NESEF,br,pt,
educacaobasicarevista.com.br,robots_unavailable,remainder,Educação Básica Revista,br,pt,
educadorafm.ba.gov.br,robots_unavailable,remainder,Educadora FM,br,pt,
educadorafm.uol.com.br,robots_unavailable,remainder,Q10270827,br,pt,
edukacjaidialog.edu.pl,robots_unavailable,remainder,Q11696126,pl,pl,
edupij.com,robots_unavailable,remainder,Educational Process: International Journal,tr,en,
eduscience.fw.hu,robots_unavailable,remainder,Practice and Theory in Systems of Education,hu,en,
eduso.net,robots_unavailable,remainder,"RES, Revista de Educación Social",es,es,
edusoft.ro,robots_unavailable,remainder,"Brand Research in Accounting, Negociation and Distribution",ro,en,
edusol.cug.co.cu,robots_unavailable,remainder,Edusol,cu,es,
eeo.com.cn,robots_unavailable,remainder,The Economic Observer,cn,en,
eeris.net,robots_unavailable,remainder,The Yeats Journal of Korea,kr,,
ees.elsevier.com,robots_unavailable,remainder,AEJ - Alexandria Engineering Journal,eg,en,
eesti.pl,robots_unavailable,remainder,Q9251404,pl,pl,
effectus-uciliste.com,robots_unavailable,remainder,FIP: Journal of Finance and Law,hr,en,
efimerarevista.es,robots_unavailable,remainder,Efímera Revista,es,es,
efir-kazan.ru,robots_unavailable,remainder,Q4533218,ru,ru,
efka.org.pl,robots_unavailable,remainder,Q9385755,pl,pl,
efsa.onlinelibrary.wiley.com,robots_unavailable,remainder,EFSA Journal,it,en,
efyc.fahce.unlp.edu.ar,robots_unavailable,remainder,Educación Física y Ciencia,ar,es,
egazette.gov.in,robots_unavailable,remainder,The Gazette of India,in,ur,
eghtesadasia.com,robots_unavailable,remainder,Q137272847,ir,fa,
egmrs.org,robots_unavailable,remainder,Egyptian Journal of Solids,eg,,
eh.sjol.eu,robots_unavailable,remainder,Estudios Hispánicos,pl,es,
ehps-net.eu,robots_unavailable,remainder,Historical Life Course Studies,nl,en,
eial.tau.ac.il,robots_unavailable,remainder,Estudios Interdisciplinarios de America Latina y el Caribe,il,es,
eight.audio,robots_unavailable,remainder,Eight WuXian,my,,
eilandennieuws.nl,robots_unavailable,remainder,Eilanden Nieuws,nl,nl,
eitb.com,robots_unavailable,remainder,Q2935965,es,,
eizg.hr,robots_unavailable,remainder,Croatian Economic Survey,hr,en,
ejbiotechnology.info,robots_unavailable,remainder,Electronic Journal of Biotechnology,nl,en,
ejeee.sss-publisher.com,robots_unavailable,remainder,Edison Journal for Electrical and Electronics Engineering,iq,en,
ejes.cz,robots_unavailable,remainder,European Journal of Environmental Sciences,cz,en,
ejournal.uin-suka.ac.id,robots_unavailable,remainder,Jurnal Studi Ilmu-ilmu Al-Qur an dan Hadis,id,ar,
ejournal.ukm.my,robots_unavailable,remainder,Gema Online Journal of Language Studies,my,en,
ejournal.um.edu.my,robots_unavailable,remainder,Journal of Design and the Built Environment,my,en,
ejournal.unisnu.ac.id,robots_unavailable,remainder,Tarbawi Jurnal Pendidikan Islam,id,id,
ejournal52.com,robots_unavailable,remainder,Bylye Gody,ru,ru,
ejournals.ebsco.com,robots_unavailable,remainder,Emu,au,en,
ejournals.eu,robots_unavailable,remainder,Archeion,pl,ru,
ejournals.ukm.my,robots_unavailable,remainder,Serangga,my,en,
ejtir.tudelft.nl,robots_unavailable,remainder,European Journal of Transport and Infrastructure Research,nl,en,
ejtr.vumk.eu,robots_unavailable,remainder,European Journal of Tourism Research,bg,en,
ekattor.tv,robots_unavailable,remainder,Ekattor TV,bd,,
ekja.org,robots_unavailable,remainder,Korean Journal of Anesthesiology,kr,en,
ekushey-tv.com,robots_unavailable,remainder,Ekushey Television,bd,,
el-massa.com,robots_unavailable,remainder,El Massa,dz,ar,
elacil.com,robots_unavailable,remainder,El Acil,dz,fr,
elalmeria.es,robots_unavailable,remainder,Diario de Almería,es,es,
elaragueno.com.ve,robots_unavailable,remainder,El Aragüeño,ve,es,
elayemdz.com,robots_unavailable,remainder,El Ayem El Djazairia,dz,ar,
elconstructor.com,robots_unavailable,remainder,El Constructor,ar,es,
elcorreogallego.es,robots_unavailable,remainder,El Correo Gallego,es,es,
elcruzado.es,robots_unavailable,remainder,El Cruzado Aragonés,es,es,
elcultural.com,robots_unavailable,remainder,El Cultural,es,es,
eldia.es,robots_unavailable,remainder,El Día,es,es,
eldiariomedico.com.uy,robots_unavailable,remainder,Q16888324,uy,es,
eldoradio.lu,robots_unavailable,remainder,Eldoradio,lu,,
electro.elpub.ru,robots_unavailable,remainder,Elektrichestvo,ru,ru,
elespanol.com,robots_unavailable,remainder,El Español,es,es,
elfadjr.dz.tv,robots_unavailable,remainder,El Fadjr TV,dz,,
elfagr.org,robots_unavailable,remainder,El Fagr,eg,ar,
elfaroastorgano.com,robots_unavailable,remainder,Q107001839,es,es,
elfuturodelpasado.com,robots_unavailable,remainder,El Futuro del Pasado,es,es,
elgrafico.com,robots_unavailable,remainder,El Gráfico,sv,es,
elhornero.avesargentinas.org.ar,robots_unavailable,remainder,El Hornero,ar,es,
elib.rgo.ru,robots_unavailable,remainder,Izvestiya Russkogo Geograficheskogo Obshchestva,ru,ru,
elibrary.ru,robots_unavailable,remainder,Georesursy,ru,ru,
elluchador.info,robots_unavailable,remainder,El Luchador,ve,es,
elmercurio.com.ec,robots_unavailable,remainder,El Mercurio,ec,es,
elmoudjahid.com,robots_unavailable,remainder,El Moudjahid,dz,fr,
elmundo.com,robots_unavailable,remainder,El Mundo,co,es,
elnacional.cat,robots_unavailable,remainder,El Nacional,es,en,
elnervion.com,robots_unavailable,remainder,El Nervión,es,es,
elo.ufv.br,robots_unavailable,remainder,Elo,br,pt,
elorientaldemonagas.com,robots_unavailable,remainder,Diario El Oriental,ve,es,
elperiodico.cat,robots_unavailable,remainder,El Periódico,es,es,
elperiodicodearagon.com,robots_unavailable,remainder,El Periódico de Aragón,es,es,
elperiodicolatino.com.es,robots_unavailable,remainder,Q5822801,es,es,
elperiodicomediterraneo.com,robots_unavailable,remainder,El Periódico Mediterráneo,es,es,
elpub.vir.nw.ru,robots_unavailable,remainder,"Trudy po Prikladnoi Botanike, Genetike i Selektsii",ru,ru,
elregio.com,robots_unavailable,remainder,El Regio,mx,,
elregionaldelzulia.com,robots_unavailable,remainder,El regional del Zulia,ve,es,
elsevier.com,robots_unavailable,remainder,Canadian Association of Radiologists Journal,ca,en,
elsur.com.mx,robots_unavailable,remainder,El Sur de Campeche,mx,,
eltelegrafo.com,robots_unavailable,remainder,El Telégrafo,uy,es,
eltiempo.com.ec,robots_unavailable,remainder,El Tiempo,ec,es,
eltiempo.pe,robots_unavailable,remainder,El Tiempo,pe,es,
eltorotv.com,robots_unavailable,remainder,El Toro TV,es,,
eltrimestreeconomico.com.mx,robots_unavailable,remainder,Trimestre Economico,mx,es,
elviejotopo.com,robots_unavailable,remainder,El Viejo Topo,es,es,
elvira.ingentaselect.com,robots_unavailable,remainder,Bulletin of the Chemical Society of Ethiopia,et,en,
elwatan.com,robots_unavailable,remainder,El Watan,dz,fr,
elwatannews.com,robots_unavailable,remainder,El Watan News,eg,ar,
elzenit.com,robots_unavailable,remainder,El Zenit,mx,es,
em.kielce.pl,robots_unavailable,remainder,Q19400619,pl,pl,
emarathwadaneta.com,robots_unavailable,remainder,Marathwada Neta,in,mr,
embassymag.ca,robots_unavailable,remainder,Embassy,ca,en,
emeraldgrouppublishing.com,robots_unavailable,remainder,Applied Computing and Informatics,nl,en,
emis.de,robots_unavailable,remainder,Archivum Mathematicum,cz,en,
emisoradelsur.com.uy,robots_unavailable,remainder,CX 38 SODRE,uy,,
emlc-journal.org,robots_unavailable,remainder,Early Modern Low Countries,nl,en,
empas.pb.edu.pl,robots_unavailable,remainder,Engineering Management in Production and Services,pl,en,
emsavalles.com,robots_unavailable,remainder,Emsavalles,mx,es,
en.aswataliraq.info,robots_unavailable,remainder,Aswat al-Iraq,iq,,
en.helvetica.today,robots_unavailable,remainder,Helvetica,ch,,
en.mida.org.il,robots_unavailable,remainder,Mida,il,en,
enanyang.my,robots_unavailable,remainder,Nanyang Siang Pau,my,zh,
encuentro.gob.ar,robots_unavailable,remainder,Encuentro,ar,,
endokrynologia.viamedica.pl,robots_unavailable,remainder,Q9253921,pl,pl,
ene-enfermeria.org,robots_unavailable,remainder,ENE. Revista de Enfermería,es,es,
energy.ihed.ras.ru,robots_unavailable,remainder,High Temperature,ru,ru,
energy103104.com,robots_unavailable,remainder,CFQK-FM,ca,,
energyequipsys.com,robots_unavailable,remainder,Energy Equipment and Systems,ir,en,
energyfm.ph,robots_unavailable,remainder,DWKT,ph,,
energyfm.ru,robots_unavailable,remainder,NRJ Russia,ru,ru,
energytv.ch,robots_unavailable,remainder,Q10566520,ch,,
energytv.es,robots_unavailable,remainder,Energy,es,es,
enfermerianefrologica.com,robots_unavailable,remainder,Enfermería Nefrológica,es,,
eng.kidneykorea.com,robots_unavailable,remainder,Electrolyte & blood pressure : E & BP,kr,en,
eng.pts.org.tw,robots_unavailable,remainder,Public Television Service,tw,zh,
engineering.pnzgu.ru,robots_unavailable,remainder,Engineering and Technology,ru,ru,
english.cnstock.com,robots_unavailable,remainder,Shanghai Securities News,cn,,
english.tbs.gov.taipei,robots_unavailable,remainder,Taipei Broadcasting Station,tw,,
engsd.iraqjournals.com,robots_unavailable,remainder,Journal of Engineering and Sustainable Development,iq,,
engsj.iraqjournals.com,robots_unavailable,remainder,Tikrit Journal of Engineering Science,iq,,
enlace.org,robots_unavailable,remainder,Enlace TV,cr,,
ens.it,robots_unavailable,remainder,Q28670569,it,it,
ensaiospedagogicos.ufscar.br,robots_unavailable,remainder,Ensaios Pedagógicos,br,pt,
entelchile.net,robots_unavailable,remainder,Q85627008,cl,es,
entomologist.info,robots_unavailable,remainder,The European Entomologist,cz,,
entornogeografico.univalle.edu.co,robots_unavailable,remainder,Entorno Geografico,co,es,
entreolas.cl,robots_unavailable,remainder,Radio Entreolas,cl,es,
entrepreneur.se,robots_unavailable,remainder,Q10484992,se,sv,
entreprenor.se,robots_unavailable,remainder,Q10484992,se,sv,
eoip.educacion.navarra.es,robots_unavailable,remainder,Vox populi,es,es,
ep.ycwb.com,robots_unavailable,remainder,Yangcheng Evening News,cn,,
epaper.21jingji.com,robots_unavailable,remainder,21st Century Business Herald,cn,,
epaper.bingtuannet.com,robots_unavailable,remainder,Bingtuan Daily,cn,,
epaper.cnwomen.com.cn,robots_unavailable,remainder,China Women's News,cn,zh,
epaper.hubeidaily.net,robots_unavailable,remainder,HUBEI DAILY,cn,,
epaper.jinghua.cn,robots_unavailable,remainder,Beijing Times,cn,zh,
epaper.jxnews.com.cn,robots_unavailable,remainder,Jiangxi Daily,cn,zh,
epaper.lnd.com.cn,robots_unavailable,remainder,Liaoning Daily,cn,zh,
epaper.phulchhab.com,robots_unavailable,remainder,Phulchhab,in,gu,
epaper.pradeshtoday.com,robots_unavailable,remainder,Pradesh Today,in,hi,
epaper.tianjinwe.com,robots_unavailable,remainder,Tianjin Daily,cn,zh,
epaper.tyrbw.com,robots_unavailable,remainder,Taiyuan wan bao,cn,,
epaper.xiancn.com,robots_unavailable,remainder,Xi'an Evening News,cn,,
epaper.xkb.com.cn,robots_unavailable,remainder,Xin Kuaibao,cn,zh,
epaper.xmnn.cn,robots_unavailable,remainder,Common Talk Weekly,cn,en,
epaper.zqrb.cn,robots_unavailable,remainder,Securities Daily,cn,zh,
epe.bac-lac.gc.ca,robots_unavailable,remainder,Caminando,ca,fr,
epe.es,robots_unavailable,remainder,El Periódico de España,es,es,
epe.lac-bac.gc.ca,robots_unavailable,remainder,Avian Conservation and Ecology,ca,en,
epicentrochile.com,robots_unavailable,remainder,Q140824150,cl,,
epifania.pl,robots_unavailable,remainder,Q9352244,pl,pl,
epistemologia.com.br,robots_unavailable,remainder,Revista Epistemologia,br,pt,
epistemus.uson.mx,robots_unavailable,remainder,Epistemus,mx,es,
epmajournal.com,robots_unavailable,remainder,The EPMA journal,be,en,
epn.edu.ec,robots_unavailable,remainder,Latin American Journal of Computing,ec,es,
epress.anu.edu.au,robots_unavailable,remainder,Aboriginal History,au,en,
epress.unifi.it,robots_unavailable,remainder,LEA : Lingue e Letterature d'Oriente e d'Occidente,it,it,
epsilonmedia.mx,robots_unavailable,remainder,XHESH-FM,mx,,
eptcs.org,robots_unavailable,remainder,Electronic Proceedings in Theoretical Computer Science,au,en,
epub.oeaw.ac.at,robots_unavailable,remainder,Jahrbuch der Österreichischen Byzantinistik,at,en,
epunyanagari.com,robots_unavailable,remainder,Punya Nagari,in,mr,
eramedia.com.ua,robots_unavailable,remainder,Q4387385,ua,uk,
eras.socio.uvt.ro,robots_unavailable,remainder,European Review Of Applied Sociology,ro,en,
erevistas.publicaciones.uah.es,robots_unavailable,remainder,Lingüística en la Red,es,es,
erevistas.saber.ula.ve,robots_unavailable,remainder,Avances en Química,ve,en,
erevistas.uca.edu.ar,robots_unavailable,remainder,Q60686370,ar,en,
erlacs.org,robots_unavailable,remainder,European Review of Latin American and Caribbean Studies,nl,,
erostepost.at,robots_unavailable,remainder,erostepost,at,de,
erreguete.gal,robots_unavailable,remainder,erregueté,es,,
ertecho.gr,robots_unavailable,remainder,Voice of Greece,gr,el,
ertu.org,robots_unavailable,remainder,Q12182058,eg,,
es.beinsports.com,robots_unavailable,remainder,beIN Sports,es,,
esamaad.com,robots_unavailable,remainder,Esamaad,in,,
esc.vscc.ac.ru,robots_unavailable,remainder,"Economic and Social Changes: Facts, Trends, Forecast",ru,en,
escuelaparatodos.cr,robots_unavailable,remainder,Q5974928,cr,es,
esempidiarchitettura.it,robots_unavailable,remainder,EdA Esempi di Architettura,it,it,
esenfc.pt,robots_unavailable,remainder,Revista de Enfermagem Referência,pt,pt,
esercito.difesa.it,robots_unavailable,remainder,Rivista Militare,it,it,
eserna.com,robots_unavailable,remainder,Revista Antioqueña de las Ciencias Computacionales y la Ingeniería de Software (RACCIS),co,es,
eservicios2.aguascalientes.gob.mx,robots_unavailable,remainder,Q125952528,mx,es,
esforce.org.br,robots_unavailable,remainder,Revista Retratos da Escola,br,pt,
eskapixpress.se,robots_unavailable,remainder,Q10489060,se,sv,
esmat.tjto.jus.br,robots_unavailable,remainder,Revista ESMAT,br,pt,
espaciomisterio.com,robots_unavailable,remainder,Q5715390,es,es,
espanol.almayadeen.net,robots_unavailable,remainder,Al Mayadeen,lb,,
espanol.radio.cz,robots_unavailable,remainder,Radio Prague International,cz,cs,
espazium.ch,robots_unavailable,remainder,Archi,ch,it,
espn1700.com,robots_unavailable,remainder,XEPE-AM,mx,,
esporteinterativo.com.br,robots_unavailable,remainder,Esporte Interativo,br,pt,
espresso.repubblica.it,robots_unavailable,remainder,L'Espresso,it,it,
espritdecorps.ca,robots_unavailable,remainder,Esprit de Corps,ca,en,
essentiaeditora.iff.edu.br,robots_unavailable,remainder,Boletim do Observatório Ambiental Alberto Ribeiro Lamego,br,pt,
est.cmq.edu.mx,robots_unavailable,remainder,"Economía, Sociedad y Territorio",mx,es,
estereotiempo.com.mx,robots_unavailable,remainder,XHTF-FM,mx,,
estudio.belasartes.ulisboa.pt,robots_unavailable,remainder,ESTUDIO,pt,pt,
estudiosamericanos.revistas.csic.es,robots_unavailable,remainder,Anuario de Estudios Americanos,es,es,
estudiosdeeconomia.cl,robots_unavailable,remainder,Estudios de economía,cl,es,
estudiosgeol.revistas.csic.es,robots_unavailable,remainder,Estudios Geológicos,es,es,
estudiosirlandeses.org,robots_unavailable,remainder,Estudios Irlandeses,es,en,
estudiosmedievales.revistas.csic.es,robots_unavailable,remainder,Anuario de Estudios Medievales,es,es,
estudiosrurales.unq.edu.ar,robots_unavailable,remainder,Estudios Rurales,ar,,
estudoscariocas.rio,robots_unavailable,remainder,Coleção Estudos Cariocas - Carioca Studies Collection,br,en,
esumer.edu.co,robots_unavailable,remainder,"Escenarios, Empresa y Territorio",co,es,
etcetera.com.mx,robots_unavailable,remainder,Etcétera,mx,es,
etet.org.ua,robots_unavailable,remainder,Q12103552,ua,uk,
ethnicchannels.com,robots_unavailable,remainder,Jaam-e-Jam,ca,,
ethosfelsefe.com,robots_unavailable,remainder,ETHOS: Dialogues in Philosophy and Social Sciences,tr,,
etnografia.kunstkamera.ru,robots_unavailable,remainder,Etnografia,ru,ru,
etnow.tv,robots_unavailable,remainder,ET Now,in,,
etr1880.mpei.ru,robots_unavailable,remainder,Elektrichestvo,ru,ru,
etudesettravaux.iksiopan.pl,robots_unavailable,remainder,Academie Polonaise des Sciences. Centre d'Archeologie Mediterraneenne. Etudes et Travaux,pl,en,
eu-jr.eu,robots_unavailable,remainder,ScienceRise,ua,en,
eunapolis.ba.io.org.br,robots_unavailable,remainder,Q124914490,br,pt,
eurasian-advocacy.ru,robots_unavailable,remainder,Eurasian Advocacy,ru,ru,
eurasian.press,robots_unavailable,remainder,The Eurasian,kz,,
euro-synergies.hautetfort.com,robots_unavailable,remainder,Q3508832,be,fr,
euromag.ru,robots_unavailable,remainder,Euromag,ru,en,
euronewsbulgaria.com,robots_unavailable,remainder,Radio Euronews Bulgaria,bg,,
europanet.com.br,robots_unavailable,remainder,Mundo dos Super-Heróis,br,pt,
europaplus.ru,robots_unavailable,remainder,Europa Plus,ru,ru,
european-countryside.eu,robots_unavailable,remainder,European Countryside,cz,en,
europeanjournalofhumour.org,robots_unavailable,remainder,The European Journal of Humour Research,pl,en,
eusanz.org,robots_unavailable,remainder,Australian and New Zealand Journal of European Studies,au,en,
eustudies.history.univ.kiev.ua,robots_unavailable,remainder,Êvropejsʹkì ìstoričnì studìï,ua,uk,
evaluacionderiesgoslaborales.com,robots_unavailable,remainder,Q137822531,es,es,
evangelickytydenik.cz,robots_unavailable,remainder,Q47885794,cz,cs,
evestnik.mgou.ru,robots_unavailable,remainder,Bulletin of Moscow Region State University,ru,ru,
evolution1079.com,robots_unavailable,remainder,CFML-FM,ca,,
ew.com.cn,robots_unavailable,remainder,English Weekly,cn,zh,
ewtn.es,robots_unavailable,remainder,EWTN Spain,es,es,
ewydanie.wprost.pl,robots_unavailable,remainder,Wprost,pl,pl,
exclaim.ca,robots_unavailable,remainder,Exclaim!,ca,en,
extra.pe,robots_unavailable,remainder,Q16303248,cl,es,
extrapeterborough.ca,robots_unavailable,remainder,CJMB-FM,ca,,
extremoz.rn.gov.br,robots_unavailable,remainder,Q124914492,br,pt,
eyesnews.cn,robots_unavailable,remainder,Guizhou Daily,cn,zh,
ezb.ur.de,robots_unavailable,remainder,zeitgeschichte,at,de,
ezfm.cri.cn,robots_unavailable,remainder,Easy FM,cn,zh,
fa.timesofisrael.com,robots_unavailable,remainder,The Times of Israel,il,en,
face.ufmg.br,robots_unavailable,remainder,Nova Economia,br,en,
faceira.org,robots_unavailable,remainder,Añada revista d estudios llioneses,es,es,
facetsjournal.com,robots_unavailable,remainder,Facets,ca,en,
factoriadeficcion.com,robots_unavailable,remainder,Factoría de Ficción,es,,
faedpyme.upct.es,robots_unavailable,remainder,Faedpyme International Review,es,es,
faex.edu.br,robots_unavailable,remainder,Revista Científica e-Locução,br,pt,
fafich.ufmg.br,robots_unavailable,remainder,Temporalidades,br,pt,
fairfaxmedia.newspaperdirect.com,robots_unavailable,remainder,The Press,nz,en,
faithtelevision.ca,robots_unavailable,remainder,CIIT-DT,ca,,
familylifetv.it,robots_unavailable,remainder,Q3739138,it,it,
familyliving.se,robots_unavailable,remainder,Q10493966,se,sv,
fandomwire.com,robots_unavailable,remainder,FandomWire,ae,en,
fantv.ru,robots_unavailable,remainder,FAN,ru,ru,
farmacia.ugr.es,robots_unavailable,remainder,Ars Pharmaceutica,es,es,
farmasiliv.no,robots_unavailable,remainder,Q17770673,no,no,
farodevigo.es,robots_unavailable,remainder,Faro de Vigo,es,es,
fashiontv.tv.br,robots_unavailable,remainder,FashionTV Brasil,br,pt,
faso-actu.info,robots_unavailable,remainder,Faso Actu,bf,fr,
faso7.com,robots_unavailable,remainder,Faso7,bf,fr,
fasu.nltu.edu.ua,robots_unavailable,remainder,Q73908795,ua,uk,
fatecosasco.edu.br,robots_unavailable,remainder,Revista de Micro e Pequenas Empresas e Empreendedorismo da Fatec-Osasco,br,pt,
fattail.com.au,robots_unavailable,remainder,Fat Tail Investment Research,au,,
fcdmurcia.es,robots_unavailable,remainder,Cuadernos de Gestión de Información,es,es,
fceqyn.unam.edu.ar,robots_unavailable,remainder,Revista de Ciencia y Tecnología,ar,es,
fcnym.unlp.edu.ar,robots_unavailable,remainder,Revista del Museo de La Plata,ar,,
fcrisk.ru,robots_unavailable,remainder,Analiz Riska Zdorovʹû,ru,ru,
febc.ph,robots_unavailable,remainder,DYFE-FM,ph,,
fehmarnbusiness.de,robots_unavailable,remainder,FehmarnBusiness,dk,de,
femmesdeparole.org,robots_unavailable,remainder,Q124394700,ca,fr,
ferrazdevasconcelos.sp.gov.br,robots_unavailable,remainder,Q124934854,br,pt,
festivalguide.no,robots_unavailable,remainder,Q139622455,no,no,
ff.uni-lj.si,robots_unavailable,remainder,Slavistična revija,si,sl,
fflch.usp.br,robots_unavailable,remainder,Revista Criação & Crítica,br,pt,
fhijournal.org,robots_unavailable,remainder,Future Human Image,ua,,
fhrc.flinders.edu.au,robots_unavailable,remainder,Transnational Literature,au,en,
fia.usv.ro,robots_unavailable,remainder,Food and Environment Safety,ro,en,
ficsum.com,robots_unavailable,remainder,Q3029336,ca,,
fictw.com,robots_unavailable,remainder,STAR Chinese Channel,hk,,
fieldday.ie,robots_unavailable,remainder,Field Day Review,ie,en,
filmazia.com,robots_unavailable,remainder,LTN Family,pk,,
filmeuropechannel.eu,robots_unavailable,remainder,Film Europe Channel,cz,,
filosofia.url.edu,robots_unavailable,remainder,Comprendre,es,es,
filosofiaenmalaga.net,robots_unavailable,remainder,Claridades: Revista de Filosofía,es,,
filozofia.upjp2.edu.pl,robots_unavailable,remainder,Semina scientiarum,pl,en,
finance.expertjournals.com,robots_unavailable,remainder,Expert Journal of Finance,ro,en,
financetp.fa.ru,robots_unavailable,remainder,Finance: Theory and Practice,ru,ru,
finechem-mirea.ru,robots_unavailable,remainder,Fine Chemical Technologies,ru,ru,
finemusicfm.com,robots_unavailable,remainder,Fine Music 102.5,au,,
finlay.cmw.sld.cu,robots_unavailable,remainder,Humanidades Médicas,cu,es,
firstdigitalghana.com,robots_unavailable,remainder,First Digital TV,gh,,
fishtv.com,robots_unavailable,remainder,FishTV,br,,
fitee.zjujournals.com,robots_unavailable,remainder,Frontiers of Information Technology & Electronic Engineering,cn,en,
fjhomeland.cn,robots_unavailable,remainder,Q63613470,cn,zh,
fjrb.fjdaily.com,robots_unavailable,remainder,Fujian Daily,cn,,
fjsr.journal.fi,robots_unavailable,remainder,Research on Finnish Society,fi,en,
flacsoandes.org,robots_unavailable,remainder,Urvio,ec,es,
flashhabertv.com,robots_unavailable,remainder,Flash TV,tr,,
flavournetwork.ca,robots_unavailable,remainder,Flavour Network,ca,,
florabase.dpaw.wa.gov.au,robots_unavailable,remainder,Nuytsia,au,en,
floram.org,robots_unavailable,remainder,Floresta e Ambiente,br,pt,
floramontiberica.org,robots_unavailable,remainder,Flora Montiberica,es,es,
flourishmagazine.com.au,robots_unavailable,remainder,Flourish Magazine,au,en,
flw.ugent.be,robots_unavailable,remainder,Journal of Belgian History,be,en,
flyfm.com.my,robots_unavailable,remainder,Fly FM,my,en,
fm-845.com,robots_unavailable,remainder,Q11374831,jp,,
fm-kitaq.com,robots_unavailable,remainder,Q11400912,jp,,
fm-kp.si,robots_unavailable,remainder,Management,pl,sl,
fm-miki.jp,robots_unavailable,remainder,Q17227847,jp,ja,
fm-odawara.com,robots_unavailable,remainder,Q11199426,jp,,
fm-otokuni.com,robots_unavailable,remainder,Q85865228,jp,,
fm-oze.co.jp,robots_unavailable,remainder,Q11554555,jp,ja,
fm-pikkara.com,robots_unavailable,remainder,Q11533734,jp,,
fm-shinagawa.co.jp,robots_unavailable,remainder,Q65237921,jp,ja,
fm-tango.jp,robots_unavailable,remainder,Q11374209,jp,ja,
fm-totsuka.com,robots_unavailable,remainder,Q11290629,jp,,
fm-toyomi.com,robots_unavailable,remainder,Q11199374,jp,,
fm-u814.com,robots_unavailable,remainder,Q28693413,jp,,
fm-watarase.com,robots_unavailable,remainder,Q131904176,jp,,
fm100.gr,robots_unavailable,remainder,TV 100,gr,el,
fm1033.ca,robots_unavailable,remainder,CHAA-FM,ca,,
fm1039.com.cn,robots_unavailable,remainder,Beijing Communication Radio,cn,zh,
fm104.ie,robots_unavailable,remainder,FM104,ie,,
fm2255.jp,robots_unavailable,remainder,Q60987268,jp,ja,
fm762.co.jp,robots_unavailable,remainder,Q11468352,jp,ja,
fm767.com,robots_unavailable,remainder,Q11333583,jp,,
fm769.com,robots_unavailable,remainder,Q11259401,jp,,
fm773.co.jp,robots_unavailable,remainder,Q11290637,jp,ja,
fm785.jp,robots_unavailable,remainder,Q11261084,jp,ja,
fm843.co.jp,robots_unavailable,remainder,Q11290630,jp,ja,
fm844.co.jp,robots_unavailable,remainder,Q17220007,jp,ja,
fm871.com,robots_unavailable,remainder,Q11199364,jp,,
fm889.net,robots_unavailable,remainder,Q11290603,jp,,
fm985.com.au,robots_unavailable,remainder,FM 98.5,au,,
fm993.com.cn,robots_unavailable,remainder,Music FM Radio Guangdong,cn,zh,
fmcentro.mx,robots_unavailable,remainder,XHXZ-FM,mx,,
fmexpress.com.br,robots_unavailable,remainder,Q55361714,br,pt,
fmginowan.com,robots_unavailable,remainder,Q30936519,jp,,
fmhanabi.com,robots_unavailable,remainder,FM Hanabi,jp,,
fmhikone.jp,robots_unavailable,remainder,Q11290577,jp,ja,
fmishigaki.jp,robots_unavailable,remainder,Q11585385,jp,ja,
fmkumejima.com,robots_unavailable,remainder,Q11199422,jp,,
fmo.co.jp,robots_unavailable,remainder,Onomichi FM,jp,ja,
fmoguni.com,robots_unavailable,remainder,Q11290625,jp,,
fmomura.jp,robots_unavailable,remainder,Q11199352,jp,ja,
fmpalulun.co.jp,robots_unavailable,remainder,Q11548576,jp,ja,
fmr.co.za,robots_unavailable,remainder,Fine Music Radio,za,,
fmradiovienouvelle.com,robots_unavailable,remainder,CJVN-FM,ca,,
fmsergipe.com.br,robots_unavailable,remainder,Q10279072,br,pt,
fmsetagaya.com,robots_unavailable,remainder,Q11290612,jp,,
fmuken763.amamin.jp,robots_unavailable,remainder,Q17227842,jp,ja,
fmyomitan.co.jp,robots_unavailable,remainder,Q11290645,jp,ja,
fnbaloncesto.com,robots_unavailable,remainder,Q28501277,es,es,
fncv.org.au,robots_unavailable,remainder,The Victorian Naturalist,au,en,
fnkradio.com,robots_unavailable,remainder,Free North Korea Radio,kr,,
fokus.media.pl,robots_unavailable,remainder,Q140537967,pl,pl,
folhadoestadodegoias.com.br,robots_unavailable,remainder,Q140814904,br,pt,
folhafm98.com.br,robots_unavailable,remainder,Q10365700,br,pt,
folhape.com.br,robots_unavailable,remainder,Folha de Pernambuco,br,pt,
folhapress.com.br,robots_unavailable,remainder,Q10283227,br,pt,
foliamalaysiana.weebly.com,robots_unavailable,remainder,Folia Malaysiana,my,en,
folkeminner.no,robots_unavailable,remainder,Q11968323,no,no,
fom.pw.edu.pl,robots_unavailable,remainder,Foundations of Management,pl,en,
foochia.com,robots_unavailable,remainder,Foochia,ae,ar,
foodandagriculturejournal.com,robots_unavailable,remainder,International journal of food and agricultural economics,tr,en,
foodnetwork.it,robots_unavailable,remainder,Food Network,it,it,
forbes.co.il,robots_unavailable,remainder,Forbes Israel,il,en,
forbes.pl,robots_unavailable,remainder,Forbes,pl,pl,
forbesindia.com,robots_unavailable,remainder,Forbes India,in,en,
foresna.org,robots_unavailable,remainder,Navarra Forestal,es,es,
forlagetorbis.dk,robots_unavailable,remainder,SFINX,dk,da,
forman.tv,robots_unavailable,remainder,For Man,ar,,
formare.erickson.it,robots_unavailable,remainder,Form@re : Open Journal per la Formazione in Rete,it,it,
format.at,robots_unavailable,remainder,Format (magazine),at,de,
formato21.com.mx,robots_unavailable,remainder,XERC-AM,mx,,
formiga.ifmg.edu.br,robots_unavailable,remainder,ForScience,br,pt,
formosadoriopreto.ba.io.org.br,robots_unavailable,remainder,Q124934858,br,pt,
forotv.mx,robots_unavailable,remainder,N+ Foro,mx,,
fortsaskatchewanrecord.com,robots_unavailable,remainder,Fort Saskatchewan Record,ca,en,
forumdwutygodnik.pl,robots_unavailable,remainder,Forum,pl,pl,
forummysliwolnej.pl,robots_unavailable,remainder,Q11698511,pl,pl,
forumoswiatowe.pl,robots_unavailable,remainder,Forum Oświatowe,pl,pl,
fotomac.com.tr,robots_unavailable,remainder,Fotomaç,tr,tr,
fotomadrid.com,robots_unavailable,remainder,Q6460118,es,es,
foundr.com,robots_unavailable,remainder,Foundr Magazine,au,en,
four.co.nz,robots_unavailable,remainder,Four,nz,,
fox.canais-fox.pt,robots_unavailable,remainder,Star Channel,pt,pt,
fox.com.au,robots_unavailable,remainder,Fox FM,au,en,
foxcrime.it,robots_unavailable,remainder,Fox Crime,it,it,
foxfmonline.ca,robots_unavailable,remainder,CFGW-FM,ca,,
foxtel.com.au,robots_unavailable,remainder,Foxtel 3D,au,,
fpjq.org,robots_unavailable,remainder,Le Trente,ca,fr,
fptv.ca,robots_unavailable,remainder,FPTV,ca,,
fr-eghezee.be,robots_unavailable,remainder,Q3090447,be,,
fr.helvetica.today,robots_unavailable,remainder,Helvetica,ch,,
fr.nickelodeon.be,robots_unavailable,remainder,Nick Jr.,be,,
fr.teletoon.com,robots_unavailable,remainder,Télétoon,ca,,
fr.timesofisrael.com,robots_unavailable,remainder,The Times of Israel,il,en,
fragile.net.pl,robots_unavailable,remainder,Q16545766,pl,pl,
franca.sp.gov.br,robots_unavailable,remainder,Q124934861,br,pt,
francais.radio.cz,robots_unavailable,remainder,Radio Prague International,cz,cs,
frasercoastchronicle.com.au,robots_unavailable,remainder,Fraser Coast Chronicle,au,,
free.art.pl,robots_unavailable,remainder,Q16621069,pl,pl,
freilich-magazin.com,robots_unavailable,remainder,Freilich,at,de,
frequencebanane.ch,robots_unavailable,remainder,Fréquence Banane,ch,,
fritanke.se,robots_unavailable,remainder,Q15713821,se,sv,
frm.kemtipp.ru,robots_unavailable,remainder,Foods and Raw Materials,ru,en,
fs.icfm.ro,robots_unavailable,remainder,Financial Studies,ro,en,
fstjournal.com.br,robots_unavailable,remainder,Ciencia e Tecnologia de Alimentos,br,en,
ftv.com.tw,robots_unavailable,remainder,Formosa Television,tw,zh,
fuesp.com,robots_unavailable,remainder,Cuadernos de investigación histórica,es,es,
fujibamboogarden.com,robots_unavailable,remainder,Q16624891,jp,ja,
fujiyama776.jp,robots_unavailable,remainder,Q20043366,jp,ja,
fukaya-fm.com,robots_unavailable,remainder,Q109359407,jp,,
fukuchiyama.fm-tanba.jp,robots_unavailable,remainder,Q11594316,jp,ja,
full.btk.ppke.hu,robots_unavailable,remainder,Finno-Ugric Languages and Linguistics,hu,en,
fumec.br,robots_unavailable,remainder,Projetos e Dissertações em Sistemas de Informação e Gestão do Conhecimento,br,pt,
fun1.cz,robots_unavailable,remainder,Q11986063,cz,cs,
fundacaoeducadora.com.br,robots_unavailable,remainder,Rádio Educadora (Bragança),br,pt,
fundacaofia.com.br,robots_unavailable,remainder,Future Studies Research Journal: Trends and Strategies,br,pt,
fundacaonazare.com.br,robots_unavailable,remainder,TV Nazaré,br,pt,
fundacionazara.org.ar,robots_unavailable,remainder,Historia Natural,ar,es,
fundacja-niepodleglosci.pl,robots_unavailable,remainder,Q28673262,pl,pl,
funlam.edu.co,robots_unavailable,remainder,Drugs and Addictive Behavior,co,es,
funradio.be,robots_unavailable,remainder,Fun Radio Belgium,be,,
fuoribinario.org,robots_unavailable,remainder,Q16557913,it,it,
fus.edu,robots_unavailable,remainder,Intervalla : Platform for Intellectual Exchange,ch,en,
futnavarra.es,robots_unavailable,remainder,Q17628655,es,es,
futuregeneration.net,robots_unavailable,remainder,Radio FG,tr,,
futuretvnetwork.com,robots_unavailable,remainder,Future Television,lb,,
fuw.edu.pl,robots_unavailable,remainder,Q20035229,pl,pl,
fuzz-magazine.ru,robots_unavailable,remainder,Fuzz,ru,ru,
fvs.edu.br,robots_unavailable,remainder,Revista Interdisciplinar Encontro das Ciências,br,pt,
g987fm.com,robots_unavailable,remainder,CKFG-FM,ca,,
gaboteur.ca,robots_unavailable,remainder,Le Gaboteur,ca,fr,
gain.tv,robots_unavailable,remainder,GAİN,tr,,
galatasaray.com,robots_unavailable,remainder,Galatasaray TV,tr,,
galaxie-sport.cz,robots_unavailable,remainder,Q11699270,cz,cs,
galaxie.cz,robots_unavailable,remainder,Q12058196,cz,cs,
galicja.ur.edu.pl,robots_unavailable,remainder,Galicja Studia i materiały,pl,pl,
galtv.if.ua,robots_unavailable,remainder,Q12073694,ua,uk,
gama.belasartes.ulisboa.pt,robots_unavailable,remainder,Revista GAMA,pt,pt,
gamavision.com.ec,robots_unavailable,remainder,Gamavisión,ec,,
gangut.su,robots_unavailable,remainder,Q56703221,ru,ru,
ganz.org.au,robots_unavailable,remainder,Gestalt Journal of Australia and New Zealand,au,en,
ganzewoche.at,robots_unavailable,remainder,Die ganze Woche,at,de,
garuda.tv,robots_unavailable,remainder,Garuda TV,id,,
gatchina-news.ru,robots_unavailable,remainder,Gatchinskaya Sluzhba Novostey,ru,ru,
gayanabotanica.cl,robots_unavailable,remainder,Gayana Botánica,cl,en,
gayexpress.co.nz,robots_unavailable,remainder,Express Magazine,nz,en,
gaymaroc.net,robots_unavailable,remainder,Mithly Magazine,ma,fr,
gazeta.myslenice.pl,robots_unavailable,remainder,Q20032410,pl,pl,
gazetacrimea.ru,robots_unavailable,remainder,Crimean newspaper,ru,ru,
gazetakariera.ru,robots_unavailable,remainder,Q16271734,ru,ru,
gazetalubuska.pl,robots_unavailable,remainder,Gazeta Lubuska,pl,pl,
gazetamercantil.com,robots_unavailable,remainder,Gazeta Mercantil,br,pt,
gazetamyszkowska.pl,robots_unavailable,remainder,Gazeta Myszkowska,pl,pl,
gaziakademikbakis.com,robots_unavailable,remainder,Gazi Akademik Bakış,tr,,
gazzetta.it,robots_unavailable,remainder,La Gazzetta dello Sport,it,it,
gazzettadalba.it,robots_unavailable,remainder,Q3759095,it,it,
gdtv.cn,robots_unavailable,remainder,Guangdong Radio and Television,cn,zh,
gdtv.com.cn,robots_unavailable,remainder,Guangdong Television,cn,zh,
gecontec.org,robots_unavailable,remainder,GECONTEC: Revista Internacional de Gestión del Conocimiento y la Tecnología,cu,es,
geelonghistoricalsociety.org.au,robots_unavailable,remainder,Investigator,au,en,
geminigrafica.it,robots_unavailable,remainder,Gemini Grafica,it,it,
gen1031fm.com,robots_unavailable,remainder,Q136401456,id,,
gencat.net,robots_unavailable,remainder,Diari Oficial de la Generalitat de Catalunya,es,es,
geneconserve.pro.br,robots_unavailable,remainder,Geneconserve,br,en,
genevasolutions.news,robots_unavailable,remainder,geneva.solutions,ch,,
genominfo.org,robots_unavailable,remainder,Genomics & Informatics,kr,en,
gente.com.ar,robots_unavailable,remainder,Gente y la actualidad,ar,es,
gentedifotografia.com,robots_unavailable,remainder,Gente di Fotografia,it,it,
gentenaar.be,robots_unavailable,remainder,De Gentenaar,be,,
geo.uj.edu.pl,robots_unavailable,remainder,Prace Geograficzne,pl,pl,
geobrasiliensis.org.br,robots_unavailable,remainder,Geochimica Brasiliensis,br,pt,
geocities.com,robots_unavailable,remainder,Journal of Nuclear and Radiochemical Sciences,eg,en,
geograficando.fahce.unlp.edu.ar,robots_unavailable,remainder,Geograficando,ar,,
geografie.uvt.ro,robots_unavailable,remainder,Review of Historical Geography and Toponomastics,ro,en,
geol.uniovi.es,robots_unavailable,remainder,Trabajos de Geologia,es,es,
geologi.no,robots_unavailable,remainder,Norwegian Journal of Geology,no,en,
geologinenseura.fi,robots_unavailable,remainder,Bulletin of the Geological Society of Finland,fi,en,
geologos.com.pl,robots_unavailable,remainder,Geologos,pl,pl,
geology-vestnik.psu.ru,robots_unavailable,remainder,Vestnik Permskogo Universiteta: Seriâ Geologiâ,ru,ru,
geonika.cz,robots_unavailable,remainder,Moravian Geographical Reports,pl,en,
geosaberes.ufc.br,robots_unavailable,remainder,Geosaberes,br,pt,
geoscience.cz,robots_unavailable,remainder,GeoScience Engineering,cz,en,
geoscienceletters.com,robots_unavailable,remainder,Geoscience Letters,ch,en,
geotextos.ufba.br,robots_unavailable,remainder,GeoTextos,br,pt,
geriatric-care.org,robots_unavailable,remainder,Geriatric Care,it,en,
german.beijingreview.com.cn,robots_unavailable,remainder,Beijing Review,cn,en,
gestaoeproducao.com,robots_unavailable,remainder,Gestão & Produção,br,pt,
getchaska.com,robots_unavailable,remainder,Chaska,in,,
getmagnet.com,robots_unavailable,remainder,The Magnet,in,,
gfm.sn,robots_unavailable,remainder,Télé Futurs Médias,sn,,
ghanaiantimes.com.gh,robots_unavailable,remainder,The Ghanaian Times,gh,en,
gi-kursk.ru,robots_unavailable,remainder,Gorodskiye izvestiya (Kursk),ru,ru,
gialli.it,robots_unavailable,remainder,Gialli.it,it,it,
giallotv.it,robots_unavailable,remainder,Giallo,it,it,
giant1019.com,robots_unavailable,remainder,CHRK-FM,ca,,
giantfm.com,robots_unavailable,remainder,CIXL-FM,ca,,
gigabytejournal.com,robots_unavailable,remainder,GigaByte,hk,en,
gimaaradio.com,robots_unavailable,remainder,CHYF-FM,ca,,
ginras.ru,robots_unavailable,remainder,Bulletin of the Commission for study of the Quaternary,ru,en,
giornalestorico.loescher.it,robots_unavailable,remainder,Giornale storico della letteratura italiana,it,it,
giramondopublishing.com,robots_unavailable,remainder,HEAT,au,en,
gjst.co.in,robots_unavailable,remainder,Global Journal of Science and Technology,in,en,
gladius.revistas.csic.es,robots_unavailable,remainder,Gladius,es,es,
gladrags.in,robots_unavailable,remainder,Gladrags,in,en,
gladyspalmera.com,robots_unavailable,remainder,Radio Gladys Palmera,es,,
glamit.be,robots_unavailable,remainder,Glam*It,be,nl,
glavred.info,robots_unavailable,remainder,Glavred,ua,ru,
glavred.net,robots_unavailable,remainder,Glavred,ua,ru,
gll.ur.krakow.pl,robots_unavailable,remainder,"Geomatics, Landmanagement and Landscape",pl,en,
globalthunderbay.tbtv.com,robots_unavailable,remainder,CHFD-DT,ca,,
globaltv.com,robots_unavailable,remainder,Global Television Network,ca,,
globemagazine.com,robots_unavailable,remainder,Globe,ca,en,
globoplay.globo.com,robots_unavailable,remainder,Q5031039,br,,
glocalismjournal.org,robots_unavailable,remainder,"Glocalism: Journal of Culture, Politics and Innovation",it,en,
glossa.fi,robots_unavailable,remainder,Mirator,fi,fi,
glow100.com,robots_unavailable,remainder,CFRM-FM,ca,,
gm24.it,robots_unavailable,remainder,GM24,it,it,
gmbahia.ufba.br,robots_unavailable,remainder,Gazeta Médica da Bahia,br,pt,
gmj.uottawa.ca,robots_unavailable,remainder,Global Media Journal: Canadian Edition,ca,en,
gmw.cn,robots_unavailable,remainder,Guangming Daily,cn,zh,
goingdownswinging.org.au,robots_unavailable,remainder,Going Down Swinging,au,en,
goldcoast.com.au,robots_unavailable,remainder,Gold Coast Sun,au,en,
goldenwestsites.com,robots_unavailable,remainder,CJRB,ca,,
goldfm.com.au,robots_unavailable,remainder,92.5 Gold FM,au,en,
goldfm.fbc.com.fj,robots_unavailable,remainder,Gold FM,fj,,
goldtv.it,robots_unavailable,remainder,Q139917334,it,it,
golfpl.com,robots_unavailable,remainder,Golf,pl,pl,
golosnadezhdi.ru,robots_unavailable,remainder,Golos Nadezhdi,ru,ru,
gonorthumberland.net,robots_unavailable,remainder,CKSG-FM,ca,,
goodhopefm.co.za,robots_unavailable,remainder,Good Hope FM,za,,
gorodnews.ru,robots_unavailable,remainder,Q77434944,ru,ru,
goshop.com.my,robots_unavailable,remainder,Go Shop,my,,
gotv.at,robots_unavailable,remainder,Go TV,at,de,
gov.cap.ru,robots_unavailable,remainder,Chuvash national radio,ru,ru,
govoritmoskva.ru,robots_unavailable,remainder,Q16690419,ru,ru,
goxuan.my,robots_unavailable,remainder,GoXuan (radio station),my,zh,
gp24.pl,robots_unavailable,remainder,Q9284195,pl,pl,
gpb.big.ac.cn,robots_unavailable,remainder,Genomics Proteomics and Bioinformatics,cn,en,
grad-petrov.ru,robots_unavailable,remainder,Q4387370,ru,ru,
graellsia.revistas.csic.es,robots_unavailable,remainder,Graellsia,es,es,
grafisk-werk.dk,robots_unavailable,remainder,European Paper Theatre,dk,en,
grainmagazine.ca,robots_unavailable,remainder,Grain,ca,en,
gramota.net,robots_unavailable,remainder,Alʹmanah sovremennoj nauki i obrazovaniâ,ru,ru,
granducatotv.it,robots_unavailable,remainder,Granducato TV,it,it,
granta.com.es,robots_unavailable,remainder,Granta en español,es,es,
graphicnovelcollection.com,robots_unavailable,remainder,The Official Marvel Graphic Novel Collection,ru,ru,
grasasyaceites.revistas.csic.es,robots_unavailable,remainder,Grasas y Aceites,es,en,
graziamagazine.ru,robots_unavailable,remainder,Grazia Russia,ru,ru,
gre.luteranie.pl,robots_unavailable,remainder,Gdańsk Evangelical Yearbook,pl,en,
greaterauckland.org.nz,robots_unavailable,remainder,Greater Auckland,nz,,
greeneuropeanjournal.eu,robots_unavailable,remainder,Green European Journal,be,en,
greenhousecanada.com,robots_unavailable,remainder,Greenhouse Canada,ca,,
grhta.com,robots_unavailable,remainder,Global and Regional Health Technology Assessment,it,,
griffith.edu.au,robots_unavailable,remainder,Griffith Review,au,en,
griffithreview.com,robots_unavailable,remainder,Griffith Review,au,en,
grimeton.org,robots_unavailable,remainder,Grimeton VLF transmitter,se,,
grooveback.zone,robots_unavailable,remainder,Groove back,it,it,
grupoacir.com.mx,robots_unavailable,remainder,Grupo ACIR,mx,,
grupoasradio.com,robots_unavailable,remainder,XEAR-AM,mx,,
gruporadiocapital.com.mx,robots_unavailable,remainder,XEITE-AM,mx,,
gruppodeiromanisti.it,robots_unavailable,remainder,Q60050667,it,it,
gruppofrattura.it,robots_unavailable,remainder,Frattura ed Integrità Strutturale,it,en,
grupposciscione.it,robots_unavailable,remainder,Q3880844,it,it,
gs24.pl,robots_unavailable,remainder,Q9284213,pl,pl,
gtrk.ru,robots_unavailable,remainder,Q16690432,ru,ru,
gtrksakha.ru,robots_unavailable,remainder,GTRK Sakha,ru,ru,
gtv.ph,robots_unavailable,remainder,GTV,ph,,
guarapuava.pr.gov.br,robots_unavailable,remainder,Q124935081,br,pt,
guardianonline.co.nz,robots_unavailable,remainder,Ashburton Guardian,nz,,
guarulhos.sp.gov.br,robots_unavailable,remainder,Q124935088,br,pt,
gudok.ru,robots_unavailable,remainder,Gudok,ru,ru,
guerracolonial.oa.urjc.es,robots_unavailable,remainder,Guerra Colonial,es,es,
guia4rodas.abril.com.br,robots_unavailable,remainder,Guia Quatro Rodas,br,pt,
guidatradingonline.net,robots_unavailable,remainder,Guidatradingonline.net,it,,
guiden.se,robots_unavailable,remainder,Q10711810,se,sv,
gulffm.com.au,robots_unavailable,remainder,5GFM,au,,
gulli.ru,robots_unavailable,remainder,Gulli Girl,ru,ru,
gunebakis.com.tr,robots_unavailable,remainder,Günebakış,tr,tr,
gustotv.com,robots_unavailable,remainder,Gusto TV,ca,,
guyanachronicleonline.com,robots_unavailable,remainder,Guyana Chronicle,gy,en,
gv991.com,robots_unavailable,remainder,DWGV-FM,ph,,
gvaa.com.br,robots_unavailable,remainder,Revista Brasileira de Educação e Saúde,br,pt,
gw-unterricht.at,robots_unavailable,remainder,GW-Unterricht,at,de,
gx94radio.com,robots_unavailable,remainder,CJGX,ca,,
gxnews.com.cn,robots_unavailable,remainder,Guangxi Daily,cn,zh,
gyncancer.or.kr,robots_unavailable,remainder,Journal of gynecologic oncology,kr,en,
gyorimuhely.hu,robots_unavailable,remainder,Műhely,hu,hu,
gzdaily.dayoo.com,robots_unavailable,remainder,Guangzhou Daily,cn,zh,
gzt-sv.ru,robots_unavailable,remainder,Zeya Lights,ru,ru,
gzt.ru,robots_unavailable,remainder,Gaseta,ru,ru,
gztv.com,robots_unavailable,remainder,Guangzhou Broadcasting Network,cn,,
haaretz.co.il,robots_unavailable,remainder,Haaretz,il,en,
hab.mk.ru,robots_unavailable,remainder,Newspaper MK Khabarovsk,ru,ru,
haberjet.com,robots_unavailable,remainder,haberjet.com,tr,tr,
habitattv.com.tr,robots_unavailable,remainder,Habitat TV,tr,tr,
habous.gov.ma,robots_unavailable,remainder,Da'wat al-Ḥaqq,ma,ar,
hakusensha.co.jp,robots_unavailable,remainder,LaLa DX,jp,ja,
halifax.mediacoop.ca,robots_unavailable,remainder,Halifax Media Co-op,ca,en,
hanbalijournal.org,robots_unavailable,remainder,Q138837132,kw,ar,
handelsbladet.no,robots_unavailable,remainder,Handelsbladet FK,no,no,
handelszeitung.ch,robots_unavailable,remainder,Bilanz,ch,de,
hankyung.com,robots_unavailable,remainder,Korea Economic Daily,kr,en,
hannibaltv.com.tn,robots_unavailable,remainder,Hannibal TV,tn,,
happyfm873.com,robots_unavailable,remainder,Q11199361,jp,,
harthousereview.com,robots_unavailable,remainder,Hart House Review,ca,en,
haw.nsk.hr,robots_unavailable,remainder,Chemical and Biochemical Engineering Quarterly,ca,en,
hawkesburyradio.com.au,robots_unavailable,remainder,Hawkesbury Radio,au,,
hayattv.net,robots_unavailable,remainder,Hayat TV,tr,,
hbtoday.co.nz,robots_unavailable,remainder,Hawke's Bay Today,nz,en,
hbvdergisi.hacibayram.edu.tr,robots_unavailable,remainder,Turkish Culture and Hacı Bektas Veli Research Quarterly,tr,tr,
hcis-journal.com,robots_unavailable,remainder,Human-Centric Computing and Information Sciences,kr,en,
hdoi.hr,robots_unavailable,remainder,Croatian Operational Research Review,hr,en,
hdq.ir,robots_unavailable,remainder,Health in Emergencies & Disasters Quarterly,ir,en,
healtheduj.com,robots_unavailable,remainder,Pedagogy of Health,ua,,
healthpsychres.org,robots_unavailable,remainder,Health psychology research,it,en,
healthsynapse.org,robots_unavailable,remainder,Journal of Health Synapse,in,en,
heart768.com,robots_unavailable,remainder,Q11569251,jp,,
heartfm.co.za,robots_unavailable,remainder,Heart 104.9 FM,za,,
heartfm.jp,robots_unavailable,remainder,Heart FM,jp,ja,
heartindia.net,robots_unavailable,remainder,Heart India,in,en,
hebdo24.com,robots_unavailable,remainder,Hebdo24,ht,en,
hebtv.com,robots_unavailable,remainder,Hebei Radio & Television Station,cn,,
hecl.it,robots_unavailable,remainder,History of Education and Children's Literature,it,it,
heidi.news,robots_unavailable,remainder,heidi.news,ch,fr,
hellaslive.com,robots_unavailable,remainder,Hellas live,gr,,
hellenicparliament.gr,robots_unavailable,remainder,Vouli Tileorasi,gr,el,
helsinki.at,robots_unavailable,remainder,Radio Helsinki,at,de,
hemeroteca.ciasc.sc.gov.br,robots_unavailable,remainder,Blumenau em Cadernos,br,pt,
heraldik.org,robots_unavailable,remainder,Q10669693,se,sv,
heraldo.mx,robots_unavailable,remainder,El Heraldo de Aguascalientes,mx,es,
herbapolonica.pl,robots_unavailable,remainder,Herba Polonica,pl,pl,
herbmed.skums.ac.ir,robots_unavailable,remainder,Advanced Herbal Medicine,ir,en,
heritagesciencejournal.com,robots_unavailable,remainder,Heritage Science,my,en,
hermitage.fm,robots_unavailable,remainder,Q4532543,ru,,
hesperis-tamuda.com,robots_unavailable,remainder,Hespéris-Tamuda,ma,fr,
hfnews.com.br,robots_unavailable,remainder,Q10279068,br,pt,
hfrir.jvolsu.com,robots_unavailable,remainder,"Vestnik Volgogradskogo Gosudarstvennogo Universiteta. Seriâ 4. Istoriâ, Regionovedenie, Meždunarodnye Otnošeniâ",ru,ru,
hgj.univer.kharkov.ua,robots_unavailable,remainder,Časopis Socìalʹno-Ekonomìčnoï Geografìï,ua,uk,
hhrf.org,robots_unavailable,remainder,Q1221361,ro,hu,
hibishinbun.com,robots_unavailable,remainder,Ishinomaki Hibi Shinbun,jp,ja,
hicbc.com,robots_unavailable,remainder,CBC Radio,jp,,
hidrocalidodigital.com,robots_unavailable,remainder,Hidrocálido,mx,es,
highlandradio.com,robots_unavailable,remainder,Highland Radio,ie,,
highriveronline.com,robots_unavailable,remainder,CHRB,ca,,
hikaritv.net,robots_unavailable,remainder,Hikari TV,jp,,
hilltimes.com,robots_unavailable,remainder,The Hill Times,ca,en,
hindi.economictimes.com,robots_unavailable,remainder,The Economic Times,in,en,
hiphoptv.it,robots_unavailable,remainder,Hip Hop TV,it,it,
hipo-tesis.eu,robots_unavailable,remainder,HipoTesis Serie Numerada,es,,
hippocampus.si,robots_unavailable,remainder,Stati inu obstati revija za vprašanja protestantizma,si,sl,
hirado.hu,robots_unavailable,remainder,Q102424067,hu,en,
hispania.revistas.csic.es,robots_unavailable,remainder,Hispania,es,es,
hispaniasacra.revistas.csic.es,robots_unavailable,remainder,Hispania Sacra,es,es,
hispantv.com,robots_unavailable,remainder,HispanTV,ir,,
histoirequebec.qc.ca,robots_unavailable,remainder,Q58201543,ca,fr,
histomobile.com,robots_unavailable,remainder,Q3138325,be,en,
historia-actual.org,robots_unavailable,remainder,Revista de Historia Actual,es,en,
historia396.cl,robots_unavailable,remainder,Historia 396,cl,es,
historiaconstitucional.com,robots_unavailable,remainder,Historia Constitucional,es,es,
historiadahistoriografia.com.br,robots_unavailable,remainder,História da Historiografia,br,pt,
historiaeeconomia.pt,robots_unavailable,remainder,História e Economia,br,pt,
historiaetius.eu,robots_unavailable,remainder,Historia et Ius,it,it,
historiaintelectual.com.ar,robots_unavailable,remainder,Prismas,ar,es,
historiatv.com,robots_unavailable,remainder,Historia,ca,,
historiayespacio.univalle.edu.co,robots_unavailable,remainder,Historia y Espacio,co,es,
historical-weapons.com,robots_unavailable,remainder,Историческое оружиеведение,ru,en,
historicalmaterialism.org,robots_unavailable,remainder,Historical Materialism,nl,en,
historicus.umk.pl,robots_unavailable,remainder,Q24525533,pl,pl,
historiographyofscience.org,robots_unavailable,remainder,Transversal: International Journal for the Historiography of Science,br,en,
history-journal.spbu.ru,robots_unavailable,remainder,"Vestnik Sankt-Peterburgskogo Universiteta, Istoriya",ru,ru,
history.ca,robots_unavailable,remainder,History2 Canada,ca,,
historyindia.com,robots_unavailable,remainder,Q6310201,in,,
historystudies.net,robots_unavailable,remainder,History Studies International Journal Of History,tr,en,
hit-radio.be,robots_unavailable,remainder,Q3138590,be,,
hit.com.au,robots_unavailable,remainder,101.3 Sea FM,au,,
hit.listnr.com,robots_unavailable,remainder,Mix 94.5,au,,
hitfm.ua,robots_unavailable,remainder,Q4494228,ua,uk,
hitoradio.com,robots_unavailable,remainder,Hit Fm Taiwan,tw,,
hits.stingray.com,robots_unavailable,remainder,Stingray Hits!,ca,,
hjarnstorm.com,robots_unavailable,remainder,Q10524917,se,sv,
hjic.mk.uni-pannon.hu,robots_unavailable,remainder,Hungarian Journal of Industrial Chemistry,hu,en,
hjournal.ru,robots_unavailable,remainder,Voprosy Regulirovaniâ Èkonomiki,ru,ru,
hkstv.tv,robots_unavailable,remainder,HKSTV,hk,,
hljtv.com,robots_unavailable,remainder,Heilongjiang Broadcasting Television,cn,,
hms.gmu.ac.ir,robots_unavailable,remainder,Ufuq-i Dānish,ir,fa,
hndaily.cn,robots_unavailable,remainder,Hainan Daily,cn,zh,
hnedutv.com,robots_unavailable,remainder,Hunan Educational Television,cn,,
hnrb.voc.com.cn,robots_unavailable,remainder,Hunan Ribao,cn,zh,
hoch2.tv,robots_unavailable,remainder,Q125373912,ch,,
hodhod.tv,robots_unavailable,remainder,HodHod TV,ir,,
hokkoku.co.jp,robots_unavailable,remainder,Hokkoku Shimbun,jp,ja,
hokuu.co.jp,robots_unavailable,remainder,Hokuu Shimpō,jp,ja,
home-tv.co.jp,robots_unavailable,remainder,Hiroshima Home Television,jp,ja,
home.agh.edu.pl,robots_unavailable,remainder,Opuscula Mathematica,pl,en,
home.ptv.com.pk,robots_unavailable,remainder,PTV Home,pk,,
home.umk.pl,robots_unavailable,remainder,Toruńskie Studia Bibliologiczne,pl,pl,
homegardentv.it,robots_unavailable,remainder,HGTV Italia,it,it,
honjofm.jp,robots_unavailable,remainder,Q107412114,jp,ja,
hopechannel-ug.org,robots_unavailable,remainder,Hope Channel Uganda,ug,,
hopefm.ca,robots_unavailable,remainder,CJFH-FM,ca,,
hoperadio.ca,robots_unavailable,remainder,CINU-FM,ca,,
hopetv.or.tz,robots_unavailable,remainder,Hope Channel Tanzania,tz,,
horasc.com.br,robots_unavailable,remainder,Hora de Santa Catarina,br,pt,
horizon.spb.ru,robots_unavailable,remainder,Horizon: Fenomenologičeskie Issledovaniâ,ru,ru,
horizons-dz.com,robots_unavailable,remainder,Horizons,dz,fr,
hornbyradio.com,robots_unavailable,remainder,CHFR-FM,ca,,
hornews.com,robots_unavailable,remainder,hornews.com,ru,ru,
horticulturabrasileira.com.br,robots_unavailable,remainder,Horticultura brasileira,br,pt,
hortifruti.com.br,robots_unavailable,remainder,Hortifruti,br,pt,
horyzonty.ignatianum.edu.pl,robots_unavailable,remainder,Horyzonty Polityki,pl,pl,
horyzonty.misjesac.pl,robots_unavailable,remainder,Q11710125,pl,pl,
hosiwien.at,robots_unavailable,remainder,HOSI Wien,at,de,
hot1061.net,robots_unavailable,remainder,KNEX,mx,,
hot107.ca,robots_unavailable,remainder,CJNW-FM,ca,,
hot935.ca,robots_unavailable,remainder,CIGM-FM,ca,,
hotcountry1035.ca,robots_unavailable,remainder,CKHZ-FM,ca,,
hotfmormoc.com,robots_unavailable,remainder,DYXC,ph,,
hrnz.org.nz,robots_unavailable,remainder,New Zealand Journal of Human Resources Management,nz,en,
hsag.co.za,robots_unavailable,remainder,Health SA Gesondheid: Journal of Interdisciplinary Health Sciences,za,en,
hst-journal.com,robots_unavailable,remainder,History of Science and Technology,ua,en,
ht.csr-pub.eu,robots_unavailable,remainder,Human Technology,fi,en,
hts.org.za,robots_unavailable,remainder,HTS Theological Studies,za,en,
hubeidaily.net,robots_unavailable,remainder,HUBEI DAILY,cn,,
hufind.huji.ac.il,robots_unavailable,remainder,Q20014151,fi,la,
hum742.ugr.es,robots_unavailable,remainder,DEDiCA Revista de Educação e Humanidades (dreh),es,pt,
humanas.unal.edu.co,robots_unavailable,remainder,Anuario Colombiano de Historia Social y de la Cultura,co,es,
humanas.unlpam.edu.ar,robots_unavailable,remainder,Perspectivas,ar,es,
humanmovement.pl,robots_unavailable,remainder,Human Movement,pl,en,
humanresources.co.nz,robots_unavailable,remainder,New Zealand Journal of Human Resources Management,nz,en,
humberetc.com,robots_unavailable,remainder,Humber Et Cetera,ca,en,
humenonline.hu,robots_unavailable,remainder,Humen,hu,en,
hunantv.com,robots_unavailable,remainder,Hunan Broadcasting System,cn,,
hundekjoring.no,robots_unavailable,remainder,Hundekjøring,no,no,
hundfritid.no,robots_unavailable,remainder,Hund & Fritid,no,no,
husvagnochcamping.se,robots_unavailable,remainder,Q10527458,se,sv,
hxnews.com,robots_unavailable,remainder,Straits Metropolis Daily,cn,,
hydraulikaipneumatyka.pl,robots_unavailable,remainder,Q9295358,pl,pl,
hymn.se,robots_unavailable,remainder,Q49099791,se,sv,
hzdaily.hangzhou.com.cn,robots_unavailable,remainder,Hangzhou Daily,cn,zh,
i-jmr.org,robots_unavailable,remainder,Interactive journal of medical research,ca,en,
i2.ua.es,robots_unavailable,remainder,[i2]: Investigación e Innovación en Arquitectura y Territorio,es,es,
ia42.mosoblonline.ru,robots_unavailable,remainder,Pavlovo-Posadskiye izvestiya,ru,ru,
iafor.org,robots_unavailable,remainder,IAFOR Journal of Cultural Studies,jp,en,
iagrs.iraqjournals.com,robots_unavailable,remainder,The Iraqi Journal of Agricultural science,iq,en,
iahgp.com.br,robots_unavailable,remainder,"Revista do Instituto Arqueológico, Histórico e Geográfico Pernambucano",br,pt,
ians.in,robots_unavailable,remainder,Indo-Asian News Service,in,,
iansa.eu,robots_unavailable,remainder,Interdisciplinaria archaeologica,cz,en,
iao.florence.it,robots_unavailable,remainder,Journal of Agriculture and Environment for International Development,it,en,
iap.uchile.cl,robots_unavailable,remainder,Política,cl,es,
ias.ac.in,robots_unavailable,remainder,Journal of Genetics,in,en,
iasj.net,robots_unavailable,remainder,"Journal of the Faculty of Medicine, Baghdad",iq,en,
iasportal.co.za,robots_unavailable,remainder,Investment Analysts Journal,za,,
iat.co.jp,robots_unavailable,remainder,Iwate Asahi Television,jp,ja,
iaud.aydin.edu.tr,robots_unavailable,remainder,İstanbul Aydın Üniversitesi Sosyal Bilimler Dergisi,tr,tr,
ib.pwr.wroc.pl,robots_unavailable,remainder,Studia Geotechnica et Mechanica,pl,en,
ibadergisi.net,robots_unavailable,remainder,Uluslararası Bilimsel Araştırmalar Dergisi,tr,,
ibero909.fm,robots_unavailable,remainder,XHUIA-FM,mx,,
iberoamericancg.org,robots_unavailable,remainder,Revista de Governança Corporativa,br,pt,
ibjournals.com,robots_unavailable,remainder,IBJ Clinical Pharmacology,es,,
ibpefex.com.br,robots_unavailable,remainder,Revista Brasileira de Nutrição Esportiva,br,pt,
ibracon.org.br,robots_unavailable,remainder,Revista IBRACON de Estruturas e Materiais,br,pt,
icanh.gov.co,robots_unavailable,remainder,Revista Colombiana de Antropologia,co,es,
icaps.nsysu.edu.tw,robots_unavailable,remainder,Contemporary Chinese Political Economy and Strategic Relations: An International Journal,tw,en,
iceo.com.cn,robots_unavailable,remainder,China Entrepreneur,cn,zh,
icesi.edu.co,robots_unavailable,remainder,Estudios Gerenciales,co,es,
icesnowras.ru,robots_unavailable,remainder,Lëd i Sneg,ru,ru,
icfjournal.org,robots_unavailable,remainder,International Cardiovascular Forum Journal,ae,en,
icimusique.ca,robots_unavailable,remainder,CJBC-FM,ca,fr,
iconcerts.stingray.com,robots_unavailable,remainder,Stingray iConcerts,ca,,
icpcw.com,robots_unavailable,remainder,Popular Computer Weekly,cn,zh,
icswb.com,robots_unavailable,remainder,Changsha Evening News,cn,zh,
ictactjournals.in,robots_unavailable,remainder,ICTACT Journal on Communication Technology,in,en,
ictvukraine.tv,robots_unavailable,remainder,ICTV Ukraine,ua,,
idaatmohammedassadiss.ma,robots_unavailable,remainder,Radio Mohammed VI du Saint Coran,ma,,
ideeromfrihet.no,robots_unavailable,remainder,Q11976798,no,nb,
idelo.ru,robots_unavailable,remainder,Delo,ru,ru,
idofm.com,robots_unavailable,remainder,Q131918301,es,,
idoj.in,robots_unavailable,remainder,Indian Dermatology Online Journal,in,en,
idokan.pl,robots_unavailable,remainder,Ido Movement for Culture: Journal of Martial Arts Anthropology,pl,pl,
iealmerienses.es,robots_unavailable,remainder,Q114973545,es,es,
ieecc.es,robots_unavailable,remainder,Anales Complutenses,es,es,
ieja.net,robots_unavailable,remainder,International Electronic Journal of Algebra,tr,en,
iem.sagepub.com,robots_unavailable,remainder,Journal of Inborn Errors of Metabolism and Screening,br,en,
if.ufrgs.br,robots_unavailable,remainder,Investigações em Ensino de Ciências,br,pt,
ifao.egnet.net,robots_unavailable,remainder,Annales islamologiques,eg,en,
ifc.dpz.es,robots_unavailable,remainder,Palaeohispanica,es,es,
ifeng.com,robots_unavailable,remainder,Phoenix Television,cn,,
ifm.tn,robots_unavailable,remainder,Radio IFM,tn,,
ifz.ru,robots_unavailable,remainder,History of Earth Sciences,ru,ru,
ignou.ac.in,robots_unavailable,remainder,Gyan Vani,in,,
ih.uz.zgora.pl,robots_unavailable,remainder,Q16607773,pl,pl,
iibf.deu.edu.tr,robots_unavailable,remainder,Dokuz Eylül Üniversitesi İktisadi ve İdari Bilimler Fakültesi Dergisi,tr,tr,
iisl.it,robots_unavailable,remainder,Rivista di studi liguri,it,it,
ijaai.in,robots_unavailable,remainder,Indian Journal of Allergy Asthma and Immunology,in,en,
ijaep.com,robots_unavailable,remainder,International Journal of Applied Exercise Physiology,ir,en,
ijams.co.in,robots_unavailable,remainder,International Journal of Ayurveda & Modern Sciences,in,en,
ijaweb.org,robots_unavailable,remainder,Indian Journal of Anaesthesia,in,en,
ijbe-research.com,robots_unavailable,remainder,IJBE (Integrated Journal of Business and Economics),id,,
ijbesar.teiemt.gr,robots_unavailable,remainder,International Journal of Business and Economic Sciences Applied Research,gr,en,
ijbihn.iauvaramin.ac.ir,robots_unavailable,remainder,International Journal of Bio-Inorganic Hybrid Nanomaterials,ir,en,
ijbmc.org,robots_unavailable,remainder,"International Journal of Body, Mind and Culture",ir,en,
ijbsm.zbmu.ac.ir,robots_unavailable,remainder,International Journal of Basic Science in Medicine,ir,en,
ijburns.com,robots_unavailable,remainder,Indian Journal of Burns,in,en,
ijc.iaush.ac.ir,robots_unavailable,remainder,Iranian Journal of Catalysis,ir,en,
ijcf.ticaret.edu.tr,robots_unavailable,remainder,International Journal of Commerce and Finance,tr,en,
ijci.iraqjournals.com,robots_unavailable,remainder,Iraqi Journal for Computers and Informatics,iq,,
ijclts.aiac.org.au,robots_unavailable,remainder,International Journal of Comparative Literature and Translation Studies,au,en,
ijcm.org.in,robots_unavailable,remainder,Indian Journal of Community Medicine,in,en,
ijcs.uaic.ro,robots_unavailable,remainder,International Journal of Conservation Science,ro,en,
ijcsi.pro,robots_unavailable,remainder,International Journal of Corrosion and Scale Inhibition,ru,en,
ijcva.com,robots_unavailable,remainder,International Journal of the Cardiovascular Academy,in,en,
ijdr.in,robots_unavailable,remainder,Indian Journal of Dental Research,in,en,
ijdvl.com,robots_unavailable,remainder,"Indian Journal of Dermatology, Venereology and Leprology",in,en,
ijeas.akdeniz.edu.tr,robots_unavailable,remainder,International Journal of Engineering and Applied Sciences,tr,en,
ijehe.org,robots_unavailable,remainder,International journal of environmental health engineering,in,en,
ijehse.com,robots_unavailable,remainder,Iranian journal of environmental health science & engineering,ir,en,
ijels.aiac.org.au,robots_unavailable,remainder,International Journal of Education and Literacy Studies,au,en,
ijem.in,robots_unavailable,remainder,Indian Journal of Endocrinology and Metabolism,in,en,
ijemri.com,robots_unavailable,remainder,International Journal of Emerging Multidisciplinary Research and Innovation,in,en,
ijet.czasopisma.pan.pl,robots_unavailable,remainder,International Journal of Electronics and Telecommunications,pl,en,
ijet.pl,robots_unavailable,remainder,International Journal of Electronics and Telecommunications,pl,en,
ijfs.it,robots_unavailable,remainder,Italian journal of food safety,it,en,
ijhp.info,robots_unavailable,remainder,International journal of health professions,pl,en,
ijhr.org,robots_unavailable,remainder,International Journal of Health Research,ng,,
ijhrs.com,robots_unavailable,remainder,International Journal of Health and Rehabilitation Sciences,in,en,
ijhsbm.com,robots_unavailable,remainder,"International Journal of Humanities, Social Sciences and Business Management",in,en,
ijhse.com,robots_unavailable,remainder,International Journal of Health Sciences and Engineering,in,en,
iji.ir,robots_unavailable,remainder,Iranian Journal of Immunology,ir,en,
ijietas.com,robots_unavailable,remainder,International Journal of Innovations in Engineering Technology and Applied Sciences,in,en,
ijimai.org,robots_unavailable,remainder,International Journal of Interactive Multimedia and Artificial Intelligence,es,en,
ijirp.org,robots_unavailable,remainder,International Journal of Integrated Research and Practice,in,en,
ijis.co.in,robots_unavailable,remainder,International Journal of Integrative Studies,in,en,
ijisef.org,robots_unavailable,remainder,International Journal of Islamic Economics and Finance Studies,tr,,
ijiss.org,robots_unavailable,remainder,International Journal of Information Security Science,tr,en,
ijkss.aiac.org.au,robots_unavailable,remainder,INTERNATIONAL JOURNAL OF KINESIOLOGY AND SPORTS SCIENCE,au,en,
ijmbr.org,robots_unavailable,remainder,International Journal of Management and Business Research,ir,en,
ijmbr.srbiau.ac.ir,robots_unavailable,remainder,International Journal of Management and Business Research,ir,en,
ijme.tums.ac.ir,robots_unavailable,remainder,Journal of medical ethics and history of medicine,ir,en,
ijmge.ut.ac.ir,robots_unavailable,remainder,International Journal of Mining and Geo-Engineering,ir,en,
ijmi.org,robots_unavailable,remainder,Indian Journal of Medical and Paediatric Oncology,in,en,
ijmis.org,robots_unavailable,remainder,International Journal of Multidisciplinary Innovations & Studies,in,en,
ijmp.jor.br,robots_unavailable,remainder,Independent Journal of Management & Production,br,en,
ijmr.org.in,robots_unavailable,remainder,Indian Journal of Medical Research,in,en,
ijmsi.in,robots_unavailable,remainder,International Journal of Multidisciplinary Science and Innovation (IJMSI),in,en,
ijnm.in,robots_unavailable,remainder,Indian Journal of Nuclear Medicine,in,en,
ijns.in,robots_unavailable,remainder,Indian Journal of Neurosurgery,in,en,
ijo.iaurasht.ac.ir,robots_unavailable,remainder,Iranian Journal of Optimization,ir,en,
ijo.in,robots_unavailable,remainder,Indian Journal of Ophthalmology,in,en,
ijopaasat.in,robots_unavailable,remainder,International journal of pure and applied sciences and technology,in,en,
ijournalhs.org,robots_unavailable,remainder,Indian Journal of Health Sciences and Biomedical Research KLEU,in,en,
ijoy.org.in,robots_unavailable,remainder,International Journal of Yoga,in,en,
ijp.uobaghdad.edu.iq,robots_unavailable,remainder,Iraqi Journal of Physics,iq,en,
ijpdd.org,robots_unavailable,remainder,International Journal of Pharmaceutical Drug Design (),in,en,
ijph.in,robots_unavailable,remainder,Indian Journal of Public Health,in,en,
ijphjournal.it,robots_unavailable,remainder,Italian journal of public health,it,en,
ijpis.net,robots_unavailable,remainder,International Journal of Public Information Systems,se,en,
ijpmonline.org,robots_unavailable,remainder,Indian Journal of Pathology & Microbiology,in,en,
ijpp.info,robots_unavailable,remainder,International Journal of Plant Production,ir,en,
ijpp.it,robots_unavailable,remainder,Italian Journal of Planning Practice,it,en,
ijps.org,robots_unavailable,remainder,Indian Journal of Plastic Surgery,in,en,
ijrasht.com,robots_unavailable,remainder,"International Journal of Research and Review in Applied Science, Humanities, and Technology",in,en,
ijrdt.com,robots_unavailable,remainder,International Journal of Research Development and Technology,in,en,
ijri.org,robots_unavailable,remainder,Indian Journal of Radiology and Imaging,in,en,
ijs.speleo.it,robots_unavailable,remainder,International Journal of Speleology,it,en,
ijsdir.jrc.ec.europa.eu,robots_unavailable,remainder,International Journal of Spatial Data Infrastructures Research,lu,en,
ijsecs.ump.edu.my,robots_unavailable,remainder,International Journal of Software Engineering and Computer Systems,my,en,
ijsim.net,robots_unavailable,remainder,International Journal of Strategic Innovative Marketing,gr,,
ijsom.com,robots_unavailable,remainder,International Journal of Supply and Operations Management,ir,en,
ijwpc.mcgill.ca,robots_unavailable,remainder,International Journal of Whole Person Care,ca,en,
ikengajournal.unn.edu.ng,robots_unavailable,remainder,Ikenga: International Journal of the Institute of African Studies,ng,en,
iksio.pan.pl,robots_unavailable,remainder,Acta Asiatica Varsoviensia,pl,en,
ikwekwezifm.co.za,robots_unavailable,remainder,IKwekwezi FM,za,,
ilbolive.unipd.it,robots_unavailable,remainder,Il Bo Live,it,it,
ilcorriereditunisi.it,robots_unavailable,remainder,Il Corriere di Tunisi,tn,it,
ilefdergisi.org,robots_unavailable,remainder,İlef Dergisi,tr,tr,
iletisimdergisi.gsu.edu.tr,robots_unavailable,remainder,Galatasaray Üniversitesi Iletişim Dergisi,tr,tr,
ilgiornaledellarchitettura.com,robots_unavailable,remainder,Il Giornale dell’Architettura,it,it,
ilgiornalino.org,robots_unavailable,remainder,Il Giornalino,it,it,
ilias.fi,robots_unavailable,remainder,Q11885809,fi,fi,
ilpescara.it,robots_unavailable,remainder,IlPescara,it,it,
ilpioniere.org,robots_unavailable,remainder,Il Pioniere dell'Unità,it,,
ilprimatonazionale.it,robots_unavailable,remainder,Il Primato Nazionale,it,it,
ilprogetto.it,robots_unavailable,remainder,Q3792887,it,en,
iluminuras.ufrgs.br,robots_unavailable,remainder,ILUMINURAS,br,pt,
imagechannels.com,robots_unavailable,remainder,Image Channel,np,,
imagojournal.it,robots_unavailable,remainder,Im@go. A Journal of the Social Imaginary,it,it,
imatralainen.fi,robots_unavailable,remainder,Q20254887,fi,fi,
imbc.com,robots_unavailable,remainder,Munhwa Broadcasting Corporation,kr,,
imbm.bas.bg,robots_unavailable,remainder,Journal of Theoretical and Applied Mechanics,pl,en,
imeds.iraqjournals.com,robots_unavailable,remainder,Iraqi journal of medical sciences,iq,en,
immigration.gov.ng,robots_unavailable,remainder,Nigeria Immigration Service TV,ng,,
imo.sgu.ru,robots_unavailable,remainder,Izvestiya of Saratov University New Series Series History International Relations,ru,en,
imolalicei.edu.it,robots_unavailable,remainder,Q140298320,it,it,
impactum-journals.uc.pt,robots_unavailable,remainder,Revista da Historia da Sociedade e da Cultura,pt,en,
imprensa.com.br,robots_unavailable,remainder,Q86725476,br,pt,
imprensanacional.gov.br,robots_unavailable,remainder,Diário Oficial da União,br,pt,
imprensaoficial.franciscomorato.sp.gov.br,robots_unavailable,remainder,Q124934862,br,pt,
imprimerie-moudon.ch,robots_unavailable,remainder,Q3186839,ch,fr,
imtuoradea.ro,robots_unavailable,remainder,Annals of the Oradea University: Fascicle Management and Technological Engineering,ro,en,
in.gov.br,robots_unavailable,remainder,Diário Oficial da União,br,pt,
independent24.com,robots_unavailable,remainder,Independent Television,bd,,
independentonsaturday.co.za,robots_unavailable,remainder,The Independent on Saturday,za,,
index-f.com,robots_unavailable,remainder,Index de Enfermería,es,es,
indianjournals.com,robots_unavailable,remainder,Journal of the Indian Botanical Society,in,en,
indianjpsychiatry.org,robots_unavailable,remainder,Indian Journal of Psychiatry,in,en,
indianjrheumatol.com,robots_unavailable,remainder,Indian Journal of Rheumatology,in,en,
indianjurol.com,robots_unavailable,remainder,Annals of Indian Academy of Neurology,in,en,
indianquarterly.com,robots_unavailable,remainder,Indian Quarterly,in,,
indicatoreweb.it,robots_unavailable,remainder,L'Indicatore Mirandolese,it,it,
indjsp.org,robots_unavailable,remainder,Indian journal of social psychiatry,in,en,
indjvascsurg.org,robots_unavailable,remainder,Indian Journal of Vascular and Endovascular Surgery,in,en,
indosiar.com,robots_unavailable,remainder,Indosiar,id,,
industrialpsychiatry.org,robots_unavailable,remainder,Industrial psychiatry,in,en,
infectionecologyandepidemiology.net,robots_unavailable,remainder,Infection ecology & epidemiology,se,en,
infish.com.pl,robots_unavailable,remainder,Archives of Polish Fisheries,pl,en,
info24.ru,robots_unavailable,remainder,Info24,ru,ru,
infoavila.com,robots_unavailable,remainder,Diario de Ávila,es,es,
infodelabasselievre.ca,robots_unavailable,remainder,L'Info de la Basse-Lièvre,ca,fr,
inforadio.com.au,robots_unavailable,remainder,6RPH,au,,
informador.com.mx,robots_unavailable,remainder,El Informador,mx,es,
informahealthcare.com,robots_unavailable,remainder,Microbial ecology in health and disease,se,en,
informatio.eubca.edu.uy,robots_unavailable,remainder,Informatio,uy,es,
informesdelaconstruccion.revistas.csic.es,robots_unavailable,remainder,Informes de la Construcción,es,es,
inforos.ru,robots_unavailable,remainder,infoRos,ru,ru,
infostrada.it,robots_unavailable,remainder,Infostrada TV,it,it,
infotrac.galegroup.com,robots_unavailable,remainder,Scientia Magna,cn,en,
infowakat.net,robots_unavailable,remainder,Infowakat,bf,fr,
ingenieria.ute.edu.ec,robots_unavailable,remainder,Enfoqute,ec,es,
injoit.org,robots_unavailable,remainder,International Journal of Open Information Technologies,ru,,
inkeri.ru,robots_unavailable,remainder,Inkery,ru,ru,
innovanews.ru,robots_unavailable,remainder,InnovaNews,ru,ru,
innyswiat.most.org.pl,robots_unavailable,remainder,Q11712649,pl,pl,
inpodolsk.ru,robots_unavailable,remainder,Q48947100,ru,ru,
inruza.ru,robots_unavailable,remainder,Krasnoe znamya,ru,ru,
insa.nic.in,robots_unavailable,remainder,Indian Journal of History of Science,in,en,
insectachile.cl,robots_unavailable,remainder,Revista Chilena de Entomología,cl,en,
inside24.no,robots_unavailable,remainder,Q56404268,no,no,
insideretail.com.au,robots_unavailable,remainder,Inside Retailing,au,,
insight.blackhorse.pl,robots_unavailable,remainder,Lekarz Wojskowy,pl,pl,
institutocampechano.edu.mx,robots_unavailable,remainder,XHIC-FM,mx,,
institutodoceara.org.br,robots_unavailable,remainder,Revista do Instituto do Ceará,br,pt,
instytutslaski.com,robots_unavailable,remainder,Studia Śląskie,pl,,
intelligencer.ca,robots_unavailable,remainder,Belleville Intelligencer,ca,,
interaffairs.ru,robots_unavailable,remainder,International Life,ru,en,
intercambios.cse.edu.uy,robots_unavailable,remainder,InterCambios: Dilemas y Transiciones de la Educación Superior,uy,es,
intereconomia.com,robots_unavailable,remainder,Radio Intereconomía,es,,
interface.org.br,robots_unavailable,remainder,"Interface: Comunicação, Saúde, Educação",br,pt,
interfm.co.jp,robots_unavailable,remainder,InterFM897,jp,ja,
intermedia.ru,robots_unavailable,remainder,InterMedia,ru,ru,
international.ohmynews.com,robots_unavailable,remainder,OhmyNews,kr,,
internationaldistribution.sic.pt,robots_unavailable,remainder,SIC Internacional,pt,pt,
internationaleneerlandistiek.nl,robots_unavailable,remainder,Internationale Neerlandistiek,nl,nl,
internetto.hu,robots_unavailable,remainder,Q1060563,hu,hu,
internmed.jp,robots_unavailable,remainder,Internal Medicine,jp,en,
intertrends.ru,robots_unavailable,remainder,International Trends,ru,ru,
interventionseconomiques.revues.org,robots_unavailable,remainder,Interventions Économiques,ca,fr,
inthelife.club,robots_unavailable,remainder,NEKO,jp,ja,
intmarhealth.pl,robots_unavailable,remainder,International Maritime Health,pl,en,
intranet.uat.edu.mx,robots_unavailable,remainder,CienciaUAT,mx,es,
invasor.cu,robots_unavailable,remainder,Invasor,cu,es,
investigaciones.uniatlantico.edu.co,robots_unavailable,remainder,Collectivus: Revista de Ciencias Sociales,co,es,
investigiumire.unicesmag.edu.co,robots_unavailable,remainder,Revista Investigium IRE Ciencias Sociales y Humanas,co,es,
inzynieria-aparatura-chemiczna.pl,robots_unavailable,remainder,Q16560296,pl,pl,
io.org.br,robots_unavailable,remainder,Q124935331,br,pt,
iobm.edu.pk,robots_unavailable,remainder,Journal of Education and Educational Development,pk,en,
iopan.gda.pl,robots_unavailable,remainder,Oceanologia,nl,en,
iorj.hse.ru,robots_unavailable,remainder,International Organisations Research Journal,ru,ru,
ip-watch.org,robots_unavailable,remainder,Intellectual Property Watch,ch,,
ip.uz.zgora.pl,robots_unavailable,remainder,Przegląd Narodowościowy,pl,pl,
ipanema.uol.com.br,robots_unavailable,remainder,Q10303463,br,pt,
ipdn.ru,robots_unavailable,remainder,"Vestnik Arheologii, Antropologii i Etnografii I",ru,ru,
ipiss.com.pl,robots_unavailable,remainder,Q9387148,pl,pl,
ipmbrasil.org.br,robots_unavailable,remainder,Q124935318,br,pt,
ipn.gov.pl,robots_unavailable,remainder,Przegląd Archiwalny,pl,en,
ipproducts.jutalaw.co.za,robots_unavailable,remainder,Comparative and International Law Journal of Southern Africa,za,en,
ips.ac.nz,robots_unavailable,remainder,Policy Quarterly,nz,en,
ips.org,robots_unavailable,remainder,Inter Press Service,it,,
ipsnews.net,robots_unavailable,remainder,Inter Press Service,it,,
iqiyi.com,robots_unavailable,remainder,iQIYI,cn,,
iqraa.com,robots_unavailable,remainder,Iqraa TV,sa,,
iranahayer.com,robots_unavailable,remainder,Q16381913,ir,hy,
irdeb.ba.gov.br,robots_unavailable,remainder,Instituto de Radiodifusão Educativa da Bahia,br,pt,
irinform15.ru,robots_unavailable,remainder,Q4203229,ru,ru,
iris.mediaset.it,robots_unavailable,remainder,Iris,it,it,
irishcatholic.ie,robots_unavailable,remainder,The Irish Catholic,ie,en,
irishparamedicine.com,robots_unavailable,remainder,Irish Journal of Paramedicine,ie,en,
irishstar.com,robots_unavailable,remainder,Irish Star,ie,en,
irishvetjournal.org,robots_unavailable,remainder,Israel Journal of Veterinary Medicine,ie,en,
irlandeses.org,robots_unavailable,remainder,Irish Migration Studies in Latin Amera,ie,en,
irmandade.tv,robots_unavailable,remainder,Q20546782,es,,
irolairratia.org,robots_unavailable,remainder,Irola Irratia,es,,
irr.by,robots_unavailable,remainder,From hand to hand,ru,ru,
is-journal.com,robots_unavailable,remainder,Journal of Innovations and Sustainability,bg,en,
is.biu.ac.il,robots_unavailable,remainder,Alei Sefer,il,en,
is.uv.mx,robots_unavailable,remainder,Interconectando Saberes,mx,en,
isarder.org,robots_unavailable,remainder,İşletme Araştırmaları Dergisi,tr,,
isb.ac.th,robots_unavailable,remainder,Journal of Science International School Bangkok,th,en,
isb.emnuvens.com.br,robots_unavailable,remainder,Iheringia. Série Botânica,br,pt,
ishikawa-tv.com,robots_unavailable,remainder,Ishikawa TV,jp,,
islafm.cl,robots_unavailable,remainder,Radio Isla,cl,es,
islamictv.com.bd,robots_unavailable,remainder,Islamic TV,bd,,
ismni.org,robots_unavailable,remainder,Nepal Medical Association Journal,np,en,
isof.se,robots_unavailable,remainder,Svenska landsmål och svenskt folkliv,se,sv,
ispaim.mapn.ro,robots_unavailable,remainder,Monitor Strategic,ro,ro,
ispcjournal.org,robots_unavailable,remainder,Philosophy and Cosmology,ua,,
ispf-lab.cnr.it,robots_unavailable,remainder,Laboratorio dell'ISPF,it,it,
isplus.com,robots_unavailable,remainder,Ilgan Sports,kr,,
israbat.ac.ma,robots_unavailable,remainder,"Bulletin de l’Institut Scientifique, Section Sciences de la Vie",ma,fr,
israel-nachrichten.de,robots_unavailable,remainder,Israel-Nachrichten,il,de,
israelexplorationsociety.huji.ac.il,robots_unavailable,remainder,Israel Exploration Journal,il,en,
israelplus.tv,robots_unavailable,remainder,Israel+,il,,
isras.ru,robots_unavailable,remainder,Vlastʹ (Moskva),ru,ru,
isrn.qut.edu.au,robots_unavailable,remainder,International Journal of Critical Indigenous Studies,au,en,
istemersin.com,robots_unavailable,remainder,İstemersin,tr,tr,
istorex.ru,robots_unavailable,remainder,Historical Expertise,ru,ru,
istoria-artei.ro,robots_unavailable,remainder,"Studii si Cercetari de Istoria Artei : Teatru, Muzică, Cinematografie",ro,ro,
istv.com.br,robots_unavailable,remainder,ISTV,br,pt,
istznu.org,robots_unavailable,remainder,Zaporizhzhia Historical Review,ua,,
italiascacchistica.com,robots_unavailable,remainder,L'Italia Scacchistica,it,it,
itamaraju.ba.gov.br,robots_unavailable,remainder,Q124935270,br,pt,
itaperuna.rj.gov.br,robots_unavailable,remainder,Q124935273,br,pt,
itapevi.sp.gov.br,robots_unavailable,remainder,Q124935290,br,pt,
itapoanfm.com.br,robots_unavailable,remainder,Q10304225,br,pt,
itarantim.ba.io.org.br,robots_unavailable,remainder,Q124935295,br,pt,
itegam-jetia.org,robots_unavailable,remainder,ITEGAM- Journal of Engineering and Technology for Industrial Applications (ITEGAM-JETIA),br,,
itergateway.org,robots_unavailable,remainder,Aestimatio : Critical Reviews in the History of Science,ca,en,
itinerarios.uw.edu.pl,robots_unavailable,remainder,Itinerarios,pl,es,
itiszuccante.edu.it,robots_unavailable,remainder,Lo Zuccantino,it,it,
itl.waw.pl,robots_unavailable,remainder,Telekomunikacja i Techniki Informacyjne,pl,pl,
itp.ifsp.edu.br,robots_unavailable,remainder,Revista Hipótese,br,pt,
itpro.no,robots_unavailable,remainder,Q56404305,no,no,
itssi-journal.com,robots_unavailable,remainder,Innovative Technologies and Scientific Solutions for Industries,ua,,
itumbiara.com.br,robots_unavailable,remainder,Q124935301,br,pt,
itv6.jp,robots_unavailable,remainder,i-Television,jp,ja,
itvbrasil.tv.br,robots_unavailable,remainder,ITV Brasil,br,pt,
itvn.pl,robots_unavailable,remainder,TVN International,pl,pl,
itvnextra.pl,robots_unavailable,remainder,TVN International Extra,pl,pl,
iuggu.ru,robots_unavailable,remainder,Izvestiâ Uralʹskogo Gosudarstvennogo Gornogo Universiteta,ru,ru,
iuldash-t.ru,robots_unavailable,remainder,Q20596885,ru,ru,
iuldash.ru,robots_unavailable,remainder,Q20596885,ru,ru,
iurc.edu.pk,robots_unavailable,remainder,South Asian Journal of Management Sciences,pk,en,
ivespri.it,robots_unavailable,remainder,I Vespri,it,it,
iwanami.co.jp,robots_unavailable,remainder,Sekai,jp,ja,
iy.fi,robots_unavailable,remainder,Q138704460,fi,fi,
iz.sp.gov.br,robots_unavailable,remainder,Boletim de Indústria Animal,br,pt,
izp.al.gov.br,robots_unavailable,remainder,Q10365757,br,pt,
izqrepublicana.es,robots_unavailable,remainder,Política,es,es,
izquierdas.cl,robots_unavailable,remainder,Izquierdas,cl,es,
izs.it,robots_unavailable,remainder,Veterinaria Italiana,it,it,
izvestia.asu.ru,robots_unavailable,remainder,Izvestiya of Altai State University,ru,ru,
j-ets.net,robots_unavailable,remainder,Educational Technology & Society,ca,en,
j-pcs.org,robots_unavailable,remainder,Journal of the Practice of Cardiovascular Sciences,in,en,
jaaas.eu,robots_unavailable,remainder,Journal of the Austrian Association for American Studies,at,en,
jab.scholasticahq.com,robots_unavailable,remainder,Journal of Applied Bioanalysis,nl,en,
jable.ulpgc.es,robots_unavailable,remainder,Gaceta de Arte,es,es,
jachting.pl,robots_unavailable,remainder,Q11715730,pl,pl,
jackbran.com.br,robots_unavailable,remainder,Lumen et Virtus,br,pt,
jacm.scu.ac.ir,robots_unavailable,remainder,Journal of Applied and Computational Mechanics,ir,en,
jadweb.org,robots_unavailable,remainder,Journal of Acute Disease,in,en,
jafeb.org,robots_unavailable,remainder,"Journal of Asian Finance, Economics and Business",kr,en,
jaguaquara.ba.io.org.br,robots_unavailable,remainder,Q124935306,br,pt,
jakartashimbun.com,robots_unavailable,remainder,The Daily Jakarta Shimbun,id,,
jam.biam.ac.cn,robots_unavailable,remainder,Journal of Aeronautical Materials,cn,zh,
janimscitechnol.com,robots_unavailable,remainder,Journal of animal science and technology,kr,en,
janusdigital.es,robots_unavailable,remainder,Janus: Estudios sobre el Siglo de Oro,es,es,
japanese.beijingreview.com.cn,robots_unavailable,remainder,Beijing Review,cn,en,
japmnt.com,robots_unavailable,remainder,Journal of Process Management. New Technologies,rs,en,
jar.cu.edu.eg,robots_unavailable,remainder,Journal of advanced research,nl,en,
jard.edu.pl,robots_unavailable,remainder,Journal of Agribusiness and Rural Development,pl,pl,
jard.pl,robots_unavailable,remainder,Radio Jard,pl,pl,
jardincanario.org,robots_unavailable,remainder,Botanica Macaronesica,es,es,
jart.biu.ac.il,robots_unavailable,remainder,Ars Judaica: The Bar-Ilan Journal of Jewish Art,il,en,
jasperbooster.com,robots_unavailable,remainder,Jasper Booster,ca,,
jast.kr,robots_unavailable,remainder,Journal of animal science and technology,kr,en,
jazz.fm,robots_unavailable,remainder,CJRT-FM,ca,,
jb.com.br,robots_unavailable,remainder,Jornal do Brasil,br,pt,
jbppni.com,robots_unavailable,remainder,Journal of Cancer Research and Therapeutics,in,en,
jbrj.gov.br,robots_unavailable,remainder,Archivos do Jardim Botânico do Rio de Janeiro,br,pt,
jcam.com.br,robots_unavailable,remainder,Q18244723,br,pt,
jcarr.in,robots_unavailable,remainder,Journal of Clinical Advances and Research Reviews,in,en,
jccpractice.com,robots_unavailable,remainder,Journal of Contemporary Clinical Practice,ro,en,
jcd.org.in,robots_unavailable,remainder,Journal of Cutaneous and Aesthetic Surgery,in,en,
jcda.ca,robots_unavailable,remainder,Journal of the Canadian Dental Association,ca,en,
jcepm.com,robots_unavailable,remainder,Computational Engineering and Physical Modeling,ir,en,
jcesc.um.ac.ir,robots_unavailable,remainder,Pizhūhishhā-yi zirā̒ī-i Īrān,ir,fa,
jcimjournal.com,robots_unavailable,remainder,Zhong xi yi jie he xue bao,cn,en,
jcmr.um.ac.ir,robots_unavailable,remainder,Journal of Cell and Molecular Research,ir,en,
jcoagri.uobaghdad.edu.iq,robots_unavailable,remainder,The Iraqi Journal of Agricultural science,iq,en,
jcomss.fesb.unist.hr,robots_unavailable,remainder,Journal of Communications Software and Systems,hr,en,
jconline.ne10.uol.com.br,robots_unavailable,remainder,Q10308498,br,pt,
jcpconline.org,robots_unavailable,remainder,Journal of clinical and preventive cardiology,in,en,
jcset.mcu.edu.tw,robots_unavailable,remainder,Journal of Computer Science and Educational Technology,tw,zh,
jcsjournal.org,robots_unavailable,remainder,Journal of Clinical Sciences,in,en,
jcubic.pl,robots_unavailable,remainder,Głównie JavaScript,pl,pl,
jcvis.com,robots_unavailable,remainder,Journal of Craniovertebral Junction and Spine,in,en,
jcytol.org,robots_unavailable,remainder,Journal of Cytology,in,en,
jdionline.org,robots_unavailable,remainder,Journal of Dental Implants,in,en,
jdm.tums.ac.ir,robots_unavailable,remainder,Journal of Dentistry for the Tehran University of Medical Sciences,ir,en,
jdmdonline.com,robots_unavailable,remainder,Journal of diabetes and metabolic disorders,ir,en,
jdrr.org,robots_unavailable,remainder,Journal of Dental Research and Review,in,en,
jdt.tums.ac.ir,robots_unavailable,remainder,Journal of Dentistry of Tehran University of Medical Sciences,ir,en,
jebmh.com,robots_unavailable,remainder,Journal of Evidence Based Medicine and Healthcare,in,en,
jedep.spiruharet.ro,robots_unavailable,remainder,"Journal of Economic Development, Environment and People",ro,en,
jednota.pl,robots_unavailable,remainder,Q11723888,pl,pl,
jeevan.tv,robots_unavailable,remainder,Jeevan TV,in,,
jehp.net,robots_unavailable,remainder,Journal of education and health promotion,in,en,
jems.sciview.net,robots_unavailable,remainder,Economics Management and Sustainability,pl,en,
jeps.efpsa.org,robots_unavailable,remainder,Journal of European Psychology Students,be,en,
jesd-online.com,robots_unavailable,remainder,Journal of Economic and Social Development (Varaždin),hr,en,
jestec.taylors.edu.my,robots_unavailable,remainder,Journal of Engineering Science and Technology,my,en,
jetixplay.tv,robots_unavailable,remainder,Jetix Play,ro,,
jewel105.com,robots_unavailable,remainder,CKHY-FM,ca,,
jewishstudies.pl,robots_unavailable,remainder,Studia Judaica,pl,en,
jezyk-polski.pl,robots_unavailable,remainder,Język Polski,pl,pl,
jfconline.com,robots_unavailable,remainder,Journal of Family and Community Medicine,in,en,
jfdaily.com,robots_unavailable,remainder,Jiefang Daily,cn,,
jfeed.com,robots_unavailable,remainder,JFEED,il,en,
jfmed.uniba.sk,robots_unavailable,remainder,Acta Medica Martiniana,sk,en,
jfmpc.com,robots_unavailable,remainder,Journal of family medicine and primary care,in,en,
jfrm.ru,robots_unavailable,remainder,Foods and Raw Materials,ru,en,
jfsf.eu,robots_unavailable,remainder,"Journal of Frailty, Sarcopenia and Falls",gr,en,
jfsmonline.com,robots_unavailable,remainder,Journal of Forensic Science and Medicine,in,en,
jgid.org,robots_unavailable,remainder,Journal of Global Infectious Diseases,in,en,
jgmh.org,robots_unavailable,remainder,Journal of Geriatric Mental Health,in,en,
jhd.iaushk.ac.ir,robots_unavailable,remainder,Journal of Herbal Drugs,ir,en,
jhrsonline.org,robots_unavailable,remainder,Journal of Human Reproductive Sciences,in,en,
jhs.pharm.or.jp,robots_unavailable,remainder,Journal of Health Science,jp,en,
jhs.um.ac.ir,robots_unavailable,remainder,Majallah-i ̒Ulum-i Bāghbānī,ir,fa,
jhsme.muq.ac.ir,robots_unavailable,remainder,"Health, Spirituality and Medical Ethics",ir,en,
jhsonline.org,robots_unavailable,remainder,Journal of Hebrew Scriptures,ca,en,
jiaphd.org,robots_unavailable,remainder,Journal of Indian Association of Public Health Dentistry,in,en,
jiaps.com,robots_unavailable,remainder,Journal of Indian Association of Pediatric Surgeons,in,en,
jiems-journal.org,robots_unavailable,remainder,Journal of Inborn Errors of Metabolism and Screening,br,en,
jiis.uinsa.ac.id,robots_unavailable,remainder,Journal of Indonesian Islam,id,en,
jims.e-migration.ro,robots_unavailable,remainder,Journal of Identity and Migration Studies,ro,en,
jinacoin.ne.jp,robots_unavailable,remainder,JinaCoin,jp,ja,
jinmanhua.com.cn,robots_unavailable,remainder,Q10901042,cn,zh,
jisponline.com,robots_unavailable,remainder,Journal of Indian Society of Periodontology,in,en,
jisppd.com,robots_unavailable,remainder,Journal of Indian Society of Pedodontics and Preventive Dentistry,in,en,
jissen.repo.nii.ac.jp,robots_unavailable,remainder,"Kosetsu Memorial Museum, Jissen Women's University",jp,ja,
jissn.com,robots_unavailable,remainder,Journal of the Iranian Chemical Society,ir,en,
jkcvs.kscvs.org,robots_unavailable,remainder,Journal of cerebrovascular and endovascular neurosurgery,kr,en,
jknglobalgroup.com,robots_unavailable,remainder,JKN18,th,,
jkns.or.kr,robots_unavailable,remainder,Journal of Korean Neurosurgical Society,kr,en,
jksb.com.cn,robots_unavailable,remainder,Jiankang Shibao,cn,zh,
jle.hse.ru,robots_unavailable,remainder,Journal of Language and Education,ru,en,
jlm.ipipan.waw.pl,robots_unavailable,remainder,Journal of Language Modelling,pl,en,
jlponline.org,robots_unavailable,remainder,Journal of Machine Learning Research,in,en,
jlta.iauctb.ac.ir,robots_unavailable,remainder,Journal of Linear and Topological Algebra,ir,en,
jm.um.ac.ir,robots_unavailable,remainder,Pizhūhish va barnāmah/rīzī-i rūstāyī,ir,fa,
jmas.in,robots_unavailable,remainder,Journal of Medical and Allied Sciences,in,en,
jmed.ssu.ac.ir,robots_unavailable,remainder,Journal of Medical Education and Development,ir,fa,
jmes.ump.edu.my,robots_unavailable,remainder,Journal of Mechanical Engineering and Sciences,my,en,
jmhhb.org,robots_unavailable,remainder,Journal of Mental Health and Human Behaviour,in,en,
jmidlifehealth.org,robots_unavailable,remainder,Journal of Mid-life Health,in,en,
jmidonline.org,robots_unavailable,remainder,Journal of Microbiology and Infectious Diseases,tr,en,
jmp.org.in,robots_unavailable,remainder,Journal of Medical Physics,in,en,
jmrt.com.br,robots_unavailable,remainder,Journal of Materials Research and Technology,br,en,
jms.uwinnipeg.ca,robots_unavailable,remainder,Journal of Mennonite Studies,ca,en,
jmss.org,robots_unavailable,remainder,Journal of Military and Strategic Studies,ca,,
jnaccjournal.org,robots_unavailable,remainder,Journal of neuroanaesthesiology and critical care,in,en,
jnpae.kinr.kiev.ua,robots_unavailable,remainder,Âderna Fìzika ta Energetika,ua,uk,
jnrd.info,robots_unavailable,remainder,Journal of Natural Resources and Development,cl,en,
joass.com,robots_unavailable,remainder,Journal of Obstetric Anaesthesia and Critical Care,in,en,
joc.inio.ac.ir,robots_unavailable,remainder,Uqyānūs/shināsī,ir,fa,
joe.be,robots_unavailable,remainder,JOE,be,nl,
joet.org,robots_unavailable,remainder,Journal of Ocean Engineering and Technology,kr,,
jofs.in,robots_unavailable,remainder,Journal of orofacial sciences,in,en,
johoe.kmu.ac.ir,robots_unavailable,remainder,Journal of Oral Health and Oral Epidemiology,ir,en,
jois.eu,robots_unavailable,remainder,Journal of International Studies,pl,en,
jol343.com,robots_unavailable,remainder,Chinese Journal of Oceanology and Limnology,cn,en,
jolf.co.jp,robots_unavailable,remainder,Nippon Broadcasting System,jp,ja,
joltida.org,robots_unavailable,remainder,Journal of Learning and Teaching in Digital Age,tr,tr,
joongang.co.kr,robots_unavailable,remainder,The Joong-ang Ilbo,kr,en,
jorf.co.jp,robots_unavailable,remainder,Radio Nippon,jp,ja,
jornada.unam.mx,robots_unavailable,remainder,La Jornada de Oriente,mx,es,
jornal.usp.br,robots_unavailable,remainder,Jornal da USP,br,pt,
jornalminasgerais.mg.gov.br,robots_unavailable,remainder,Q124935261,br,pt,
jorr.org,robots_unavailable,remainder,Journal of Oral Research and Review,in,en,
jorthodsci.org,robots_unavailable,remainder,Journal of Orthodontic Science,in,en,
josr-online.com,robots_unavailable,remainder,Journal of Pakistan Psychiatric Society,pk,en,
journal-aprie.com,robots_unavailable,remainder,Journal of Applied Research on Industrial Engineering,ir,en,
journal-bcs.com,robots_unavailable,remainder,Journal of the Brazilian Computer Society,br,en,
journal-biogen.org,robots_unavailable,remainder,Journal of Bioinformatics and Genomics,es,en,
journal-discourse.com,robots_unavailable,remainder,Educational Discourse: Collection of Scientific Papers,ua,,
journal-grsmu.by,robots_unavailable,remainder,Žurnal Grodnenskogo Gosudarstvennogo Medicinskogo Universiteta,by,ru,
journal-imab-bg.org,robots_unavailable,remainder,Journal of IMAB,bg,en,
journal-jger.com,robots_unavailable,remainder,Journal of Global Entrepreneurship Research,ir,en,
journal-redescriptions.org,robots_unavailable,remainder,Redescriptions Political Thought Conceptual History and Feminist Theory,fi,en,
journal-s.org,robots_unavailable,remainder,Nauka Krasnoârʹâ,ru,,
journal-spqeo.org.ua,robots_unavailable,remainder,"Semiconductor Physics, Quantum Electronics & Optoelectronics",ua,en,
journal-stomatolog.by,robots_unavailable,remainder,Stomatologist Minsk,by,ru,
journal.asu.ru,robots_unavailable,remainder,Turczaninowia,ru,en,
journal.ean.edu.co,robots_unavailable,remainder,Revista Escuela de Administracion de Negocios,co,es,
journal.einstein.br,robots_unavailable,remainder,Einstein / Instituto de Ensino e Pesquisa Albert Einstein,br,en,
journal.espe.edu.ec,robots_unavailable,remainder,Maskay,ec,es,
journal.fk.unpad.ac.id,robots_unavailable,remainder,International Journal of Integrated Health Sciences,za,en,
journal.frontiersin.org,robots_unavailable,remainder,Frontiers in Neuroscience,ch,en,
journal.fsst.ca,robots_unavailable,remainder,Canadian Young Scientist Journal,ca,en,
journal.hep.com.cn,robots_unavailable,remainder,Frontiers of Agricultural Science and Engineering,cn,en,
journal.icter.org,robots_unavailable,remainder,The International Journal on Advances in ICT for Emerging Regions,lk,en,
journal.info.unlp.edu.ar,robots_unavailable,remainder,Journal of Computer Science and Technology,ar,en,
journal.ippi.ac.ir,robots_unavailable,remainder,Iranian Polymer Journal,ir,en,
journal.ispri.ro,robots_unavailable,remainder,Romanian Review of Political Sciences and International Relations,ro,en,
journal.lib.uoguelph.ca,robots_unavailable,remainder,Partnership: the Canadian journal of library and information practice and research,ca,en,
journal.muq.ac.ir,robots_unavailable,remainder,Majallah-i Dānishgāh-i ̒Ulūm-i Pizishkī-i Qum,ir,fa,
journal.nndiuvi.org.ua,robots_unavailable,remainder,Ukrainian Studies,ua,uk,
journal.nums.ac.ir,robots_unavailable,remainder,Majallah-i Dānishkadah-i ̒ulūm-i Pizishkī-i Niyshābūr,ir,fa,
journal.ovcharov.institute,robots_unavailable,remainder,Unknown Orator,ua,uk,
journal.poligran.edu.co,robots_unavailable,remainder,Panorama,co,es,
journal.rniito.org,robots_unavailable,remainder,Travmatologiâ i Ortopediâ Rossii,ru,ru,
journal.tinkoff.ru,robots_unavailable,remainder,T—J,ru,ru,
journal.ue-varna.bg,robots_unavailable,remainder,Izvestiya: Journal of Varna University of Economics,bg,en,
journal.uia.no,robots_unavailable,remainder,Early Modern Culture Online,no,en,
journal.uob.edu.pk,robots_unavailable,remainder,Al-Burz,pk,en,
journal.utem.edu.my,robots_unavailable,remainder,Journal of Mechanical Engineering and Technology,my,en,
journal.young-scientists.eu,robots_unavailable,remainder,Challenges of Modern Technology,pl,en,
journaldatabase.info,robots_unavailable,remainder,ASEAS - Austrian Journal of South-East Asian Studies,at,,
journalhealthsciences.com,robots_unavailable,remainder,Revista Facultad de Ciencias de la Salud UDES,co,es,
journaliji.org,robots_unavailable,remainder,International Journal of Innovation,br,en,
journalist-virt.ru,robots_unavailable,remainder,journalist-virt.ru,ru,ru,
journalisten.no,robots_unavailable,remainder,Journalisten,no,nb,
journalmeshalkin.ru,robots_unavailable,remainder,Circulation Pathology and Cardiac Surgery,ru,en,
journalofdiabetology.org,robots_unavailable,remainder,Journal of Diabetology,in,en,
journalofdigitalhistory.org,robots_unavailable,remainder,Journal of Digital History,lu,en,
journalofmas.com,robots_unavailable,remainder,Journal of Minimal Access Surgery,in,en,
journalofoptometry.org,robots_unavailable,remainder,Journal of Optometry,es,en,
journalpioneer.com,robots_unavailable,remainder,Journal Pioneer,ca,,
journalpmn.ru,robots_unavailable,remainder,Problemy Muzykalʹnoj Nauki (Ufa),ru,ru,
journals-sol.sbc.org.br,robots_unavailable,remainder,iSys,br,pt,
journals.aseiacademic.org,robots_unavailable,remainder,International Journal of Social and Educational Innovation,ro,en,
journals.australianmuseum.net.au,robots_unavailable,remainder,Records of the Australian Museum,au,en,
journals.bg.agh.edu.pl,robots_unavailable,remainder,Computer Science,pl,en,
journals.cambridge.org,robots_unavailable,remainder,The Canadian Entomologist,ca,en,
journals.continental.edu.pe,robots_unavailable,remainder,Apuntes de Ciencia y Sociedad,pe,es,
journals.eco-vector.com,robots_unavailable,remainder,Ecological Genetics,ru,ru,
journals.iium.edu.my,robots_unavailable,remainder,International Medical Journal Malaysia,my,en,
journals.istu.edu,robots_unavailable,remainder,Vestnik Irkutskogo gosudarstvennogo tehniceskogo universiteta,ru,ru,
journals.library.ualberta.ca,robots_unavailable,remainder,Journal of Pharmacy and Pharmaceutical Sciences,ca,en,
journals.ltn.lodz.pl,robots_unavailable,remainder,Przegląd Socjologiczny,pl,pl,
journals.lww.com,robots_unavailable,remainder,Journal of Cancer Research and Therapeutics,in,en,
journals.mejsp.com,robots_unavailable,remainder,Arab Humanities Journal,jo,en,
journals.nauss.edu.sa,robots_unavailable,remainder,Arab Journal of Forensic Sciences & Forensic Medicine,za,ar,
journals.nsu.ru,robots_unavailable,remainder,Mir Èkonomiki i Upravleniâ,ru,ru,
journals.phil.muni.cz,robots_unavailable,remainder,Studia historica Brunensia,cz,cs,
journals.polito.it,robots_unavailable,remainder,European Journal of Spatial Development,it,en,
journals.psn.pl,robots_unavailable,remainder,Archives of Control Sciences,pl,en,
journals.qu.edu.qa,robots_unavailable,remainder,International Review of Law,qa,,
journals.rifst.ac.ir,robots_unavailable,remainder,Pizhūhish va Nuāvarī dar ̒Ulūm va Sanāyi̒-i Ghaz̠āyī,ir,fa,
journals.rtu.lv,robots_unavailable,remainder,Baltic Journal of Real Estate Economics and Construction Management,lv,en,
journals.saintgits.org,robots_unavailable,remainder,International Journal of Research and Innovations in Science and Technology,in,en,
journals.sbmu.ac.ir,robots_unavailable,remainder,Iranian endodontic journal,ir,en,
journals.seedmedicalpublishers.com,robots_unavailable,remainder,Reviews in health care,it,,
journals.sospublication.co.in,robots_unavailable,remainder,Advances in BioScience,in,en,
journals.ssau.ru,robots_unavailable,remainder,Journal of Biomedical Photonics & Engineering,ru,en,
journals.tmkarpinski.com,robots_unavailable,remainder,Journal of Biology and Earth Sciences,pl,,
journals.tums.ac.ir,robots_unavailable,remainder,Iranian journal of environmental health science & engineering,ir,en,
journals.uab.pt,robots_unavailable,remainder,Revista de Ciências da Computação,pt,pt,
journals.ufro.cl,robots_unavailable,remainder,Fronteras: Revista de Ciencias Sociales y Humanidades,cl,es,
journals.ufrpe.br,robots_unavailable,remainder,Journal of Environmental Analysis and Progress,br,en,
journals.ufs.ac.za,robots_unavailable,remainder,Acta Structilia,za,en,
journals.uio.no,robots_unavailable,remainder,Acta Orientalia,hu,en,
journals.ukma.edu.ua,robots_unavailable,remainder,Naukovì Zapiski NaUKMA: Ekonomìčnì Nauki,ua,uk,
journals.ukzn.ac.za,robots_unavailable,remainder,Journal for the Study of Religion,za,en,
journals.um.si,robots_unavailable,remainder,Revija za Elementarno Izobraževanje,si,sl,
journals.uniurb.it,robots_unavailable,remainder,Linguae &. Rivista di Lingue e Culture Moderne,it,it,
journals.upd.edu.ph,robots_unavailable,remainder,Science Diliman,ph,en,
journals.urfu.ru,robots_unavailable,remainder,Izvestia. Ural Federal University Journal. Series 2: Humanities and Arts,ru,ru,
journals.us.edu.pl,robots_unavailable,remainder,Review of International American Studies,it,en,
journalsi.org,robots_unavailable,remainder,Journal of Social Intervention: Theory and Practice,nl,en,
journalsport.ru,robots_unavailable,remainder,Pedagogiko-psihologičeskie i Mediko-biologičeskie Problemy Fizičeskoj Kulʹtury i Sporta,ru,ru,
journaltop.com,robots_unavailable,remainder,Neumann Business Review,pe,es,
jovempanfm.uol.com.br,robots_unavailable,remainder,Jovem Pan FM,br,pt,
joyfm.ca,robots_unavailable,remainder,CIXN-FM,ca,,
jozan.net,robots_unavailable,remainder,Jozan Magazine,dk,en,
jpatholtm.org,robots_unavailable,remainder,Journal of pathology and translational medicine,kr,en,
jpbsonline.org,robots_unavailable,remainder,Journal of Pharmacy and Bioallied Sciences,in,en,
jped.com.br,robots_unavailable,remainder,Jornal de pediatria,br,pt,
jpgmonline.com,robots_unavailable,remainder,Journal of Postgraduate Medicine,in,en,
jphs.ir,robots_unavailable,remainder,Journal of Pharmaceutical and Health Sciences,ir,en,
jpm.umk.pl,robots_unavailable,remainder,Journal of Positive Management,pl,en,
jpmb-gabit.ir,robots_unavailable,remainder,Journal of Plant Molecular Breeding,ir,en,
jpmph.org,robots_unavailable,remainder,Journal of Preventive Medicine and Public Health,kr,en,
jpmsonline.com,robots_unavailable,remainder,Journal of Pakistan Medical Students,pk,en,
jpp.um.ac.ir,robots_unavailable,remainder,Majallah-i ḥifāẓat-i giyāhān,ir,fa,
jppres.com,robots_unavailable,remainder,Journal of Pharmacy & Pharmacognosy Research,cl,,
jpps.com.pk,robots_unavailable,remainder,Journal of Pakistan Psychiatric Society,pk,en,
jpr.vyomhansjournals.com,robots_unavailable,remainder,"Graduate Journal of Interdisciplinary Research, Reports & Reviews",in,en,
jps.bham.ac.uk,robots_unavailable,remainder,Journal of Philosophy in Schools,au,en,
jrconsumers.com,robots_unavailable,remainder,Journal of Research for Consumers,nz,en,
jrfm.com,robots_unavailable,remainder,CJJR-FM,ca,,
jrfm.eu,robots_unavailable,remainder,"Journal for Religion, Film and Media",at,en,
jrnl.nau.edu.ua,robots_unavailable,remainder,Vìsnik Nacìonalʹnogo Avìacìjnogo Unìversitetu,ua,uk,
jrtv.jo,robots_unavailable,remainder,Jordan Radio and Television Corporation,jo,,
jsaa.ac.za,robots_unavailable,remainder,Journal of Student Affairs in Africa,za,en,
jsac.or.jp,robots_unavailable,remainder,Analytical Sciences,jp,en,
jsai.huji.ac.il,robots_unavailable,remainder,Jerusalem Studies in Arabic and Islam,il,en,
jsce-int.org,robots_unavailable,remainder,JSCE Journal of Construction Engineering and Management,jp,,
jscientia.org,robots_unavailable,remainder,Juvenis Scientia,ru,,
jscisociety.com,robots_unavailable,remainder,Journal of the Scientific Society,in,en,
jsdrm.ru,robots_unavailable,remainder,Strategičeskie Rešeniâ i Risk-Menedžment,ru,ru,
jsdtl.sciview.net,robots_unavailable,remainder,Journal of Sustainable Development of Transport and Logistics,ua,en,
jsiane.com,robots_unavailable,remainder,Journal of Science Innovations and Nature of Earth,in,en,
jsnm.org,robots_unavailable,remainder,Annals of Nuclear Medicine,jp,en,
jsoftcivil.com,robots_unavailable,remainder,Journal of Soft Computing in Civil Engineering,ir,en,
jspb.ru,robots_unavailable,remainder,Journal of Stress Physiology & Biochemistry,ru,ru,
jsports.uol.com.br,robots_unavailable,remainder,Jornal dos Sports,br,pt,
jsrpublishing.com,robots_unavailable,remainder,Junior Scientific Researcher,ro,en,
jssa.info,robots_unavailable,remainder,Journal of Sonic Arts,jp,en,
jsser.org,robots_unavailable,remainder,Journal of Social Studies Education Research,tr,en,
jsw.um.ac.ir,robots_unavailable,remainder,Majallah-i āb va Khāk,ir,fa,
jtbc.joins.com,robots_unavailable,remainder,JTBC,kr,,
jtbcgolfnsports.joins.com,robots_unavailable,remainder,JTBC Sports,kr,,
jthsm.gr,robots_unavailable,remainder,"Journal of Tourism, Heritage & Services Marketing",gr,en,
jtr.urfu.ru,robots_unavailable,remainder,Journal of Tax Reform,ru,ru,
jtransplantologiya.ru,robots_unavailable,remainder,Transplantologiâ,ru,ru,
jtte.chd.edu.cn,robots_unavailable,remainder,Journal of Traffic and Transportation Engineering (English ed. Online),cn,en,
juarezhoy.com.mx,robots_unavailable,remainder,Juárez Hoy,mx,es,
juazeiro.ce.gov.br,robots_unavailable,remainder,Q124935324,br,pt,
juicebox.stingray.com,robots_unavailable,remainder,Stingray Juicebox,ca,,
jultrason.pl,robots_unavailable,remainder,Journal of Ultrasonography : official publication of Polish Ultrasound Society / Red. nacz. Iwona Sudoł-Szopińska,pl,pl,
juridicas.ucaldas.edu.co,robots_unavailable,remainder,Jurídicas CUC,co,en,
jurvestnik.psu.ru,robots_unavailable,remainder,Q96734890,ru,ru,
jvascbras.com.br,robots_unavailable,remainder,Jornal Vascular Brasileiro,br,pt,
jvcp.iaut.ac.ir,robots_unavailable,remainder,Āsīb/shināsī-i Darmāngāhī-i Dāmpizishkī,ir,fa,
k-k-k.net.ua,robots_unavailable,remainder,Q132055641,ua,uk,
k-vision.tv,robots_unavailable,remainder,K-Vision,id,,
kaakai.in,robots_unavailable,remainder,KAAKAI Newspaper,in,,
kab.co.jp,robots_unavailable,remainder,Kumamoto Asahi Broadcasting,jp,ja,
kackartv.com.tr,robots_unavailable,remainder,Kaçkar TV,tr,tr,
kaczordonald.pl,robots_unavailable,remainder,Q1229040,pl,pl,
kairalitv.in,robots_unavailable,remainder,Kairali TV,in,,
kalliopex.com,robots_unavailable,remainder,Kalliope X,au,en,
kalmarposten.se,robots_unavailable,remainder,Q10542886,se,sv,
kamakurafm.co.jp,robots_unavailable,remainder,Q11650855,jp,ja,
kamgifk.ru,robots_unavailable,remainder,Pedagogiko-psihologičeskie i Mediko-biologičeskie Problemy Fizičeskoj Kulʹtury i Sporta,ru,ru,
kamloopsthisweek.com,robots_unavailable,remainder,Kamloops This Week,ca,en,
kanal1.com.tr,robots_unavailable,remainder,Kanal 1 Türkiye,tr,tr,
kanal16.com.tr,robots_unavailable,remainder,Kanal 16,tr,tr,
kanal5.com.tr,robots_unavailable,remainder,Kanal 5,tr,tr,
kanal9.ch,robots_unavailable,remainder,Q2935895,ch,,
kanalb.com.tr,robots_unavailable,remainder,Kanal B,tr,tr,
kanashen.ru,robots_unavailable,remainder,Q22918072,ru,ru,
kanazawa-seasidefm.co.jp,robots_unavailable,remainder,Q119658824,jp,ja,
kaos911.com,robots_unavailable,remainder,CKOS-FM,ca,,
kapital.no,robots_unavailable,remainder,Kapital (magazine),no,no,
kappafm.com,robots_unavailable,remainder,Q11290587,jp,,
kapu.biz,robots_unavailable,remainder,Q1104351,hu,hu,
karadeniztv.com.tr,robots_unavailable,remainder,Karadeniz TV,tr,tr,
kartengeschichte.ch,robots_unavailable,remainder,Cartographica Helvetica,ch,de,
katalog.czasopism.pl,robots_unavailable,remainder,Nowe Książki,pl,pl,
kaupunkilehtiankkuri.fi,robots_unavailable,remainder,Q5406717,fi,fi,
kaypunku.com,robots_unavailable,remainder,Kaypunku,pe,es,
kaz.at,robots_unavailable,remainder,kaz : Kärntner Allgemeine Zeitung,at,de,
kazamaura.jp,robots_unavailable,remainder,Kazamaura Village Cable Vision,jp,ja,
kbpravda.ru,robots_unavailable,remainder,Q130380411,ru,ru,
kedahfm.rtm.gov.my,robots_unavailable,remainder,Kedah FM,my,,
kedglobal.com,robots_unavailable,remainder,Korea Economic Daily,kr,en,
kediripedia.com,robots_unavailable,remainder,Kediripedia.com,id,,
kehittyvakauppa.fi,robots_unavailable,remainder,Q5405353,fi,fi,
keiba-ace.jp,robots_unavailable,remainder,Keiba Ace,jp,ja,
keng.iraqjournals.com,robots_unavailable,remainder,Mağallaẗ Al-kūfaẗ Al-handasiyyaẗ,iq,,
kengj.iraqjournals.com,robots_unavailable,remainder,Al-Khawarizmi Engineering Journal,iq,,
kenoraonline.com,robots_unavailable,remainder,CKQV-FM,ca,,
kentron.ifal.edu.br,robots_unavailable,remainder,Diversitas Journal,br,pt,
kermanshah.irib.ir,robots_unavailable,remainder,Zagros,ir,fa,
kermlinrussia.com,robots_unavailable,remainder,KermlinRussia,ru,ru,
keystone-sda.ch,robots_unavailable,remainder,Swiss Telegraphic Agency,ch,,
kfm.co.ug,robots_unavailable,remainder,Kfm,ug,,
kfm789.co.jp,robots_unavailable,remainder,Q11621032,jp,ja,
kfmradio.ca,robots_unavailable,remainder,CJTK-FM,ca,,
kfmradio.com,robots_unavailable,remainder,Kfm,ie,,
kh-ihpan.edu.pl,robots_unavailable,remainder,Kwartalnik Historyczny,pl,pl,
khabarovsk.md,robots_unavailable,remainder,Socio-political weekly Young Far East 21st century,ru,,
khabarsatta.com,robots_unavailable,remainder,Khabar Satta,in,,
khamenei.ir,robots_unavailable,remainder,Khamenei.ir,ir,ur,
khaskhabar.com,robots_unavailable,remainder,Khas Khabar,in,hi,
khl.ru,robots_unavailable,remainder,Q3191400,ru,ru,
kidneykorea.com,robots_unavailable,remainder,Electrolyte & blood pressure : E & BP,kr,en,
kigiran.elpub.ru,robots_unavailable,remainder,Oriental Studies,ru,ru,
kincardinenews.com,robots_unavailable,remainder,Kincardine News,ca,en,
kinoart.ru,robots_unavailable,remainder,Iskusstvo Kino (Art of Cinema),ru,ru,
kinodomowe.idg.pl,robots_unavailable,remainder,Q11739349,pl,pl,
kinotv.fi,robots_unavailable,remainder,Ruutu+ Leffat ja Sarjat,fi,fi,
kinozapiski.ru,robots_unavailable,remainder,Q19908164,ru,ru,
kirchen.net,robots_unavailable,remainder,Unser Brief. Seminarzeitschrift des Priesterseminar Salzburg,at,,
kiss.cz,robots_unavailable,remainder,Radio Kiss,cz,cs,
kiss92.sg,robots_unavailable,remainder,Kiss 92FM,sg,,
kiss959.com,robots_unavailable,remainder,CHFM-FM,ca,,
kissfm.com.au,robots_unavailable,remainder,Kiss FM Australia,au,en,
kitap.fm,robots_unavailable,remainder,Kitap radiosi,ru,,
kitlv-journals.nl,robots_unavailable,remainder,New West Indian Guide,nl,en,
kix106.net,robots_unavailable,remainder,CKKX-FM,ca,,
kjccm.org,robots_unavailable,remainder,Korean Journal of Critical Care Medicine,kr,en,
kjfm.or.kr,robots_unavailable,remainder,Korean Journal of Family Medicine,kr,en,
kjim.org,robots_unavailable,remainder,The Korean journal of internal medicine,kr,en,
kjme.kr,robots_unavailable,remainder,Korean journal of medical education,kr,en,
kjophthal.com,robots_unavailable,remainder,Kerala Journal of Ophthalmology,in,en,
kjwhn.org,robots_unavailable,remainder,Yeoseong Geon-gang Ganho Hakoeji,kr,ko,
kladensky.denik.cz,robots_unavailable,remainder,Q134368387,cz,cs,
klartale.no,robots_unavailable,remainder,Klar Tale,no,no,
klasse.be,robots_unavailable,remainder,Q2649730,be,,
klassekampen.no,robots_unavailable,remainder,Klassekampen,no,no,
klasszikradio.hu,robots_unavailable,remainder,Q20743286,hu,hu,
klaxonnew.ru,robots_unavailable,remainder,Klakson,ru,ru,
klineeditora.com,robots_unavailable,remainder,Revista Jesus Histórico,br,,
klinitsist.abvpress.ru,robots_unavailable,remainder,Klinicist,ru,ru,
klt.nu,robots_unavailable,remainder,Q10542853,se,,
klugerhans.net,robots_unavailable,remainder,Kluger Hans (tijdschrift),nl,nl,
kluweronline.com,robots_unavailable,remainder,Strength of Materials,ua,en,
kmkjournals.com,robots_unavailable,remainder,Euroasian Entomological Journal,ru,en,
knigoboz.ru,robots_unavailable,remainder,Book Review,ru,ru,
kno.pan.pl,robots_unavailable,remainder,Yearbook of Oriental Studies,pl,en,
knoozfm.net,robots_unavailable,remainder,KnOOz FM,tn,,
knos.pan.pl,robots_unavailable,remainder,Rocznik Historii Sztuki,pl,pl,
kns.cnki.net,robots_unavailable,remainder,Chinese Academic Journal (Network Edition),cn,zh,
kocaelikoz.com,robots_unavailable,remainder,Kocaelikoz.com,tr,tr,
kochinews.co.jp,robots_unavailable,remainder,Kochi Shimbun,jp,ja,
kodisa.org,robots_unavailable,remainder,East Asian Journal of Business Management,kr,en,
koenigsberger-express.com,robots_unavailable,remainder,Königsberger Express,ru,,
kofififm.org.za,robots_unavailable,remainder,Kofifi FM,za,,
kolonna.mitin.com,robots_unavailable,remainder,Mitin Journal,ru,ru,
komag.eu,robots_unavailable,remainder,Maszyny Górnicze,pl,,
komala.tv,robots_unavailable,remainder,Komala TV,iq,,
komei.or.jp,robots_unavailable,remainder,Komei Shimbun,jp,ja,
komejournal.com,robots_unavailable,remainder,KOME an international journal of pure communication inquiry / Hungarian Communication Studies Association,hu,en,
kommersant.com,robots_unavailable,remainder,Kommersant,ru,ru,
komunikacija.org.rs,robots_unavailable,remainder,Musicology,rs,en,
konkrety24.pl,robots_unavailable,remainder,Q11742548,pl,pl,
kontakty-tygodnik.com.pl,robots_unavailable,remainder,Q11743111,pl,pl,
konuralptipdergi.duzce.edu.tr,robots_unavailable,remainder,Konuralp Tip Dergisi,tr,tr,
koraplus.com,robots_unavailable,remainder,Kora Plus,eg,ar,
korpus21.cmq.edu.mx,robots_unavailable,remainder,Q116187787,mx,es,
korrespondent.net,robots_unavailable,remainder,Korrespondent,ua,ru,
koshigayafm.co.jp,robots_unavailable,remainder,Q24868926,jp,ja,
kostyor.ru,robots_unavailable,remainder,Kostyor,ru,ru,
kpakpandofm.com.ng,robots_unavailable,remainder,"101.9 – Kpakpando FM, Mbaukwu",ng,,
kpfu.ru,robots_unavailable,remainder,Učenye Zapiski Kazanskogo Gosudarstvennogo Universiteta: Seriâ Estestvennye Nauki,ru,ru,
kpravda.ru,robots_unavailable,remainder,Q4248835,ru,ru,
kralpoptv.com.tr,robots_unavailable,remainder,Kral Pop TV,tr,tr,
kraltv.com.tr,robots_unavailable,remainder,Kral TV,tr,tr,
kras-science.ru,robots_unavailable,remainder,Nauka Krasnoârʹâ,ru,ru,
krasrab.com,robots_unavailable,remainder,Krasnoyarsk worker (newspaper),ru,,
kraze1013.com,robots_unavailable,remainder,CKIK-FM,ca,,
krcp-ksn.com,robots_unavailable,remainder,Kidney Research and Clinical Practice,kr,en,
krimp.no,robots_unavailable,remainder,Q19378134,no,no,
krockrocks.com,robots_unavailable,remainder,VOCM-FM,ca,,
kronehit.at,robots_unavailable,remainder,KroneHit,at,de,
kronika.beskidzka.pl,robots_unavailable,remainder,Q11748288,pl,pl,
krttv.com.tr,robots_unavailable,remainder,KRT TV,tr,tr,
ksb.co.jp,robots_unavailable,remainder,Setonaikai Broadcasting,jp,ja,
ktcs.or.kr,robots_unavailable,remainder,The Korean journal of thoracic and cardiovascular surgery,kr,ko,
ktcvs.or.kr,robots_unavailable,remainder,The Korean journal of thoracic and cardiovascular surgery,kr,ko,
ktf.franko.lviv.ua,robots_unavailable,remainder,Journal of Physical Therapy Science,jp,en,
ktpkom.fi,robots_unavailable,remainder,Työkansan Sanomat,fi,fi,
ku.karwan.tv,robots_unavailable,remainder,Aryen TV,se,,
kubnews.ru,robots_unavailable,remainder,Kuban News,ru,ru,
kumanichi.com,robots_unavailable,remainder,Kumamoto Nichinichi Shimbun,jp,ja,
kunstjournalen.no,robots_unavailable,remainder,Q19378382,no,no,
kup.at,robots_unavailable,remainder,"Journal fuer Mineralstoffwechsel: Zeitschrift fuer Physiologie, Pathophysiologie und Klinik des Mineralstoffwechsels",at,de,
kurdsat.tv,robots_unavailable,remainder,Kurdsat,iq,,
kurier-warszawski.pl,robots_unavailable,remainder,Q11751241,pl,pl,
kurier.at,robots_unavailable,remainder,Q360136,at,de,
kurierkolejowy.eu,robots_unavailable,remainder,Q11751222,pl,pl,
kurierzawiercianski.pl,robots_unavailable,remainder,Q28672984,pl,pl,
kutaksam.karabuk.edu.tr,robots_unavailable,remainder,Tarih Kültür ve Sanat Araştırmaları Dergisi,tr,tr,
kutchmitradaily.com,robots_unavailable,remainder,Kutchmitra,in,gu,
kutv.co.jp,robots_unavailable,remainder,Television Kochi,jp,ja,
kvantik.com,robots_unavailable,remainder,Kvantik,ru,ru,
kvinnesakshistorie.no,robots_unavailable,remainder,Nylænde,no,no,
kvir.ru,robots_unavailable,remainder,Kvir,ru,ru,
kwani.org,robots_unavailable,remainder,Kwani?,ke,en,
kwartalnik.art.pl,robots_unavailable,remainder,Kwartalnik Artystyczny,pl,pl,
kznam.ru,robots_unavailable,remainder,Q4238703,ru,ru,
la-liberte.mb.ca,robots_unavailable,remainder,La Liberté,ca,fr,
la1.be,robots_unavailable,remainder,La Une,be,,
la5.it,robots_unavailable,remainder,La5,it,it,
labortoday.co.kr,robots_unavailable,remainder,Maeil Labor News,kr,ko,
labroye.ch,robots_unavailable,remainder,Q139981399,ch,fr,
labuz.art.pl,robots_unavailable,remainder,Q16621069,pl,pl,
lacapitale.be,robots_unavailable,remainder,Q2374919,be,fr,
lacerca.com,robots_unavailable,remainder,Q18644283,es,es,
laciviltacattolica.it,robots_unavailable,remainder,La Civiltà Cattolica,it,it,
laconscience.com,robots_unavailable,remainder,Conscience,cd,fr,
lacrocequotidiano.it,robots_unavailable,remainder,Q24214496,it,it,
lacronicadeleon.es,robots_unavailable,remainder,Q5792772,es,es,
ladeux.be,robots_unavailable,remainder,La Deux,be,fr,
lafionda.org,robots_unavailable,remainder,Q136490084,it,it,
lagaceta.es,robots_unavailable,remainder,La Gaceta,es,es,
lagruyere.ch,robots_unavailable,remainder,Q3209630,ch,fr,
lahora.com.gt,robots_unavailable,remainder,La Hora,gt,es,
lahuelladigital.com,robots_unavailable,remainder,La huella digital,es,es,
laindustria.pe,robots_unavailable,remainder,Q6460243,pe,es,
laindustriadechiclayo.pe,robots_unavailable,remainder,Q21573251,pe,,
lajar.cl,robots_unavailable,remainder,Latin American journal of aquatic research,cl,en,
lajeado.rs.gov.br,robots_unavailable,remainder,Q124935330,br,pt,
lake88.ca,robots_unavailable,remainder,CHLK-FM,ca,,
lakeshoreadvance.com,robots_unavailable,remainder,Lakeshore Advance,ca,en,
lalupe891.com,robots_unavailable,remainder,XHCAO-FM,mx,,
lambdaweb.org,robots_unavailable,remainder,Q12178863,es,,
lambillionea.be,robots_unavailable,remainder,Lambillionea,be,en,
lameuse.be,robots_unavailable,remainder,Q2417373,be,fr,
lameva.barcelona.cat,robots_unavailable,remainder,Q9071537,es,,
lamira.cat,robots_unavailable,remainder,La Mira,es,,
lamula.pe,robots_unavailable,remainder,Q110928301,pe,es,
lanacion.cl,robots_unavailable,remainder,La Nación,cl,es,
lanacion.com.ec,robots_unavailable,remainder,Q26315438,ec,,
lanamme.ucr.ac.cr,robots_unavailable,remainder,Métodos y Materiales,cr,es,
lancenet.com.br,robots_unavailable,remainder,Lance!,br,pt,
land.lu,robots_unavailable,remainder,d'Lëtzebuerger Land,lu,de,
landbote.ch,robots_unavailable,remainder,Der Landbote,ch,de,
landesmuseum.ktn.gv.at,robots_unavailable,remainder,Wulfenia,at,en,
lanjinger.com,robots_unavailable,remainder,Blue Whale Finance,cn,zh,
lanouvellegazette.be,robots_unavailable,remainder,Q3211129,be,fr,
laopinioncoruna.es,robots_unavailable,remainder,Q11687718,es,es,
laopiniondemalaga.es,robots_unavailable,remainder,La Opinión de Málaga,es,es,
laopiniondemurcia.es,robots_unavailable,remainder,La Opinión de Murcia,es,es,
laopinionpergamino.com.ar,robots_unavailable,remainder,Q5805304,ar,es,
lapalabradelagua.espora.org,robots_unavailable,remainder,Radio Ñomndaa,mx,,
laposta.ec,robots_unavailable,remainder,La Posta,ec,,
lapremiere.be,robots_unavailable,remainder,La Première,be,,
laprimera.pe,robots_unavailable,remainder,La Primera,pe,,
laprovince.be,robots_unavailable,remainder,Q139431740,be,fr,
laprovincia.es,robots_unavailable,remainder,La Provincia,es,es,
laradiocanaria.com,robots_unavailable,remainder,Canarias Radio,es,,
laradiotomada.cc,robots_unavailable,remainder,La Radio Tomada,sv,,
larazon.com.ar,robots_unavailable,remainder,La Razón,ar,es,
laregion.ch,robots_unavailable,remainder,Q140199091,ch,fr,
laregione.ch,robots_unavailable,remainder,LaRegione,ch,it,
larevuedurable.com,robots_unavailable,remainder,La revue durable,ch,fr,
larevuetoudi.org,robots_unavailable,remainder,Toudi,be,fr,
larivistadibergamo.it,robots_unavailable,remainder,La Rivista di Bergamo,it,it,
lasegunda.com,robots_unavailable,remainder,La Segunda,cl,es,
lasombradearteaga.segobqueretaro.gob.mx,robots_unavailable,remainder,Q125952551,mx,es,
latiendaencasa.es,robots_unavailable,remainder,La Tienda en Casa,es,es,
latina-press.com,robots_unavailable,remainder,agência latinapress,br,,
latina.pe,robots_unavailable,remainder,Latina Televisión,pe,,
latindex.org,robots_unavailable,remainder,Cuadernos del Centro de Estudios de Diseño y Comunicación,ar,es,
latindex.ucr.ac.cr,robots_unavailable,remainder,Enfermería Actual de Costa Rica,cr,es,
latindex.unam.mx,robots_unavailable,remainder,Íconos,ec,es,
latira.cat,robots_unavailable,remainder,Q9019003,es,ca,
latrama.fcpolit.unr.edu.ar,robots_unavailable,remainder,La Trama de la Comunicación,ar,,
latremenda1030am.com,robots_unavailable,remainder,XESDD-AM,mx,,
latribunadelpaisvasco.com,robots_unavailable,remainder,La Tribuna del País Vasco,es,es,
latribunadetoledo.es,robots_unavailable,remainder,La Tribuna de Toledo,es,es,
latrois.be,robots_unavailable,remainder,La Trois,be,,
lautjournal.info,robots_unavailable,remainder,L'aut'journal,ca,fr,
lautregard.info,robots_unavailable,remainder,L'Autre Regard,bf,fr,
laverdad.es,robots_unavailable,remainder,La Verdad,es,es,
lavorodirittieuropa.it,robots_unavailable,remainder,Lavoro Diritti e Europa,it,it,
lavozdeasturias.es,robots_unavailable,remainder,La Voz de Asturias,es,es,
lavozdelbajocinca.com,robots_unavailable,remainder,La Voz del Bajo Cinca,es,es,
lawmajalla.iium.edu.my,robots_unavailable,remainder,Law Majalla,my,en,
laxmasmusica.com,robots_unavailable,remainder,La X,co,,
lead.uab.pt,robots_unavailable,remainder,Revista de Ciências da Computação,pt,pt,
leadermessenger.com.au,robots_unavailable,remainder,Leader Messenger,au,,
leaderpost.com,robots_unavailable,remainder,Leader-Post,ca,en,
leaderspirit.ca,robots_unavailable,remainder,Leader Spirit,ca,,
lecho.be,robots_unavailable,remainder,L'Écho,be,fr,
leconomiste.com,robots_unavailable,remainder,L'Économiste,ma,fr,
lecturas.com,robots_unavailable,remainder,Lecturas,es,es,
lecturas.kioskoymas.com,robots_unavailable,remainder,Lecturas,es,es,
ledijournals.com,robots_unavailable,remainder,Antropologia,it,it,
legal-agenda.com,robots_unavailable,remainder,Legal Agenda,lb,ar,
legalinsight.ru,robots_unavailable,remainder,Legal Insight,ru,ru,
legend.enyinba.com,robots_unavailable,remainder,"98.3 – Legend FM, Aba",ng,,
leggo.it,robots_unavailable,remainder,Leggo,it,it,
legislacion.edomex.gob.mx,robots_unavailable,remainder,Q125952543,mx,es,
leismunicipais.com.br,robots_unavailable,remainder,Q124914107,br,pt,
leiweb.it,robots_unavailable,remainder,Lei,it,it,
lejde.be,robots_unavailable,remainder,Le Journal des enfants,be,fr,
lejournaldespoetes.be,robots_unavailable,remainder,Le Journal des poètes,be,fr,
lejpt.academicdirect.ro,robots_unavailable,remainder,Leonardo Electronic Journal of Practices and Technologies,ro,ro,
lekarzwojskowy.pl,robots_unavailable,remainder,Lekarz Wojskowy,pl,pl,
leloupfm.com,robots_unavailable,remainder,CHYC-FM,ca,,
lematin.ma,robots_unavailable,remainder,Le Matin du Sahara et du Maghreb,ma,fr,
lematinbleu.ch,robots_unavailable,remainder,Le Matin Bleu,ch,fr,
lematinhaiti.com,robots_unavailable,remainder,Le Matin,ht,fr,
lemessager.ch,robots_unavailable,remainder,Q139981416,ch,fr,
lenordvaudois.ch,robots_unavailable,remainder,Q140102143,ch,fr,
lenouvelliste.ch,robots_unavailable,remainder,Q6507379,ch,fr,
leonardo.tv,robots_unavailable,remainder,Case Design Stili,it,,
lequotidien-oran.com,robots_unavailable,remainder,Le Quotidien d'Oran,dz,fr,
lequotidien.sn,robots_unavailable,remainder,Le Quotidien,sn,fr,
ler.letras.up.pt,robots_unavailable,remainder,Sociologia: Revista da Faculdade de Letras da Universidade do Porto,pt,pt,
leregardlibre.com,robots_unavailable,remainder,Q65146517,ch,en,
leregional.ch,robots_unavailable,remainder,Le Régional,ch,fr,
lerhistoria.revues.org,robots_unavailable,remainder,Ler Historia,pt,pt,
lesabord.qc.ca,robots_unavailable,remainder,Le Sabord,ca,fr,
lesaffaires.com,robots_unavailable,remainder,Les Affaires,ca,fr,
lesedifm.co.za,robots_unavailable,remainder,Lesedi FM,za,,
leva.nu,robots_unavailable,remainder,Q10560626,se,sv,
lex-electronica.org,robots_unavailable,remainder,Lex Electronica,ca,fr,
lexplik.be,robots_unavailable,remainder,L'Explik,be,,
liberaleren.no,robots_unavailable,remainder,Liberaleren,no,no,
liberquarterly.eu,robots_unavailable,remainder,LIBER Quarterly: the journal of European research libraries,be,en,
libertaire.pagesperso-orange.fr,robots_unavailable,remainder,Alternative Libertaire,be,fr,
libertatea.ro,robots_unavailable,remainder,Libertatea,ro,ro,
libnauka.ru,robots_unavailable,remainder,Zoologicheskii Zhurnal,ru,ru,
libradio.org,robots_unavailable,remainder,Q127880367,ch,,
library.ksaa.gov.sa,robots_unavailable,remainder,Q140425683,sa,ar,
library.tnpu.edu.ua,robots_unavailable,remainder,Naukovì Zapiski Ternopìlʹsʹkogo Nacìonalʹnogo Pedagogìčnogo Unìversitetu Imenì Volodimira Gnatûka. Serìâ: Pedagogìka,ua,uk,
library.univ.kiev.ua,robots_unavailable,remainder,Vìsnik. Kiïvsʹkogo Nacìonalʹnogo Unìversitetu ìmenì Tarasa Ševčenka. Ekonomìka,ua,uk,
libraweb.net,robots_unavailable,remainder,Vichiana,it,it,
libres-ejournal.info,robots_unavailable,remainder,Libres: Library and Information Science Research Electronic Journal,sg,en,
liceoducadaosta.eu,robots_unavailable,remainder,Q140296567,it,it,
liceogalileidolo.edu.it,robots_unavailable,remainder,Q140298306,it,it,
liernett.no,robots_unavailable,remainder,Q11983944,no,nb,
lifesitenews.com,robots_unavailable,remainder,LifeSiteNews,ca,,
lifespan.it,robots_unavailable,remainder,Life Span and Disability,it,it,
lifestyle.com.au,robots_unavailable,remainder,The LifeStyle Channel,au,,
lifestyler.co.kr,robots_unavailable,remainder,O'live,kr,ko,
lifetimes.cn,robots_unavailable,remainder,Life Times,cn,zh,
lifeweek.com.cn,robots_unavailable,remainder,Sanlian Lifeweek Magazine,cn,zh,
liffeysoundfm.ie,robots_unavailable,remainder,Liffey Sound FM,ie,,
ligwalagwalafm.co.za,robots_unavailable,remainder,Ligwalagwala FM,za,,
likefm.ru,robots_unavailable,remainder,Like FM,ru,ru,
limelight-arts.com.au,robots_unavailable,remainder,Limelight,au,en,
limelightmagazine.com.au,robots_unavailable,remainder,Limelight,au,en,
limerickleader.ie,robots_unavailable,remainder,Limerick Leader,ie,en,
limnofish.org,robots_unavailable,remainder,Journal of Limnology and Freshwater Fisheries Research,tr,,
limonka.nbp-info.com,robots_unavailable,remainder,Limonka,ru,ru,
lincei.it,robots_unavailable,remainder,Q24940211,it,en,
linformazione.info,robots_unavailable,remainder,Q115219728,it,it,
ling.helsinki.fi,robots_unavailable,remainder,SKY Journal of Linguistics,fi,en,
linguistics-journal.ru,robots_unavailable,remainder,Q117886081,ru,ru,
linia.com.pl,robots_unavailable,remainder,Q16572196,pl,pl,
link.libris.kb.se,robots_unavailable,remainder,Svensk tidskrift för musikforskning. [Elektronisk resurs] = Swedish journal of music research (STM-SJM),se,sv,
link.springer.de,robots_unavailable,remainder,Plant Systematics and Evolution,at,en,
linred.es,robots_unavailable,remainder,Lingüística en la Red,es,es,
linzlandtv.at,robots_unavailable,remainder,LinzLand TV,at,de,
lionsroar.com,robots_unavailable,remainder,Lion's Roar,ca,en,
lipmag.com,robots_unavailable,remainder,Lip,au,,
lisr.ro,robots_unavailable,remainder,Studii de Biblioteconomie și Știința Informării,ro,ro,
litefm.com.my,robots_unavailable,remainder,LiteFM,my,en,
litere.uvt.ro,robots_unavailable,remainder,Romanian Journal of English Studies,pl,en,
litges.at,robots_unavailable,remainder,Etcetera (magazine),at,de,
litjournaldv.ru,robots_unavailable,remainder,Q30915138,ru,ru,
litlasso.no,robots_unavailable,remainder,Litteraturtidsskriftet Lasso,no,no,
litmedmod.ca,robots_unavailable,remainder,Revue de recherches en littératie médiatique multimodale,ca,fr,
litrossanat.com,robots_unavailable,remainder,Litros Sanat,tr,tr,
litterariapolonica.online.uni.lodz.pl,robots_unavailable,remainder,Acta Universitatis Lodziensis. Folia Litteraria Polonica,pl,en,
litteraturmagazinet.se,robots_unavailable,remainder,Q18291973,se,sv,
litustv.com.ar,robots_unavailable,remainder,Q136526271,ar,,
live885.com,robots_unavailable,remainder,CILV-FM,ca,,
live95fm.ie,robots_unavailable,remainder,Limerick's Live 95fm,ie,,
liveindia.live,robots_unavailable,remainder,Live India,in,,
lizardmagazyn.pl,robots_unavailable,remainder,Q17619374,pl,pl,
ljs.academicdirect.ro,robots_unavailable,remainder,Leonardo Journal of Sciences,ro,ro,
ljz.mx,robots_unavailable,remainder,La Jornada de Zacatecas,mx,es,
lmfm.ie,robots_unavailable,remainder,LMFM,ie,,
ln24.be,robots_unavailable,remainder,LN24,be,,
lnd.com.cn,robots_unavailable,remainder,Liaoning Daily,cn,zh,
lne.es,robots_unavailable,remainder,La Nueva España,es,es,
lnx.radioascoli.it,robots_unavailable,remainder,Radio Ascoli,it,it,
loading.com.br,robots_unavailable,remainder,Loading,br,pt,
lobservateur.sn,robots_unavailable,remainder,Q3204389,sn,fr,
local.droit.ulg.ac.be,robots_unavailable,remainder,Strategic Trade Review,be,en,
localxpress.ca,robots_unavailable,remainder,Local Xpress,ca,,
lofficielmexico.com,robots_unavailable,remainder,L'Officiel México,mx,es,
lokalna24.pl,robots_unavailable,remainder,Q11793375,pl,pl,
lokmat.news18.com,robots_unavailable,remainder,News18 Lokmat,in,,
loksansar.in,robots_unavailable,remainder,Lok Sansar,in,gu,
loksatta.com,robots_unavailable,remainder,Loksatta,in,mr,
longdom.org,robots_unavailable,remainder,Mathematica Æterna,bg,en,
los40dance.com,robots_unavailable,remainder,LOS40 Dance,es,,
los40rgv.com,robots_unavailable,remainder,XEEW-FM,mx,,
lotswife.com.au,robots_unavailable,remainder,Lot's Wife,au,en,
lotusfm.co.za,robots_unavailable,remainder,Lotus FM,za,,
loud.stingray.com,robots_unavailable,remainder,Stingray Loud,ca,,
loutkar.eu,robots_unavailable,remainder,Loutkář,cz,en,
loveradio.ru,robots_unavailable,remainder,Love Radio,ru,ru,
loveradiopal.50webs.com,robots_unavailable,remainder,DYEZ-FM,ph,,
loyarburok.com,robots_unavailable,remainder,LoyarBurok,my,,
lstimes.ca,robots_unavailable,remainder,LS Times TV,ca,,
lsucb.ro,robots_unavailable,remainder,Research and Science Today,ro,ro,
lt1.at,robots_unavailable,remainder,LT1,at,de,
ltn.lodz.pl,robots_unavailable,remainder,Przegląd Socjologiczny,pl,pl,
ltn.uz.zgora.pl,robots_unavailable,remainder,Rocznik Lubuski,pl,pl,
ltp.emnuvens.com.br,robots_unavailable,remainder,Leitura Teoria & Prática,br,pt,
ltv-plus.cz,robots_unavailable,remainder,Q12032410,cz,cs,
lu6.com.ar,robots_unavailable,remainder,LU 6 Emisora Atlántica,ar,,
luiseduardomagalhaes.ba.io.org.br,robots_unavailable,remainder,Q124935696,br,pt,
lumieredumonde.tv,robots_unavailable,remainder,Lumière du Monde Télévision,ci,,
lunanuova.it,robots_unavailable,remainder,Q3840627,it,it,
lunaset.it,robots_unavailable,remainder,TV Luna,it,it,
lungca.or.kr,robots_unavailable,remainder,Journal of lung cancer,kr,en,
lungca.org,robots_unavailable,remainder,Chinese Journal of Lung Cancer,cn,en,
lungindia.com,robots_unavailable,remainder,Lung India,in,en,
luradio.ca,robots_unavailable,remainder,CILU-FM,ca,,
luxe.tv,robots_unavailable,remainder,Luxe.tv,lu,,
luxprivat.lu,robots_unavailable,remainder,Q13103935,lu,de,
lwow.com.pl,robots_unavailable,remainder,Q9335221,pl,pl,
lyrs.fi,robots_unavailable,remainder,Q18680030,fi,fi,
m.actsdlsl.webnode.com,robots_unavailable,remainder,DWDS,ph,,
m24.no,robots_unavailable,remainder,Medier24,no,no,
m24tv.ma,robots_unavailable,remainder,M24 TV,ma,,
maamusic.com,robots_unavailable,remainder,Maa Music,in,,
machina.pl,robots_unavailable,remainder,Machina,pl,pl,
madgu.unison.mx,robots_unavailable,remainder,Q116187780,mx,es,
madridiario.es,robots_unavailable,remainder,Madridiario,es,es,
maeradi.net,robots_unavailable,remainder,Q11278163,jp,,
magadanpravda.ru,robots_unavailable,remainder,Magadanskaya Pravda,ru,ru,
magazine.rosaelyoussef.com,robots_unavailable,remainder,Rose al-Yūsuf,eg,ar,
magazinecontinuite.com,robots_unavailable,remainder,Continuité,ca,fr,
magazinegaspesie.ca,robots_unavailable,remainder,Magazine Gaspésie,ca,fr,
magazines.gorky.media,robots_unavailable,remainder,New Literary Observer,ru,ru,
magazyn-cegla.net,robots_unavailable,remainder,Q11689512,pl,pl,
magazyn.salamandra.org.pl,robots_unavailable,remainder,Q11765972,pl,pl,
magazynfutbol.pl,robots_unavailable,remainder,Q11765957,pl,pl,
magazynkontakt.pl,robots_unavailable,remainder,Q11743106,pl,pl,
magic103radio.com,robots_unavailable,remainder,CKRC-FM,ca,,
magic999.ca,robots_unavailable,remainder,CJUK-FM,ca,,
magichit.at,robots_unavailable,remainder,Q124833175,at,de,
magikfm.weebly.com,robots_unavailable,remainder,DXMK,ph,,
magnum999.com,robots_unavailable,remainder,DXRK,ph,,
magsura.ru,robots_unavailable,remainder,Q4446396,ru,ru,
magzter.com,robots_unavailable,remainder,Navshakti,in,mr,
mailtoday.in,robots_unavailable,remainder,Mail Today,in,en,
mairipora.sp.gov.br,robots_unavailable,remainder,Q124935701,br,pt,
malaysia-today.net,robots_unavailable,remainder,Malaysia Today,my,,
malaysianforester.my,robots_unavailable,remainder,Malaysian Forester,my,en,
malditosnerds.com,robots_unavailable,remainder,Q5978125,ar,es,
mallorca1.net,robots_unavailable,remainder,Q113956212,es,,
mallorcamagazin.com,robots_unavailable,remainder,Mallorca Magazin,es,de,
mallorcazeitung.es,robots_unavailable,remainder,Mallorca Zeitung,es,de,
malmoe.org,robots_unavailable,remainder,MALMOE,at,de,
malviknytt.no,robots_unavailable,remainder,Q136689034,no,no,
mama-tv.ru,robots_unavailable,remainder,Mama,ru,ru,
man.es,robots_unavailable,remainder,Q65947267,es,es,
managementdynamics.ro,robots_unavailable,remainder,Management Dynamics in the Knowledge Economy,ro,en,
managementinternational.ca,robots_unavailable,remainder,Management international,ca,fr,
manager.faa.ro,robots_unavailable,remainder,Manager,ro,en,
maneramagazine.es,robots_unavailable,remainder,Q141045586,es,es,
maneramagazine.mx,robots_unavailable,remainder,Q141045586,es,es,
manoramanews.com,robots_unavailable,remainder,Malayala Manorama,in,en,
maoriplus.co.nz,robots_unavailable,remainder,Te Reo,nz,,
map.ma,robots_unavailable,remainder,Maghreb Arabe Presse,ma,,
maragogipe.ba.io.org.br,robots_unavailable,remainder,Q124935705,br,pt,
marcotres.com.br,robots_unavailable,remainder,Marco Três,br,pt,
margarettadarcy.com,robots_unavailable,remainder,Radio Pirate Woman,ie,,
marikina.gov.ph,robots_unavailable,remainder,DZBF,ph,,
marinafm.com,robots_unavailable,remainder,Marina FM,kw,,
marine-fm.com,robots_unavailable,remainder,Q85881584,jp,,
marketing.expertjournals.com,robots_unavailable,remainder,Expert Journal of Marketing,ro,en,
marketingdirecto.com,robots_unavailable,remainder,Q139268075,es,,
marmarismanset.com,robots_unavailable,remainder,marmarismanset.com,tr,tr,
martyria.diecezja.elk.pl,robots_unavailable,remainder,Q16575212,pl,pl,
masmusic.fm,robots_unavailable,remainder,XHRYA-FM,mx,,
mastology.org,robots_unavailable,remainder,Mastology,br,en,
matadepera.cat,robots_unavailable,remainder,Matadepera Ràdio,es,,
matchmx.fm,robots_unavailable,remainder,MATCH FM 99.3,mx,,
materconstrucc.revistas.csic.es,robots_unavailable,remainder,Materiales de construcción,es,es,
materialisten.no,robots_unavailable,remainder,Materialisten,no,no,
math.technion.ac.il,robots_unavailable,remainder,Electronic Journal of Linear Algebra,il,en,
mathdl.maa.org,robots_unavailable,remainder,Journal of Oral and Maxillofacial Pathology,in,en,
mathmelpub.ru,robots_unavailable,remainder,Matematika i Matematičeskoe Modelirovanie,ru,ru,
mathmjournal.ru,robots_unavailable,remainder,Matematika i Matematičeskoe Modelirovanie,ru,ru,
mathnet.ru,robots_unavailable,remainder,"Vestnik Samarskogo Gosudarstvennogo Tekhnicheskogo Universiteta, Seriya Fiziko-Matematicheskie Nauki",ru,ru,
max103.com,robots_unavailable,remainder,CKOD-FM,ca,,
max1049.ca,robots_unavailable,remainder,CKBC-FM,ca,,
maxim.com.au,robots_unavailable,remainder,Maxim,au,en,
maxtv.ch,robots_unavailable,remainder,Q3302842,ch,,
mazhavilmanorama.com,robots_unavailable,remainder,Mazhavil Manorama,in,,
mazowszelok.pl,robots_unavailable,remainder,Mały Modelarz,pl,pl,
mbace.eu,robots_unavailable,remainder,Management and Business Administration. Central Europe,pl,en,
mbc.co.jp,robots_unavailable,remainder,Minaminihon Broadcasting,jp,ja,
mbcgn.kr,robots_unavailable,remainder,MBC Gyeongnam Jinju Broadcasting Center,kr,ko,
mbmj.org,robots_unavailable,remainder,International Journal of Medicine and Surgery,ma,en,
mbpapers.math.cas.cz,robots_unavailable,remainder,Mathematica Bohemica,cz,en,
mbs1179.com,robots_unavailable,remainder,MBS Radio,jp,,
mcajournal.ro,robots_unavailable,remainder,Materiale si Cercetari Arheologice,ro,ro,
mccme.ru,robots_unavailable,remainder,Matematicheskoe Prosveshchenie,ru,ru,
mceu.tv,robots_unavailable,remainder,Q21526580,tr,,
mcgilltribune.com,robots_unavailable,remainder,McGill Tribune,ca,,
mcradio.pl,robots_unavailable,remainder,Q11764842,pl,pl,
mdpub.net,robots_unavailable,remainder,International Journal of Medical Reviews and Case Reports,bg,en,
mdz-moskau.eu,robots_unavailable,remainder,Moskauer Deutsche Zeitung,ru,de,
meanjin.com.au,robots_unavailable,remainder,Meanjin,au,en,
mechanics.agh.edu.pl,robots_unavailable,remainder,Mechanics and Control,pl,pl,
med-expert.com.ua,robots_unavailable,remainder,Perinatologiâ i Pediatriâ,ua,uk,
med.puc.cl,robots_unavailable,remainder,Ars Medica,cl,,
med126.com,robots_unavailable,remainder,Chinese Journal of Lung Cancer,cn,en,
medarhive.ru,robots_unavailable,remainder,Arhivʺ Vnutrennej Mediciny,ru,ru,
medi1.com,robots_unavailable,remainder,Medi 1 radio,ma,,
medi1tv.com,robots_unavailable,remainder,Medi 1 TV,ma,,
media-publisher.eu,robots_unavailable,remainder,Synchroinfo Journal,at,,
media.gov.kw,robots_unavailable,remainder,KTV Al Qurain,kw,,
mediamusic-journal.com,robots_unavailable,remainder,Mediamuzyka,ru,ru,
mediasetplay.mediaset.it,robots_unavailable,remainder,Cine 34,it,it,
medicaljournals.se,robots_unavailable,remainder,Forum for Nordic Dermato-Venereology,se,en,
medicalmaestro.pl,robots_unavailable,remainder,Q18590891,pl,pl,
medicalsciencepulse.com,robots_unavailable,remainder,PULS UCZELNI,pl,,
mediearkivet.se,robots_unavailable,remainder,Nerikes Allehanda,se,sv,
medievalista.revues.org,robots_unavailable,remainder,Medievalista online,pt,pt,
medievalworlds.net,robots_unavailable,remainder,Medieval Worlds,at,en,
medind.nic.in,robots_unavailable,remainder,Indian Journal of Anaesthesia,in,en,
medioevi.it,robots_unavailable,remainder,Medioevi,it,it,
mediterraneanknowledge.org,robots_unavailable,remainder,Journal of Mediterranean Knowledge,it,en,
mediterranearicerchestoriche.it,robots_unavailable,remainder,Mediterranea. Ricerche Storiche,it,it,
medizin-transparent.at,robots_unavailable,remainder,Medizin transparent,at,de,
medmuzik.tv,robots_unavailable,remainder,Med Muzîk,tr,,
medradio.ma,robots_unavailable,remainder,Med Radio,ma,,
medrehab.sbmu.ac.ir,robots_unavailable,remainder,Ṭibb-i Tavānbakhshī,ir,fa,
medyayenigun.net,robots_unavailable,remainder,Medya Yenigun,tr,tr,
mega.cl,robots_unavailable,remainder,Mega,cl,,
megafm927.com,robots_unavailable,remainder,Mega FM,eg,,
megafon.no,robots_unavailable,remainder,Megafon,no,no,
megapix.globo.com,robots_unavailable,remainder,Megapix,br,,
megatv.com.br,robots_unavailable,remainder,Mega TV,br,pt,
mehfilmagazine.com,robots_unavailable,remainder,Mehfil Magazine,ca,en,
meinbezirk.at,robots_unavailable,remainder,Wiener Bezirkszeitung,at,de,
mejdd.org,robots_unavailable,remainder,Middle East journal of digestive diseases,ir,en,
mel.fm,robots_unavailable,remainder,Mel,ru,ru,
melodiastereo.com,robots_unavailable,remainder,Melodía Stereo,co,,
melodiefm.be,robots_unavailable,remainder,Q3332976,be,,
meltemtv.com.tr,robots_unavailable,remainder,Meltem TV,tr,tr,
memoria.bn.gov.br,robots_unavailable,remainder,O Jornal,br,pt,
memorias.ioc.fiocruz.br,robots_unavailable,remainder,Memórias do Instituto Oswaldo Cruz,br,en,
memoriesmediang.com,robots_unavailable,remainder,Memories 90.9 FM,ng,,
mensuhell.ciboire.com,robots_unavailable,remainder,MensuHell,ca,fr,
mental.jmir.org,robots_unavailable,remainder,JMIR Mental Health,ca,en,
met.misis.ru,robots_unavailable,remainder,Izvestiya Vysshikh Uchebnykh Zavedenii Materialy Elektronnoi Tekhniki = Materials of Electronics Engineering,ru,ru,
metaratings.ru,robots_unavailable,remainder,metaratings.ru,ru,en,
meteomedia.com,robots_unavailable,remainder,MétéoMédia,ca,,
metrofm.co.za,robots_unavailable,remainder,Metro FM,za,,
metronews.it,robots_unavailable,remainder,Metro,it,it,
metropolitanafm.uol.com.br,robots_unavailable,remainder,Metropolitana FM,br,pt,
metrotime.be,robots_unavailable,remainder,Metro,be,fr,
mfm.co.za,robots_unavailable,remainder,MFM 92.6,za,,
mgazeta.com,robots_unavailable,remainder,Youth newspaper,ru,ru,
mgmt2day.griet.ac.in,robots_unavailable,remainder,Management Today,in,en,
mgtv.com,robots_unavailable,remainder,Mango TV,cn,,
mhealth.jmir.org,robots_unavailable,remainder,JMIR mHealth and uHealth,ca,en,
mhealth.ru,robots_unavailable,remainder,Q25393536,ru,ru,
mhsa.org.au,robots_unavailable,remainder,Military Historical Society of Australia,au,,
mibes.uth.gr,robots_unavailable,remainder,MIBES Transactions On Line,gr,en,
michel-sarrazin.ca,robots_unavailable,remainder,Cahiers francophones de soins palliatifs,ca,fr,
microbecolhealthdis.net,robots_unavailable,remainder,Microbial ecology in health and disease,se,en,
mida.org.il,robots_unavailable,remainder,Mida,il,en,
midas.revues.org,robots_unavailable,remainder,MIDAS: Museus e Estudos Interdisciplinares,pt,pt,
midsundingen.no,robots_unavailable,remainder,Q87736968,no,no,
mietv.com,robots_unavailable,remainder,Mie Television Broadcasting,jp,,
migente.fm,robots_unavailable,remainder,Mi Gente TV,co,,
migotania.pl,robots_unavailable,remainder,Migotania,pl,pl,
migracionesinternacionales.colef.mx,robots_unavailable,remainder,Migraciones Internacionales,mx,es,
mikefm.ca,robots_unavailable,remainder,CKDG-FM,ca,,
milanotoday.it,robots_unavailable,remainder,MilanoToday,it,it,
millenniumdipr.com,robots_unavailable,remainder,Millennium DIPr,es,es,
milujciesie.org.pl,robots_unavailable,remainder,Love One Another,pl,pl,
minayarit.com,robots_unavailable,remainder,XHTEY-FM,mx,,
mindanews.com,robots_unavailable,remainder,MindaNews,ph,en,
mindigtv.hu,robots_unavailable,remainder,Q1177374,hu,hu,
minervamedica.it,robots_unavailable,remainder,The Journal of Cardiovascular Surgery,it,en,
mingaonline.uach.cl,robots_unavailable,remainder,Estudios Filológicos,cl,en,
minib.pl,robots_unavailable,remainder,Marketing of Scientific and Research Organisations,pl,pl,
miniminiplus.pl,robots_unavailable,remainder,MiniMini+,pl,pl,
minirex.ch,robots_unavailable,remainder,Eisenbahn-Revue International,ch,de,
minnalfm.rtm.gov.my,robots_unavailable,remainder,Minnal FM,my,,
mint.be,robots_unavailable,remainder,Q3315620,be,,
minute-hebdo.fr,robots_unavailable,remainder,Minute,il,fr,
miracle-tvplus.com,robots_unavailable,remainder,Miracle TV+,ci,,
mirf.ru,robots_unavailable,remainder,Mir Fantastiki,ru,ru,
mirrab.ru,robots_unavailable,remainder,Mirninsky Rabochy,ru,ru,
mirrativ.com,robots_unavailable,remainder,Mirrativ,jp,en,
mirrornow.in,robots_unavailable,remainder,Mirror Now,in,en,
misc.bibl.u-szeged.hu,robots_unavailable,remainder,Q25466289,hu,hu,
misionar.in.ua,robots_unavailable,remainder,Q20068609,ua,uk,
miss17.cl,robots_unavailable,remainder,Q16608050,cl,es,
missionalia.journals.ac.za,robots_unavailable,remainder,Missionalia: Southern African Journal of Missiology,za,en,
mittkongsvinger.no,robots_unavailable,remainder,Q113836885,no,no,
mix106.ca,robots_unavailable,remainder,CIXK-FM,ca,,
mix901fm.com,robots_unavailable,remainder,Mix 90.1FM,tt,,
mix965fm.com,robots_unavailable,remainder,CJPG-FM,ca,,
mix97.com,robots_unavailable,remainder,CIGL-FM,ca,,
mix997.com,robots_unavailable,remainder,CHJM-FM,ca,,
mixfm.com.au,robots_unavailable,remainder,92.7 Mix FM,au,,
mixfm.com.lb,robots_unavailable,remainder,Mix FM,ro,,
mixonline.co.nz,robots_unavailable,remainder,Easy Mix,nz,,
miyagase-fm.com,robots_unavailable,remainder,Q11453142,jp,,
mjdrdypu.org,robots_unavailable,remainder,Medical Journal of Dr. D.Y. Patil University,in,en,
mjdrdypv.org,robots_unavailable,remainder,Medical Journal of Dr. D.Y. Patil Vidyapeeth,in,en,
mje.mcgill.ca,robots_unavailable,remainder,McGill Journal of Education,ca,en,
mjima.net,robots_unavailable,remainder,"Mediterranean Journal of Infection, Microbes and Antimicrobials",tr,,
mk.co.kr,robots_unavailable,remainder,Maeil Business Newspaper,kr,ja,
mk.uni-pannon.hu,robots_unavailable,remainder,Hungarian Journal of Industrial Chemistry,hu,en,
mkset.ru,robots_unavailable,remainder,Mkset,ru,ru,
mmce.rs.utcb.ro,robots_unavailable,remainder,Mathematical Modelling in Civil Engineering,pl,en,
mmctv.com.tr,robots_unavailable,remainder,MMC TV,tr,tr,
mn.uio.no,robots_unavailable,remainder,Q11161921,no,no,
mncgroup.com,robots_unavailable,remainder,Ent,id,,
mnctv.com,robots_unavailable,remainder,MNCTV,id,,
mnetseries.dstv.com,robots_unavailable,remainder,MNET Series,za,,
mnhn.public.lu,robots_unavailable,remainder,Ferrantia,lu,en,
mnmk.ro,robots_unavailable,remainder,Management & Marketing,ro,ro,
modernhistory.ru,robots_unavailable,remainder,Modern History of Russia,ru,en,
mohonatv.com,robots_unavailable,remainder,Mohona TV,bd,,
mokant.at,robots_unavailable,remainder,mokant.at,at,de,
mokokchungtimes.com,robots_unavailable,remainder,Mokokchung Times,in,en,
molekfm.audio,robots_unavailable,remainder,Molek FM,my,,
molotro.ru,robots_unavailable,remainder,Hammer,ru,ru,
momentdergi.org,robots_unavailable,remainder,Moment Journal,tr,,
momsradio.ph,robots_unavailable,remainder,DYAP-FM,ph,,
mona.uwi.edu,robots_unavailable,remainder,Social and Economic Studies,ie,en,
mondourbano.com,robots_unavailable,remainder,Q10331806,br,,
monetaecredito.info,robots_unavailable,remainder,Moneta e Credito,it,it,
money.udn.com,robots_unavailable,remainder,Economic Daily News,tw,zh,
moneyfm893.sg,robots_unavailable,remainder,Money FM 89.3,sg,,
moneymorning.com.au,robots_unavailable,remainder,Money Morning Australia,au,,
monthly.chosun.com,robots_unavailable,remainder,Monthly Chosun,kr,ko,
montrealmirror.com,robots_unavailable,remainder,Montreal Mirror,ca,en,
moravica.ftn.kg.ac.rs,robots_unavailable,remainder,Mathematica Moravica,rs,en,
mordovia-news.ru,robots_unavailable,remainder,Q93287719,ru,ru,
morefm.co.nz,robots_unavailable,remainder,More FM,nz,,
morefmonline.com,robots_unavailable,remainder,XEWV-FM,mx,,
morgenbladet.no,robots_unavailable,remainder,Morgenbladet,no,no,
morningpost.com.cn,robots_unavailable,remainder,Beijing Morning Post,cn,zh,
morphology.dma.dp.ua,robots_unavailable,remainder,Morphologia,ua,uk,
morungexpress.com,robots_unavailable,remainder,The Morung Express,in,en,
mosjour.ru,robots_unavailable,remainder,Q21641855,ru,ru,
mosregtoday.ru,robots_unavailable,remainder,Moscow region today,ru,ru,
mostecky.denik.cz,robots_unavailable,remainder,Q107599064,cz,cs,
mosvestnik.ru,robots_unavailable,remainder,Q4304047,ru,ru,
motdrag.se,robots_unavailable,remainder,Q10589648,se,sv,
motorowodny.pl,robots_unavailable,remainder,Q11828477,pl,pl,
movefm.com.au,robots_unavailable,remainder,Move FM,au,en,
moveo.telepass.com,robots_unavailable,remainder,Moveo,it,it,
moviesnow.co.in,robots_unavailable,remainder,Movies Now,in,,
movietimetv.ca,robots_unavailable,remainder,MovieTime,ca,,
movistardeportes.pe,robots_unavailable,remainder,Movistar Deportes,pe,,
mpowerfm.co.za,robots_unavailable,remainder,MPowerFM,za,,
mrdx.xinhuanet.com,robots_unavailable,remainder,Xinhua Daily Telegraph,cn,,
mrj.ima-press.net,robots_unavailable,remainder,Sovremennaâ Revmatologiâ,ru,ru,
mrjjxw.com,robots_unavailable,remainder,National Business Daily,cn,,
mrsej.ksu.ru,robots_unavailable,remainder,Magnetic Resonance in Solids,ru,en,
mrtv.gov.mm,robots_unavailable,remainder,Myanmar Radio and Television,mm,,
mrvsa.com,robots_unavailable,remainder,Mirror of Research in Veterinary Sciences and Animals,iq,en,
msa.usv.ro,robots_unavailable,remainder,"Messages, Sages and Ages",ro,en,
msi.com.pl,robots_unavailable,remainder,HIV & AIDS Review. International Journal of HIV-Related Problems,pl,en,
mskagency.ru,robots_unavailable,remainder,Moscow Municipal News Agency,ru,ru,
msletters.org,robots_unavailable,remainder,Mass Spectrometry Letters,kr,en,
msp.unimelb.edu.au,robots_unavailable,remainder,Grainger Studies: An Interdisciplinary Journal,au,en,
msrjournal.com,robots_unavailable,remainder,Journal of Membrane Science and Research,ir,en,
mt.co.kr,robots_unavailable,remainder,Money Today,kr,ko,
mtr1377.com.au,robots_unavailable,remainder,Melbourne Talk Radio,au,,
mtv.ch,robots_unavailable,remainder,MTV Switzerland,ch,,
mtv.com.au,robots_unavailable,remainder,MTV Australia,au,,
mtv.com.br,robots_unavailable,remainder,MTV,br,pt,
mtv.it,robots_unavailable,remainder,MTV Classic,it,it,
mtv.pl,robots_unavailable,remainder,VH1 Poland,pl,pl,
mtv.ru,robots_unavailable,remainder,MTV Russia,ru,ru,
mtv.ua,robots_unavailable,remainder,MTV Ukraine,ua,uk,
mtv.uol.com.br,robots_unavailable,remainder,MTV Brasil,br,pt,
mtvasia.com,robots_unavailable,remainder,Q4272089,id,,
mtvindia.com,robots_unavailable,remainder,MTV India,in,,
mtvme.net,robots_unavailable,remainder,MTV,lb,,
mtvr.uol.com.br,robots_unavailable,remainder,MTVr,br,pt,
mucharadio.com.ar,robots_unavailable,remainder,Mucha Radio,ar,,
mukaddime.artuklu.edu.tr,robots_unavailable,remainder,Mukaddime,tr,tr,
multi-science.co.uk,robots_unavailable,remainder,International Journal of Transportation Science and Technology,nl,en,
multicultura.com.br,robots_unavailable,remainder,TV Cultura Educação,br,pt,
multicultural.online.uni.lodz.pl,robots_unavailable,remainder,Multicultural Shakespeare,pl,en,
multimedios.com,robots_unavailable,remainder,XHMTCH-TDT,mx,,
multimedios.tv,robots_unavailable,remainder,XHNAT-TDT,mx,,
multkanal.ru,robots_unavailable,remainder,Mult,ru,ru,
mumbaimirror.indiatimes.com,robots_unavailable,remainder,Mumbai Mirror,in,en,
mums.ac.ir,robots_unavailable,remainder,Iranian Journal of Basic Medical Sciences,ir,en,
mundo.rtp.pt,robots_unavailable,remainder,RTP Mundo,pt,pt,
mundoagrario.unlp.edu.ar,robots_unavailable,remainder,Mundo Agrario,ar,es,
mundocristiano.es,robots_unavailable,remainder,Mundo Cristiano,es,es,
mundonick.uol.com.br,robots_unavailable,remainder,Nickelodeon,br,pt,
munghanalonenefm.co.za,robots_unavailable,remainder,Munghana Lonene FM,za,,
munoulu.fi,robots_unavailable,remainder,Mun Oulu,fi,fi,
munsifdaily.in,robots_unavailable,remainder,The Munsif Daily,in,en,
munster-express.ie,robots_unavailable,remainder,The Munster Express,ie,en,
mus.academy,robots_unavailable,remainder,Muzykalnaya Akademiya,ru,ru,
museodistorianaturale.comune.verona.it,robots_unavailable,remainder,Bollettino del Museo civico di storia naturale di Verona. Botanica Zoologia,it,it,
museuartesacra.org.br,robots_unavailable,remainder,Piratininga,br,pt,
musicboxtv.pl,robots_unavailable,remainder,Q109652309,pl,pl,
musicscholar.ru,robots_unavailable,remainder,Problemy Muzykalʹnoj Nauki (Ufa),ru,ru,
musikzeitung.ch,robots_unavailable,remainder,Schweizer Musikzeitung,ch,de,
musimid.mus.br,robots_unavailable,remainder,Revista Brasileira de Estudos em Música e Mídia,br,pt,
muskokamagazine.com,robots_unavailable,remainder,Muskoka Magazine,ca,en,
mutefekkir.aksaray.edu.tr,robots_unavailable,remainder,Mütefekkir,tr,tr,
muz-tv.ru,robots_unavailable,remainder,Muz-TV,ru,ru,
muzcentrum.ru,robots_unavailable,remainder,Radio Orfey,ru,ru,
muzeum.bialystok.pl,robots_unavailable,remainder,Rocznik Białostocki,pl,pl,
muzeumct.cz,robots_unavailable,remainder,Těšínsko,cz,cs,
muzeumgpe-chorzow.pl,robots_unavailable,remainder,Rocznik Muzeum „Górnośląski Park Etnograficzny w Chorzowie”,pl,pl,
muzobozrenie.ru,robots_unavailable,remainder,Musical Review,ru,ru,
muzyczneradio.com.pl,robots_unavailable,remainder,Q11787353,pl,pl,
mv-ab.geo-lab.info,robots_unavailable,remainder,"""Alto Bierzo"" Virtual Museum",es,,
mx.net.au,robots_unavailable,remainder,mX,au,,
my-formosa.com,robots_unavailable,remainder,My Formosa,tw,,
my.tbaytel.net,robots_unavailable,remainder,CJOA-FM,ca,,
my921.ca,robots_unavailable,remainder,CHMX-FM,ca,,
my96fm.com,robots_unavailable,remainder,CFMY-FM,ca,,
myalgomamanitoulinnow.com,robots_unavailable,remainder,CKNR-FM,ca,,
myassiniboia.ca,robots_unavailable,remainder,CIAT-FM,ca,,
mybancroftnow.com,robots_unavailable,remainder,CHMS-FM,ca,,
mybeat.fm,robots_unavailable,remainder,Beat FM 102.5,jo,en,
mycariboonow.com,robots_unavailable,remainder,CFFM-FM,ca,,
mycochranenow.com,robots_unavailable,remainder,CHPB-FM,ca,,
mycowichanvalleynow.com,robots_unavailable,remainder,CJSU-FM,ca,,
mycrestonnow.com,robots_unavailable,remainder,"94.1 FM Creston, British Columbia",ca,,
mydigitalfc.com,robots_unavailable,remainder,Financial Chronicle,in,,
myespanolanow.com,robots_unavailable,remainder,CJJM-FM,ca,,
mygrandforksnow.com,robots_unavailable,remainder,CKGF-2-FM,ca,,
myhaliburtonnow.com,robots_unavailable,remainder,CFZN-FM,ca,,
mykapuskasingnow.com,robots_unavailable,remainder,CKAP-FM,ca,,
mykemptvillenow.com,robots_unavailable,remainder,CKVV-FM,ca,,
mylakelandnow.com,robots_unavailable,remainder,CFNA-FM,ca,,
mylifetimetv.ca,robots_unavailable,remainder,Lifetime,ca,,
mylloydminsternow.com,robots_unavailable,remainder,CKLM-FM,ca,,
mymuskokanow.com,robots_unavailable,remainder,CFBG-FM,ca,,
mynechakovalleynow.com,robots_unavailable,remainder,CIVH,ca,,
mynelsonnow.com,robots_unavailable,remainder,CHNV-FM,ca,,
mynorthbaynow.com,robots_unavailable,remainder,CFXN-FM,ca,,
myparrysoundnow.com,robots_unavailable,remainder,CKLP-FM,ca,,
mypress.mx,robots_unavailable,remainder,My Press,mx,es,
myprincegeorgenow.com,robots_unavailable,remainder,CIRX-FM,ca,,
myrmecologicalnews.org,robots_unavailable,remainder,Myrmecological News,at,en,
mysl.kazgazeta.kz,robots_unavailable,remainder,Mysl,kz,ru,
mystratfordnow.com,robots_unavailable,remainder,CHGK-FM,ca,,
mytfc.com,robots_unavailable,remainder,The Filipino Channel,ph,,
mytimminsnow.com,robots_unavailable,remainder,CHMT-FM,ca,,
myukk.org,robots_unavailable,remainder,Sensors and Materials,jp,en,
mywestnipissingnow.com,robots_unavailable,remainder,CFSF-FM,ca,,
myx.global,robots_unavailable,remainder,Myx,ph,,
myyellowknifenow.com,robots_unavailable,remainder,CJCD-FM,ca,,
n-slovo.com.ua,robots_unavailable,remainder,Q12132447,ua,uk,
n10rn.com.br,robots_unavailable,remainder,N10 RN,br,pt,
n24.ro,robots_unavailable,remainder,Național 24 Plus,ro,ro,
nabludatel.ru,robots_unavailable,remainder,Q4130495,ru,ru,
nacionalclasica.com.ar,robots_unavailable,remainder,LRA338 Nacional Clásica,ar,,
nacionalfolklorica.com.ar,robots_unavailable,remainder,Q18644329,ar,,
nack5.co.jp,robots_unavailable,remainder,NACK5,jp,ja,
nadbugom.by,robots_unavailable,remainder,Q98107554,by,ru,
nadbuhom.pl,robots_unavailable,remainder,Q11788707,pl,uk,
nadezhda.me,robots_unavailable,remainder,Hope (newspaper),ru,,
naerjournal.ua.es,robots_unavailable,remainder,Journal of New Approaches in Educational Research,es,en,
nagalandpost.com,robots_unavailable,remainder,Nagaland Post,in,en,
nagorik.com,robots_unavailable,remainder,Nagorik TV,bd,,
nakita.grid.id,robots_unavailable,remainder,Tabloid Nakita,id,id,
nanobuild.ru,robots_unavailable,remainder,Nanotehnologii v Stroitelʹstve,ru,ru,
nanoconvergencejournal.com,robots_unavailable,remainder,Nano Convergence,kr,en,
napaneetoday.ca,robots_unavailable,remainder,CKYM-FM,ca,,
napigazdasag.hu,robots_unavailable,remainder,Napi Gazdaság,hu,hu,
napolitivu.tv,robots_unavailable,remainder,Napoli Tivù,it,,
napolitoday.it,robots_unavailable,remainder,Napoli Today,it,it,
naptv.hu,robots_unavailable,remainder,Sun Television,hu,hu,
narita.fm,robots_unavailable,remainder,Q20044248,jp,,
narrareigruppi.it,robots_unavailable,remainder,Narrare i Gruppi,it,it,
nash-sovremennik.ru,robots_unavailable,remainder,Nash Sovremennik,ru,ru,
nashe.ru,robots_unavailable,remainder,Nashe Radio,fi,ru,
nashi-vesti.narod.ru,robots_unavailable,remainder,Q4315243,ru,ru,
nasim.news,robots_unavailable,remainder,Nasim Online,ir,fa,
nasimonline.ir,robots_unavailable,remainder,Nasim Online,ir,fa,
nasz.gdansk.pl,robots_unavailable,remainder,Q28672996,pl,pl,
natal.uern.br,robots_unavailable,remainder,Revista Ensino Interdisciplinar,br,pt,
nation.co.ke,robots_unavailable,remainder,Daily Nation,ke,en,
nationalmirroronline.net,robots_unavailable,remainder,National Mirror,ng,,
nationaudio.com,robots_unavailable,remainder,Daily Nation,ke,en,
nationtv.tv,robots_unavailable,remainder,Nation TV,th,,
natsci.upit.ro,robots_unavailable,remainder,Current Trends in Natural Sciences,ro,en,
nattogdag.no,robots_unavailable,remainder,Q11990513,no,no,
naukaran.com,robots_unavailable,remainder,Zoologicheskii Zhurnal,ru,ru,
navabharat.com,robots_unavailable,remainder,Nava Bharat,in,hi,
navbharattimes.indiatimes.com,robots_unavailable,remainder,Navbharat Times,in,hi,
navhindtimes.com,robots_unavailable,remainder,Navhind Times,in,en,
navpradesh.com,robots_unavailable,remainder,Nav Pradesh,in,hi,
nayapadkar.in,robots_unavailable,remainder,Naya Padkar,in,,
nazivo.art,robots_unavailable,remainder,Q105357264,cz,cs,
nb.admin.ch,robots_unavailable,remainder,The Swiss Book,ch,fr,
nba.com,robots_unavailable,remainder,NBA TV Canada,ca,,
nbc-nagasaki.co.jp,robots_unavailable,remainder,Nagasaki Broadcasting,jp,ja,
nbd.com.cn,robots_unavailable,remainder,National Business Daily,cn,zh,
nbdpress.com,robots_unavailable,remainder,National Business Daily,cn,,
nbr.gov.br,robots_unavailable,remainder,TV NBR,br,pt,
nbs-tv.co.jp,robots_unavailable,remainder,Nagano Broadcasting Systems,jp,ja,
nbweekly.com,robots_unavailable,remainder,Southern Metropolis Weekly,cn,,
ncctv.co.jp,robots_unavailable,remainder,Nagasaki Culture Telecasting,jp,ja,
ncradio.com.au,robots_unavailable,remainder,Spirit FM,au,,
nctimes.co.kr,robots_unavailable,remainder,Q140377487,kr,ko,
nd.edu.au,robots_unavailable,remainder,Quasimodo,au,en,
ndhadeliver.natlib.govt.nz,robots_unavailable,remainder,The Marlborough Express,nz,en,
ndmais.com.br,robots_unavailable,remainder,NDTV,br,pt,
ndtv.in,robots_unavailable,remainder,NDTV,in,,
ndtvprofit.com,robots_unavailable,remainder,NDTV Profit,in,en,
nearfm.ie,robots_unavailable,remainder,NEAR 90FM,ie,,
nehmaat.uff.br,robots_unavailable,remainder,Q50811054,br,pt,
nelonenmaailma.fi,robots_unavailable,remainder,Ruutu+ Dokkarit,fi,fi,
nelonenpaketti.fi,robots_unavailable,remainder,Ruutu+ Lapset,fi,fi,
nelonenpro.fi,robots_unavailable,remainder,Ruutu+ Urheilu 1,fi,fi,
neo-opsis.ca,robots_unavailable,remainder,Neo-opsis Science Fiction Magazine,ca,en,
neodiversity.org,robots_unavailable,remainder,Neodiversity,br,en,
neoskosmos.com.au,robots_unavailable,remainder,Neos Kosmos,au,en,
nepjol.info,robots_unavailable,remainder,Journal of Nepal Paediatric Society,np,en,
nepszabadsag.hu,robots_unavailable,remainder,Népszabadság,hu,hu,
nestor.minsk.by,robots_unavailable,remainder,Компьютерная газета,by,ru,
net-25.com,robots_unavailable,remainder,DXED,ph,,
net25.tv,robots_unavailable,remainder,Net 25,ph,,
net2tvgh.com,robots_unavailable,remainder,NET 2 Television,gh,,
networksolutions.com,robots_unavailable,remainder,Street Machine,au,,
neue-zeitung.hu,robots_unavailable,remainder,Neue Zeitung,hu,hu,
neural.it,robots_unavailable,remainder,Neural magazine,it,en,
neuralgamer.com,robots_unavailable,remainder,NeuralGamer,au,en,
neurociencia.cl,robots_unavailable,remainder,Revista Chilena de Neuropsicología,cl,es,
neurologyindia.com,robots_unavailable,remainder,Neurology India,in,en,
neuropsicologia.cl,robots_unavailable,remainder,Cuadernos de Neuropsicologia,cl,es,
neurosurgery.or.kr,robots_unavailable,remainder,Journal of Korean Neurosurgical Society,kr,en,
nevnov.ru,robots_unavailable,remainder,Nevskiye novosti,ru,ru,
new-kokumin.jp,robots_unavailable,remainder,Kokumin Minshu Press,jp,ja,
new.actareumatologica.com,robots_unavailable,remainder,Acta Reumatologica Portuguesa,pt,en,
newcastle.edu.au,robots_unavailable,remainder,2NUR,au,,
newcountry923.com,robots_unavailable,remainder,CFRK-FM,ca,,
newlandmagazine.com.au,robots_unavailable,remainder,New Land,au,en,
newonce.net,robots_unavailable,remainder,Newonce.radio,pl,,
newpaper.dahe.cn,robots_unavailable,remainder,Henan Daily,cn,zh,
newradio.ru,robots_unavailable,remainder,Q25395654,ru,ru,
news.abs-cbn.com,robots_unavailable,remainder,DZMM-AM,ph,,
news.cn,robots_unavailable,remainder,Xinhua News Agency,cn,zh,
news.ftv.com.tw,robots_unavailable,remainder,FTV News,tw,zh,
news.gov.tt,robots_unavailable,remainder,Trinidad and Tobago Government Gazette,tt,,
news.ptv.com.pk,robots_unavailable,remainder,PTV News,pk,,
news.ru,robots_unavailable,remainder,Q108257697,ru,ru,
news1.kr,robots_unavailable,remainder,News1,kr,ko,
news18.com,robots_unavailable,remainder,CNN-News18,in,en,
newsis.com,robots_unavailable,remainder,Newsis News Agency,kr,ko,
newslab.ru,robots_unavailable,remainder,newslab.ru,ru,ru,
newslocal.whereilive.com.au,robots_unavailable,remainder,NewsLocal,au,,
newsspace.com.au,robots_unavailable,remainder,Big League,au,en,
newstimebangla.com,robots_unavailable,remainder,News Time,in,,
newsworthy.se,robots_unavailable,remainder,Newsworthy,se,sv,
newvoices.jpf-sydney.org,robots_unavailable,remainder,New Voices,au,en,
nextmag.com.tw,robots_unavailable,remainder,Next Magazine,tw,zh,
ng.ru,robots_unavailable,remainder,Nezavisimaya Gazeta,ru,ru,
ngnews.ca,robots_unavailable,remainder,The News,ca,en,
ngu.gov.ua,robots_unavailable,remainder,Word of Honor,ua,uk,
ngzb.com.cn,robots_unavailable,remainder,Q24832651,cn,zh,
ngzh.ch,robots_unavailable,remainder,Vierteljahrsschrift der Naturforschenden Gesellschaft in Zürich,ch,de,
nhlnetwork.ca,robots_unavailable,remainder,NHL Network,ca,,
ni.bio.br,robots_unavailable,remainder,Neotropical Ichthyology,br,en,
nick-asia.com,robots_unavailable,remainder,Nickelodeon,my,,
nick.com.pl,robots_unavailable,remainder,Nickelodeon,pl,pl,
nick.pt,robots_unavailable,remainder,Nickelodeon,es,pt,
nick.tv,robots_unavailable,remainder,Nickelodeon Serbia,rs,,
nickelodeon.at,robots_unavailable,remainder,Nick Austria,at,de,
nickelodeon.es,robots_unavailable,remainder,Nickelodeon,es,es,
nickindia.com,robots_unavailable,remainder,Nickelodeon India,in,,
nickjr.com.au,robots_unavailable,remainder,Nick Jr.,au,,
nickjr.com.br,robots_unavailable,remainder,Nick Jr. Brasil,br,pt,
nickjr.it,robots_unavailable,remainder,Nick Jr.,it,it,
nickjrkz.com,robots_unavailable,remainder,Nick Jr.,ru,,
nicolaytidsskrift.no,robots_unavailable,remainder,Q50085475,no,no,
niepmarx.com.br,robots_unavailable,remainder,Revista Marx e o Marxismo,br,pt,
nigeriainfo.fm,robots_unavailable,remainder,Nigeria Info 92.3FM,ng,en,
nigerianjsurg.com,robots_unavailable,remainder,Nigerian journal of surgery : official publication of the Nigerian Surgical Research Society,in,en,
nightlifemontreal.com,robots_unavailable,remainder,Nightlife Magazine,ca,en,
nikvesti.com,robots_unavailable,remainder,NikVesti,ua,en,
nio.mil.gov.ua,robots_unavailable,remainder,Q12132624,ua,uk,
niusdiario.es,robots_unavailable,remainder,Q106371819,es,es,
njbg.com.cn,robots_unavailable,remainder,Nanjing Broadcasting Network,cn,zh,
njcb.xhby.net,robots_unavailable,remainder,Nanjing Morning Post,cn,,
nkras.ru,robots_unavailable,remainder,V Mire Naučnyh Otkrytij,ru,ru,
nl.gob.mx,robots_unavailable,remainder,XEQI-AM,mx,,
nli.org.il,robots_unavailable,remainder,RAMBI,il,he,
nlotv.com,robots_unavailable,remainder,NLO TV,ua,,
nmjc.net.cn,robots_unavailable,remainder,National Medical Journal of China,cn,zh,
nmnhs.com,robots_unavailable,remainder,Historia naturalis bulgarica,bg,en,
nmrp.gov.np,robots_unavailable,remainder,Journal of Maize Research and Development,np,en,
nniras.ru,robots_unavailable,remainder,Novaia i noveishaia istoriia,ru,en,
nodal.am,robots_unavailable,remainder,NODAL,ar,es,
noiseandhealth.org,robots_unavailable,remainder,Noise and Health,in,en,
nol.hu,robots_unavailable,remainder,Népszabadság,hu,hu,
nomadas.ucentral.edu.co,robots_unavailable,remainder,Nómadas,co,es,
nonstop.tv,robots_unavailable,remainder,Star! Scandinavia,se,,
nopr.niscair.res.in,robots_unavailable,remainder,Indian journal of natural products and resources,in,en,
nordeclair.be,robots_unavailable,remainder,Q67150816,be,,
nordiska.uu.se,robots_unavailable,remainder,Språk och stil : tidskrift för nysvensk språkforskning,se,sv,
nordsud.info,robots_unavailable,remainder,Nord-Sud,ci,fr,
northbayradio.ca,robots_unavailable,remainder,CKTR-FM,ca,,
northerndistricttimes.com.au,robots_unavailable,remainder,Northern District Times,au,,
northernnews.ca,robots_unavailable,remainder,Northern News,ca,en,
northernstar.com.au,robots_unavailable,remainder,The Northern Star,au,en,
northshoretimes.com.au,robots_unavailable,remainder,North Shore Times,au,,
norwegianwood.org,robots_unavailable,remainder,Q11992674,no,no,
noscahiers.lu,robots_unavailable,remainder,Q13104392,lu,fr,
noseweek.co.za,robots_unavailable,remainder,Noseweek,za,,
nosracines.ca,robots_unavailable,remainder,Les Cahiers des dix,ca,fr,
nostalgia.it,robots_unavailable,remainder,Radio Nostalgia,it,it,
nostresport.com,robots_unavailable,remainder,Nostresport,es,es,
note.tokyo-sports.co.jp,robots_unavailable,remainder,Tokyo Sports,jp,ja,
noticiasdealava.eus,robots_unavailable,remainder,Noticias de Álava,es,,
noticiasdechiapas.com.mx,robots_unavailable,remainder,Noticias de Chiapas,mx,,
noticiasdenavarra.com,robots_unavailable,remainder,Diario de Noticias,es,es,
noticiasmvs.com,robots_unavailable,remainder,XHMVS-FM,mx,,
notipress.mx,robots_unavailable,remainder,Q105241558,mx,,
notitarde.com,robots_unavailable,remainder,Notitarde,ve,es,
nov-pravda.ru,robots_unavailable,remainder,Novomoskovskaya truth,ru,ru,
nova.ie,robots_unavailable,remainder,Radio Nova 100FM,ie,,
nova.te.ua,robots_unavailable,remainder,Nova Ternopilska Hazeta,ua,uk,
nova969.com.au,robots_unavailable,remainder,Nova 96.9,au,,
novafm.com.au,robots_unavailable,remainder,Nova 93.7,au,,
novanewsnow.com,robots_unavailable,remainder,Valley Journal Advertiser,ca,en,
novas.gal,robots_unavailable,remainder,Novas da Galiza,es,pt,
novascientia.lasallebajio.edu.mx,robots_unavailable,remainder,Nova Scientia,mx,es,
nove.tv,robots_unavailable,remainder,Nove,it,,
novecento.org,robots_unavailable,remainder,Novecento org,it,it,
novy.tv,robots_unavailable,remainder,Novyi Kanal,ua,uk,
novynarnia.com,robots_unavailable,remainder,Q85996442,ua,uk,
now.naver.com,robots_unavailable,remainder,NAVER NOW.,kr,ko,
nowa-energia.com.pl,robots_unavailable,remainder,Q11793364,pl,pl,
nowcanal.pt,robots_unavailable,remainder,News Now,pt,pt,
nowcountry.fm,robots_unavailable,remainder,CIUR-FM,ca,,
nowiny24.pl,robots_unavailable,remainder,Nowiny,pl,pl,
noworudzianin.pl,robots_unavailable,remainder,Q16582989,pl,pl,
nowy-prometeusz.pl,robots_unavailable,remainder,Q28673664,pl,pl,
nowyswiat.online,robots_unavailable,remainder,Radio Nowy Świat,pl,,
nplus1.ru,robots_unavailable,remainder,N+1,ru,ru,
npsyj.ru,robots_unavailable,remainder,Nacionalʹnyj Psihologičeskij Žurnal,ru,ru,
npz-online.eu,robots_unavailable,remainder,Neue Pressburger Zeitung,sk,,
nrc-cnrc.gc.ca,robots_unavailable,remainder,CHU,ca,,
nrcresearchpress.com,robots_unavailable,remainder,Canadian Journal of Zoology,ca,en,
nrjleman.com,robots_unavailable,remainder,NRJ Léman,ch,,
nrksuper.no,robots_unavailable,remainder,NRK Super,no,no,
nrm.se,robots_unavailable,remainder,Compositae Newsletter,ch,en,
nrronline.org,robots_unavailable,remainder,Neural Regeneration Research,in,en,
nrs.harvard.edu,robots_unavailable,remainder,Q16622296,be,fr,
nrttv.com,robots_unavailable,remainder,NRT TV,iq,,
nso-journal.ru,robots_unavailable,remainder,Stroitel’stvo: Nauka i Obrazovanie,ru,ru,
nsports.com.br,robots_unavailable,remainder,N Sports,br,pt,
nsttv.com,robots_unavailable,remainder,NST Niigata Sogo Television,jp,,
nsu.ru,robots_unavailable,remainder,SCHOLE,ru,ru,
nta-nn.ru,robots_unavailable,remainder,Nizhny Novgorod Telecommunications Agency,ru,ru,
ntrp.vin.bg.ac.rs,robots_unavailable,remainder,Nuclear Technology and Radiation Protection,rs,en,
ntv-brgu.ru,robots_unavailable,remainder,Naučno-Tehničeskij Vestnik Brânskogo Gosudarstvennogo Universiteta,ru,ru,
ntv.ca,robots_unavailable,remainder,CJON-DT,ca,,
ntv.com.tr,robots_unavailable,remainder,NTV,tr,tr,
ntv.ifmo.ru,robots_unavailable,remainder,"Naučno-tehničeskij Vestnik Informacionnyh Tehnologij, Mehaniki i Optiki",ru,ru,
ntv.ru,robots_unavailable,remainder,NTV,ru,ru,
ntv7.com.my,robots_unavailable,remainder,NTV7,my,,
ntvamerica.ntv.ru,robots_unavailable,remainder,NTV America,ru,ru,
ntvspor.net,robots_unavailable,remainder,NTV Spor,tr,,
ntvsporradyo.com,robots_unavailable,remainder,NTV Spor Radyo,tr,,
nuestrotiempo.unav.edu,robots_unavailable,remainder,Nuestro Tiempo,es,es,
nuevarevista.net,robots_unavailable,remainder,"Nueva Revista de Política, Cultura y Arte",es,es,
nugget.ca,robots_unavailable,remainder,North Bay Nugget,ca,,
nullacht.at,robots_unavailable,remainder,Q2004611,at,de,
numa2.jp,robots_unavailable,remainder,Q132166609,jp,ja,
nuovavenezia.gelocal.it,robots_unavailable,remainder,La Nuova Venezia,it,it,
nuvolari.tv,robots_unavailable,remainder,Nuvola61,it,,
nvgazeta.ru,robots_unavailable,remainder,Q16271750,ru,ru,
nworker.ru,robots_unavailable,remainder,The Northern Worker (Severodvinsk),ru,ru,
ny.edu.hk,robots_unavailable,remainder,Nang Yan Business Journal,pl,,
nybrotidning.com,robots_unavailable,remainder,Q10604366,se,,
nye-troms.no,robots_unavailable,remainder,Nye Troms,no,no,
nykypaiva.com,robots_unavailable,remainder,Nykypäivä,fi,fi,
nykypaiva.fi,robots_unavailable,remainder,Nykypäivä,fi,fi,
nykypaiva.org,robots_unavailable,remainder,Nykypäivä,fi,fi,
nysa.fm,robots_unavailable,remainder,Q11833448,pl,,
nzif.org.nz,robots_unavailable,remainder,New Zealand Journal of Forestry,nz,en,
nzpcn.org.nz,robots_unavailable,remainder,Trilepidea,nz,en,
o1041.ca,robots_unavailable,remainder,CFZZ-FM,ca,,
o921.ca,robots_unavailable,remainder,CJDM-FM,ca,,
o953.ca,robots_unavailable,remainder,CHOE-FM,ca,,
o973.com,robots_unavailable,remainder,CFJO-FM,ca,,
oakvillebeaver.com,robots_unavailable,remainder,Oakville Beaver,ca,,
oasis.pe,robots_unavailable,remainder,Q64747900,pe,,
oavis.no,robots_unavailable,remainder,Oppegård Avis,no,no,
oaxaca.lazradio.com.mx,robots_unavailable,remainder,XHRPO-FM,mx,,
obj.ca,robots_unavailable,remainder,Ottawa Business Journal,ca,,
objektiv.no,robots_unavailable,remainder,Objektiv,no,no,
oblgazeta.ru,robots_unavailable,remainder,Q4329284,ru,ru,
obozrevatel.com,robots_unavailable,remainder,OBOZ.UA,ua,en,
obradigital.com,robots_unavailable,remainder,Obra Digital,es,,
obs.co.kr,robots_unavailable,remainder,OBS Gyeongin TV,kr,ko,
observatorio.repri.org,robots_unavailable,remainder,Q134426407,br,pt,
observerbd.com,robots_unavailable,remainder,The Daily Observer,bd,en,
oceandx.narod.ru,robots_unavailable,remainder,Q16706321,ru,ru,
oceanofm.com,robots_unavailable,remainder,Océano FM (Uruguay),uy,,
ocec.eu,robots_unavailable,remainder,Comparative Cinema,es,,
ochanneltv.com,robots_unavailable,remainder,Moji,id,,
ochronazabytkow.nid.pl,robots_unavailable,remainder,Q11795721,pl,en,
ocrfm.org.au,robots_unavailable,remainder,3OCR,au,,
odate-fm.com,robots_unavailable,remainder,Q109364730,jp,,
odermatol.com,robots_unavailable,remainder,Nasza Dermatologia Online,pl,,
odia.ig.com.br,robots_unavailable,remainder,O Dia,br,pt,
odishabytes.com,robots_unavailable,remainder,Odisha Bytes,in,en,
oeaw.ac.at,robots_unavailable,remainder,Eco.mont – Journal on Protected Mountain Areas Research and Management,at,en,
oerf-journal.eu,robots_unavailable,remainder,Österreichisches Religionspädagogisches Forum,at,de,
oezp.at,robots_unavailable,remainder,Austrian Journal of Political Science,at,en,
offensiv.socialisterna.org,robots_unavailable,remainder,Q10607858,se,,
officialnintendomagazine.co.uk,robots_unavailable,remainder,Official Nintendo Magazine,au,en,
offline.computerra.ru,robots_unavailable,remainder,Computerra,ru,ru,
ofnc.ca,robots_unavailable,remainder,Canadian Field-Naturalist,ca,en,
og.tsnigri.ru,robots_unavailable,remainder,Otechestvennaya Geologiya,ru,ru,
ogene983fm.com,robots_unavailable,remainder,Ogene 98.3FM,ng,,
oghb.be,robots_unavailable,remainder,Le Parchemin,be,fr,
ognikavkaza.ru,robots_unavailable,remainder,Q131729383,ru,ru,
ogtv.com.ng,robots_unavailable,remainder,Ogun State Television,ng,,
ohlj.ca,robots_unavailable,remainder,Osgoode Hall Law Journal,ca,en,
ohmynews.co.jp,robots_unavailable,remainder,OhmyNews,kr,ja,
oifm.com.br,robots_unavailable,remainder,Oi FM,br,pt,
oikonomics.uoc.edu,robots_unavailable,remainder,Oikonomics,es,,
oiq.qc.ca,robots_unavailable,remainder,Q3359721,ca,fr,
oir-ihpan.edu.pl,robots_unavailable,remainder,Odrodzenie i Reformacja w Polsce,pl,pl,
oireachtas.ie,robots_unavailable,remainder,Houses of the Oireachtas Channel,ie,,
oiusho.it,robots_unavailable,remainder,Q138581493,it,it,
ojbe.steconomiceuoradea.ro,robots_unavailable,remainder,Oradea Journal of Business and Economics,ro,en,
ojhas.org,robots_unavailable,remainder,Online journal of health and allied sciences : OJHAS,in,en,
ojomus.dergipark.gov.tr,robots_unavailable,remainder,Online Journal of Music Sciences,tr,tr,
ojoonline.org,robots_unavailable,remainder,Oman Journal of Ophthalmology,in,en,
ojrs.abvpress.ru,robots_unavailable,remainder,Opuholi  Ženskoj Reproduktivnoj Sistemy,ru,ru,
ojs.arte.unicen.edu.ar,robots_unavailable,remainder,Aura: Revista de Historia y Teoría del Arte,ar,,
ojs.aut.ac.nz,robots_unavailable,remainder,Applied Finance Letters,nz,en,
ojs.ava.unam.edu.ar,robots_unavailable,remainder,Avá,ar,es,
ojs.bibl.u-szeged.hu,robots_unavailable,remainder,Journal of Environmental Geography,hu,en,
ojs.cesuca.edu.br,robots_unavailable,remainder,REVISTA JURÍDICA DO CESUCA - ISSN 2317-9554,br,pt,
ojs.colef.mx,robots_unavailable,remainder,Frontera Norte,mx,es,
ojs.econ.uba.ar,robots_unavailable,remainder,H-industria: Revista de Historia de la industria y el desarrollo en América Latina,ar,,
ojs.fch.unicen.edu.ar,robots_unavailable,remainder,Revista Estudios Ambientales,ar,es,
ojs.fsg.edu.br,robots_unavailable,remainder,Revista Global Manager,br,pt,
ojs.politicasdelamemoria.cedinci.org,robots_unavailable,remainder,Políticas de la memoria,ar,es,
ojs.rosario-conicet.gov.ar,robots_unavailable,remainder,Estudios del ISHiR,ar,,
ojs.tnkul.pl,robots_unavailable,remainder,Journal for Perspectives of Economic Political and Social Integration,pl,en,
ojs.uac.edu.co,robots_unavailable,remainder,Prospectiva,co,es,
ojs.uclouvain.be,robots_unavailable,remainder,Émulations,be,en,
ojs.ufpi.br,robots_unavailable,remainder,Revista de Enfermagem da UFPI,br,pt,
ojs.unemi.edu.ec,robots_unavailable,remainder,Ciencia UNEMI,ec,es,
ojs.unict.it,robots_unavailable,remainder,Annali della Facoltà di Scienze della Formazione Università degli Studi di Catania,it,it,
ojs.unifor.br,robots_unavailable,remainder,Pensar,br,pt,
ojs.unito.it,robots_unavailable,remainder,Ciceroniana,it,en,
ojs.uniurb.it,robots_unavailable,remainder,"Argomenti: Rivista di Economia, Cultura e Ricerca Sociale",it,it,
ojs.univas.edu.br,robots_unavailable,remainder,Entremeios,br,pt,
ojs.upv.es,robots_unavailable,remainder,World Rabbit Science,es,en,
ojs.urepublicana.edu.co,robots_unavailable,remainder,"Revista Ingeniería, Matemáticas y Ciencias de la Información",co,es,
ojs.uv.es,robots_unavailable,remainder,Metode science studies journal : annual review,es,en,
ojs.uwindsor.ca,robots_unavailable,remainder,Windsor Yearbook of Access to Justice,ca,en,
ojs.victoria.ac.nz,robots_unavailable,remainder,The Australasian Journal of Logic,au,en,
ojsrevista.furb.br,robots_unavailable,remainder,Revista Universo Contábil,br,pt,
ok-magazine.ru,robots_unavailable,remainder,OK! Russia,ru,ru,
okej.se,robots_unavailable,remainder,Okej,se,sv,
okey.rtm.gov.my,robots_unavailable,remainder,TV Okey,my,,
olafinanciera.unam.mx,robots_unavailable,remainder,Ola Financiera,mx,es,
olandsbladet.se,robots_unavailable,remainder,Ölandsbladet,se,sv,
oldwww.acm.org,robots_unavailable,remainder,Assoc for Computing Machinery New Zealand Bulletin,nz,,
oldwww.fuw.edu.pl,robots_unavailable,remainder,Q11694839,pl,pl,
olfi.dk,robots_unavailable,remainder,Q83373008,dk,da,
olivar.fahce.unlp.edu.ar,robots_unavailable,remainder,Olivar: Revista de Literatura y Cultura Españolas,ar,es,
olivialehti.fi,robots_unavailable,remainder,Olivia,fi,fi,
olomoucky.denik.cz,robots_unavailable,remainder,Q65348458,cz,cs,
olschki.it,robots_unavailable,remainder,Galilaeana,it,en,
oltenia3.ro,robots_unavailable,remainder,Oltenia 3TV,ro,ro,
omegamedias.info,robots_unavailable,remainder,Radio Oméga,bf,,
omvarlden.se,robots_unavailable,remainder,OmVärlden,se,sv,
omvs.at,robots_unavailable,remainder,Literatur und Kritik,at,de,
on.fi,robots_unavailable,remainder,Östra Nyland,fi,sv,
onamediterrania.cat,robots_unavailable,remainder,Ona Mediterrània,es,,
oncohematology.abvpress.ru,robots_unavailable,remainder,Onkogematologiâ,ru,ru,
ondacero.es,robots_unavailable,remainder,Onda Cero,es,es,
ondajaen.es,robots_unavailable,remainder,Onda Jaén RTV,es,es,
ondaligure.it,robots_unavailable,remainder,Radio Onda Ligure 101,it,it,
one-tv.com,robots_unavailable,remainder,One TV,cn,,
onefm.ch,robots_unavailable,remainder,Q2023979,ch,,
onefm.sg,robots_unavailable,remainder,ONE FM 91.3,sg,,
onehealthjournal.org,robots_unavailable,remainder,International journal of one health,in,en,
onesports.ph,robots_unavailable,remainder,One Sports +,ph,,
onetvnbc.it,robots_unavailable,remainder,Q3982762,it,it,
online.unisc.br,robots_unavailable,remainder,Estudos do CEPE,br,pt,
onlinejets.org,robots_unavailable,remainder,"Journal of Emergencies, Trauma, and Shock",in,en,
onlineradiobox.me,robots_unavailable,remainder,Q4229783,ru,,
onserfdeel.be,robots_unavailable,remainder,Septentrion,be,fr,
oolhodahistoria.ufba.br,robots_unavailable,remainder,O Olho da História,br,pt,
op.gg,robots_unavailable,remainder,OGN,kr,,
op.niscpr.res.in,robots_unavailable,remainder,Annals of Library and Information Studies,in,en,
op.se,robots_unavailable,remainder,Östersunds-Posten,se,sv,
opapagaio.gal,robots_unavailable,remainder,Q97220013,es,gl,
openaccess.leidenuniv.nl,robots_unavailable,remainder,Journal of the LUCAS Graduate Conference,nl,en,
opengeosciences.com,robots_unavailable,remainder,Open Geosciences,pl,en,
openjournals.nl,robots_unavailable,remainder,Early Modern Low Countries,nl,en,
openpraxis.org,robots_unavailable,remainder,Open Praxis,no,en,
operaactual.com,robots_unavailable,remainder,Òpera Actual,es,es,
operacanada.ca,robots_unavailable,remainder,Opera Canada,ca,en,
ophthalmosurgery.ru,robots_unavailable,remainder,Fyodorov Journal of Ophthalmic Surgery,ru,ru,
opm.elamed.pl,robots_unavailable,remainder,Q11796865,pl,pl,
oppland-arbeiderblad.no,robots_unavailable,remainder,Oppland Arbeiderblad,no,no,
orapp.no,robots_unavailable,remainder,Økonomisk Rapport,no,no,
orbe.cl,robots_unavailable,remainder,Q5659744,cl,,
orbistertius.unlp.edu.ar,robots_unavailable,remainder,Orbis Tertius,ar,es,
orbital.ufms.br,robots_unavailable,remainder,Orbital: The Electronic Journal of Chemistry,br,pt,
ordfrontmagasin.se,robots_unavailable,remainder,Q10611255,se,sv,
ordinesmilitares.umk.pl,robots_unavailable,remainder,Ordines Militares Colloquia Torunensia Historica,pl,pl,
oreanda-news.com,robots_unavailable,remainder,Oreanda – news agency,ru,,
orient-news.net,robots_unavailable,remainder,Orient News,tr,,
orientaldaily.com.my,robots_unavailable,remainder,Oriental Daily News,my,zh,
origin.colorsbangla.com,robots_unavailable,remainder,Colors Bangla,in,,
oriobranco.net,robots_unavailable,remainder,TV Rio Branco,br,,
orion.journals.ac.za,robots_unavailable,remainder,ORiON,za,,
orm.es,robots_unavailable,remainder,Onda Regional de Murcia,es,es,
ornamentalhorticulture.emnuvens.com.br,robots_unavailable,remainder,Ornamental Horticulture,br,pt,
ornenochkrakan.se,robots_unavailable,remainder,Q107325261,se,sv,
ornis.hu,robots_unavailable,remainder,Ornis Hungarica,hu,hu,
ortodoksi.net,robots_unavailable,remainder,Solea,fi,,
ortodox.se,robots_unavailable,remainder,Ortodox tidning,se,sv,
osakifm.jp,robots_unavailable,remainder,Q119658878,jp,ja,
osn.com,robots_unavailable,remainder,OSN Sports,ae,,
ostanowka.pl,robots_unavailable,remainder,Q16584747,pl,ru,
osterlenmagasinet.se,robots_unavailable,remainder,Q10728052,se,sv,
ostgotaspel.se,robots_unavailable,remainder,Q108763306,se,sv,
ostnyland.fi,robots_unavailable,remainder,Östnyland,fi,sv,
ostour.dohainstitute.org,robots_unavailable,remainder,Ostour,qa,en,
osundefender.org,robots_unavailable,remainder,Osun Defender,ng,,
ot.fi,robots_unavailable,remainder,Österbottens Tidning,fi,sv,
otolaryngologypl.com,robots_unavailable,remainder,Otolaryngologia Polska,pl,pl,
otpn.uni.opole.pl,robots_unavailable,remainder,Q28674060,pl,pl,
ouagafm.bf,robots_unavailable,remainder,Ouaga FM,bf,,
outubrorevista.com.br,robots_unavailable,remainder,Revista Outubro,br,pt,
overland.org.au,robots_unavailable,remainder,Overland,au,en,
ox-tv.co.jp,robots_unavailable,remainder,Sendai Television,jp,ja,
oystermag.com,robots_unavailable,remainder,Oyster,au,en,
ozfm.com,robots_unavailable,remainder,CHOZ-FM,ca,,
p-international.org,robots_unavailable,remainder,Prostate international,kr,en,
p3.no,robots_unavailable,remainder,NRK P3,no,no,
p3tv.at,robots_unavailable,remainder,P3tv,at,de,
paas.org.pl,robots_unavailable,remainder,Polish Journal for American Studies,pl,en,
pachemish.umi.ru,robots_unavailable,remainder,Q259525,ru,ru,
pacifictv.tv,robots_unavailable,remainder,Pacific TV,id,,
padi.psiedu.ubbcluj.ro,robots_unavailable,remainder,PedActa,ro,ro,
paedchrist.umk.pl,robots_unavailable,remainder,Q11802179,pl,pl,
paesesera.it,robots_unavailable,remainder,Paese Sera,it,it,
pafmj.org,robots_unavailable,remainder,Pakistan Armed Forces Medical Journal,pk,en,
paginas.uepa.br,robots_unavailable,remainder,Revista Ribanceira,br,pt,
paherald.sk.ca,robots_unavailable,remainder,Prince Albert Daily Herald,ca,en,
paieterno.com.br,robots_unavailable,remainder,Q65166487,br,pt,
painmedicine.org.ua,robots_unavailable,remainder,Pain Medicine,ua,uk,
pajes.pau.edu.tr,robots_unavailable,remainder,Pamukkale University Journal of Engineering Sciences,tr,tr,
pajpress.pl,robots_unavailable,remainder,Q9359861,pl,pl,
pakapaka.gob.ar,robots_unavailable,remainder,Pakapaka,ar,,
pakistantimes.net,robots_unavailable,remainder,Pakistan Times,pk,en,
palabraclave.fahce.unlp.edu.ar,robots_unavailable,remainder,Palabra clave [La Plata],ar,es,
paletten.net,robots_unavailable,remainder,Paletten,se,sv,
palfm.com.tr,robots_unavailable,remainder,Q61072065,tr,tr,
pallieterke.info,robots_unavailable,remainder,'t Pallieterke,be,nl,
palmaresadisq.stingray.com,robots_unavailable,remainder,PalmarèsADISQ par Stingray,ca,,
palnostalji.com.tr,robots_unavailable,remainder,Q95736117,tr,tr,
pampa.com.br,robots_unavailable,remainder,Rádio Eldorado,br,pt,
panamjas.org,robots_unavailable,remainder,Pan-American Journal of Aquatic Sciences,br,en,
panorama.no,robots_unavailable,remainder,Panorama (online newspaper),no,no,
paper.jyb.cn,robots_unavailable,remainder,China Education Daily,cn,zh,
papyrus.bib.umontreal.ca,robots_unavailable,remainder,BioéthiqueOnline,ca,fr,
parabola.cz,robots_unavailable,remainder,Q100710241,cz,cs,
paramountcomedy.ru,robots_unavailable,remainder,Paramount Comedy,ru,ru,
paramountnetwork.cz,robots_unavailable,remainder,Q21685627,cz,cs,
paramountnetwork.fi,robots_unavailable,remainder,Paramount Network,fi,fi,
parati.com.ar,robots_unavailable,remainder,Para Ti,ar,es,
pardubicky.denik.cz,robots_unavailable,remainder,Q115913196,cz,cs,
parichaytimes.com,robots_unavailable,remainder,Parichay Times,in,hi,
parrhesiajournal.org,robots_unavailable,remainder,Parrhesia: A Journal of Critical Philosophy,au,en,
partidocarlista.com,robots_unavailable,remainder,El Federal,es,,
pasadoymemoria.ua.es,robots_unavailable,remainder,Pasado y Memoria: revista de historia contemporanea,es,es,
pasj.asj.or.jp,robots_unavailable,remainder,Publications of the Astronomical Society of Japan,jp,en,
passiontimes.hk,robots_unavailable,remainder,Passion Times,cn,,
passivhaus.at,robots_unavailable,remainder,Passivhaus - Das Trendmagazin,at,de,
pasteur.tn,robots_unavailable,remainder,Archives de l'Institut Pasteur de Tunis,tn,fr,
pathofscience.org,robots_unavailable,remainder,Traektoriâ Nauki,sk,,
patnadaily.com,robots_unavailable,remainder,PatnaDaily,in,en,
patrikparizek.com,robots_unavailable,remainder,Q134405327,cz,cs,
pau.krakow.pl,robots_unavailable,remainder,Prace Komisji Historii Nauki PAU,pl,pl,
pbs.gov.ph,robots_unavailable,remainder,DWFT,ph,en,
pcb.ub.edu,robots_unavailable,remainder,Filmhistoria,es,,
pcma.uw.edu.pl,robots_unavailable,remainder,Polish Archaeology in the Mediterranean,pl,en,
pcne.tv,robots_unavailable,remainder,Phoenix Chinese News and Entertainment Channel,hk,,
peacetvbangla.com,robots_unavailable,remainder,Peace TV Bangla,ae,,
pearlmagic.dstv.com,robots_unavailable,remainder,Pearl Magic,ug,,
peasantstudies.ru,robots_unavailable,remainder,Russian Peasant Studies,ru,en,
pedagog-science.ru,robots_unavailable,remainder,Pedagogical Scientific Journal,ru,en,
pedagogica.tnpu.edu.ua,robots_unavailable,remainder,Naukovì Zapiski Ternopìlʹsʹkogo Nacìonalʹnogo Pedagogìčnogo Unìversitetu Imenì Volodimira Gnatûka. Serìâ: Pedagogìka,ua,uk,
pedpharma.ru,robots_unavailable,remainder,Pediatričeskaâ Farmakologiâ,ru,ru,
peggy991.com,robots_unavailable,remainder,CFPG-FM,ca,,
pembinavalleyonline.com,robots_unavailable,remainder,CKMW-FM,ca,en,
penalecontemporaneo.it,robots_unavailable,remainder,Diritto Penale Contemporaneo,it,it,
pendientedemigracion.ucm.es,robots_unavailable,remainder,Revista UNISCI,es,es,
penelopa.pl,robots_unavailable,remainder,Q11802718,pl,pl,
penerbit.uthm.edu.my,robots_unavailable,remainder,Journal of Techno-Social,my,en,
pensamientoeducativo.org,robots_unavailable,remainder,Pensamiento Educativo: Revista de Investigación Educacional Latinoamericana,cl,es,
pensarenmovimiento.ucr.ac.cr,robots_unavailable,remainder,Pensar en Movimiento: Revista de Ciencias del Ejercicio y la Salud,cr,es,
people.com.cn,robots_unavailable,remainder,People's Daily,cn,zh,
peoplerail.com,robots_unavailable,remainder,People's Railway Daily,cn,,
pereslavl.ru,robots_unavailable,remainder,Pereslavl Week,ru,ru,
perfilesla.flacso.edu.mx,robots_unavailable,remainder,Perfiles latinoamericanos : revista de la Sede Academica de Mexico de la Facultad Latinoamericana de Ciencias Sociales,mx,es,
perinatologia.mx,robots_unavailable,remainder,Perinatologia y reproduccion humana,es,es,
periodicals.osu.eu,robots_unavailable,remainder,Central European Journal of Nursing and Midwifery,cz,en,
periodico.morelos.gob.mx,robots_unavailable,remainder,Q125952545,mx,es,
periodico.sfpcoahuila.gob.mx,robots_unavailable,remainder,Q125952534,mx,es,
periodico.tlaxcala.gob.mx,robots_unavailable,remainder,Q125952559,mx,es,
periodicocnt.org,robots_unavailable,remainder,Q5821025,cu,es,
periodicodeibiza.es,robots_unavailable,remainder,Q137561468,es,es,
periodicooficial.guerrero.gob.mx,robots_unavailable,remainder,Official Newspaper of the Government of the State of Guerrero,mx,es,
periodicooficial.jalisco.gob.mx,robots_unavailable,remainder,Q125952541,mx,es,
periodicooficial.oaxaca.gob.mx,robots_unavailable,remainder,Q125952549,mx,es,
periodicooficial.puebla.gob.mx,robots_unavailable,remainder,Q125952550,mx,es,
periodicos.baraodemaua.br,robots_unavailable,remainder,Transitions,br,pt,
periodicos.feevale.br,robots_unavailable,remainder,Revista Gestão e Desenvolvimento,br,pt,
periodicos.fgv.br,robots_unavailable,remainder,"Estudos historicos (Rio de Janeiro, Brazil)",br,fr,
periodicos.franca.unesp.br,robots_unavailable,remainder,História e Cultura,br,pt,
periodicos.ifap.edu.br,robots_unavailable,remainder,Journal of Bioenergy and Food Science,br,pt,
periodicos.ifg.edu.br,robots_unavailable,remainder,Tecnia,br,pt,
periodicos.ifgoiano.edu.br,robots_unavailable,remainder,Multi-Science Journal,br,pt,
periodicos.ifpb.edu.br,robots_unavailable,remainder,Revista Principia,br,pt,
periodicos.ifpr.edu.br,robots_unavailable,remainder,Revista Mundi Sociais e Humanidades,br,pt,
periodicos.ifsc.edu.br,robots_unavailable,remainder,Caminho Aberto: Revista de Extensão do IFSC,br,pt,
periodicos.letras.ufmg.br,robots_unavailable,remainder,Revista de Estudos da Linguagem,br,pt,
periodicos.pf.gov.br,robots_unavailable,remainder,Revista Brasileira de Ciências Policiais,br,pt,
periodicos.puc-campinas.edu.br,robots_unavailable,remainder,Estudos de Psicologia (Campinas),br,pt,
periodicos.pucminas.br,robots_unavailable,remainder,Scripta (Belo Horizonte),br,pt,
periodicos.pucpr.br,robots_unavailable,remainder,Fisioterapia em Movimento,br,pt,
periodicos.rc.biblioteca.unesp.br,robots_unavailable,remainder,Motriz : revista de educacao fisica. UNESP,br,pt,
periodicos.uefs.br,robots_unavailable,remainder,A Cor das Letras,br,pt,
periodicos.uem.br,robots_unavailable,remainder,Acta Scientiarum: Agronomy,br,pt,
periodicos.ufam.edu.br,robots_unavailable,remainder,Revista Decifrar,br,pt,
periodicos.ufba.br,robots_unavailable,remainder,Estudos Linguísticos e Literários,br,pt,
periodicos.uff.br,robots_unavailable,remainder,Revista Gragoata,br,pt,
periodicos.uffs.edu.br,robots_unavailable,remainder,Revista Brasileira de Extensão Universitária,br,pt,
periodicos.ufjf.br,robots_unavailable,remainder,Q27722248,br,pt,
periodicos.ufmg.br,robots_unavailable,remainder,Kriterion: revista de filosofia,br,pt,
periodicos.ufms.br,robots_unavailable,remainder,Perspectivas em Diálogo: Revista de Educação e Sociedade,br,pt,
periodicos.ufpa.br,robots_unavailable,remainder,Novos Cadernos NAEA,br,pt,
periodicos.ufpe.br,robots_unavailable,remainder,Clio,br,pt,
periodicos.ufrn.br,robots_unavailable,remainder,Revista Educação em Questão,br,pt,
periodicos.ufs.br,robots_unavailable,remainder,Tomo,br,pt,
periodicos.ufsm.br,robots_unavailable,remainder,Ciencia Florestal,br,pt,
periodicos.ufv.br,robots_unavailable,remainder,Educação em Perspectiva,br,pt,
periodicos.ulbra.br,robots_unavailable,remainder,Revista Textura,br,pt,
periodicos.unb.br,robots_unavailable,remainder,Revista Brasileira de agroecologia,br,pt,
periodicos.unicesumar.edu.br,robots_unavailable,remainder,Iniciacao Cientifica CESUMAR,br,pt,
periodicos.unichristus.edu.br,robots_unavailable,remainder,Revista Opinião Jurídica,br,pt,
periodicos.unifacef.com.br,robots_unavailable,remainder,REA: Revista Eletrônica de Administração,br,pt,
periodicos.unifesspa.edu.br,robots_unavailable,remainder,Escritas do Tempo,br,pt,
periodicos.uninove.br,robots_unavailable,remainder,EccoS  Revista Científica,br,pt,
periodicos.unipe.br,robots_unavailable,remainder,Direito e Desenvolvimento,br,pt,
periodicos.unir.br,robots_unavailable,remainder,Educa,br,pt,
periodicos.uniso.br,robots_unavailable,remainder,Avaliação: Revista da Avaliação da Educação Superior,br,pt,
periodicos.upe.br,robots_unavailable,remainder,Escripturas,br,pt,
periodicos.utfpr.edu.br,robots_unavailable,remainder,Revista Tecnologia e Sociedade,br,pt,
persee.fr,robots_unavailable,remainder,Staps,be,fr,
perso.fundp.ac.be,robots_unavailable,remainder,Études Classiques,be,fr,
peru21.pe,robots_unavailable,remainder,Perú.21,pe,es,
pesd.ro,robots_unavailable,remainder,Present Environment and Sustainable Development,pl,en,
peshawartimes.com,robots_unavailable,remainder,Peshawar Times,pk,en,
pesquisa.doe.seplag.ce.gov.br,robots_unavailable,remainder,Q18245877,br,pt,
petir.sg,robots_unavailable,remainder,Petir,sg,en,
petka.cz,robots_unavailable,remainder,TV Pětka,cz,cs,
petrosolgas.com.br,robots_unavailable,remainder,Petrosolgas,br,pt,
pf.czasopisma.pan.pl,robots_unavailable,remainder,Przeglad Filozoficzny Nowa Seria,pl,pl,
pf.uni-lj.si,robots_unavailable,remainder,Zbornik Znanstvenih Razprav,si,sl,
pf.uw.edu.pl,robots_unavailable,remainder,Przeglad Filozoficzny Nowa Seria,pl,pl,
pgdesign.ufrgs.br,robots_unavailable,remainder,Design e Tecnologia,br,pt,
ph-burgenland.at,robots_unavailable,remainder,phpublico. Zeitschrift für Bildung und Erziehung,at,de,
ph.familylovefm.com,robots_unavailable,remainder,"Family love 97.7FM, Port Harcourt",ng,,
phac-aspc.gc.ca,robots_unavailable,remainder,"Health promotion and chronic disease prevention in Canada : research, policy and practice",ca,en,
phalaphalafm.co.za,robots_unavailable,remainder,Phalaphala FM,za,,
pharefm.com,robots_unavailable,remainder,Q3378124,be,,
pharmasalud.net,robots_unavailable,remainder,PharmaSalud,es,es,
pharmpharm.ru,robots_unavailable,remainder,Farmaciâ i Farmakologiâ (Pâtigorsk),ru,ru,
phil.muni.cz,robots_unavailable,remainder,Studia Paedagogica,cz,cs,
phillet.hse.ru,robots_unavailable,remainder,Philosophical Letters Russian and European Dialogue,ru,ru,
philol-journal.sfedu.ru,robots_unavailable,remainder,Izvestiâ Ûžnogo Federalʹnogo Universiteta: Filologičeskie Nauki,ru,ru,
philomusica.unipv.it,robots_unavailable,remainder,Philomusica on-line,it,it,
philosophy.hse.ru,robots_unavailable,remainder,Philosophy Journal of the Higher School of Economics,ru,ru,
philsoc.psu.ru,robots_unavailable,remainder,Q96734887,ru,ru,
phoenixtv.com,robots_unavailable,remainder,Phoenix Television,cn,,
photonics.pl,robots_unavailable,remainder,Photonics Letters of Poland,pl,en,
phr.net.pl,robots_unavailable,remainder,Polish Hyperbaric Research,pl,pl,
phrp.com.au,robots_unavailable,remainder,Public health research & practice,au,en,
phuketblog.ru,robots_unavailable,remainder,Thai Reality,th,ru,
physchemaspects.ru,robots_unavailable,remainder,"Physical and Chemical Aspects of the Study of Clusters, Nanostructures and Nanomaterials",ru,ru,
physical-oceanography.ru,robots_unavailable,remainder,Physical Oceanography,ru,en,
pia.gov.ph,robots_unavailable,remainder,Philippine Information Agency,ph,,
pic.com.ua,robots_unavailable,remainder,Q4362318,ua,ru,
pickeringcollege.on.ca,robots_unavailable,remainder,CHOP-FM,ca,,
picronline.org,robots_unavailable,remainder,Perspectives in Clinical Research,in,en,
pimr.pl,robots_unavailable,remainder,Pediatria i Medycyna Rodzinna,pl,pl,
pionerka.ru,robots_unavailable,remainder,Pionerskaya Pravda,ru,ru,
pirkkalainen.com,robots_unavailable,remainder,Q11888230,fi,,
pismozadra.pl,robots_unavailable,remainder,Q9385755,pl,pl,
pitea-tidningen.se,robots_unavailable,remainder,Piteå-Tidningen,se,sv,
piterpan.it,robots_unavailable,remainder,Radio Piterpan,it,it,
piu.org.pl,robots_unavailable,remainder,Q9372407,pl,pl,
pje.sgu.ru,robots_unavailable,remainder,Povolzhskii ekologicheskii zhurnal,ru,ru,
pjf.mg.gov.br,robots_unavailable,remainder,Q124935325,br,pt,
pjms.com.pk,robots_unavailable,remainder,Pakistan Journal of Medical Sciences,pk,en,
pjpr.net,robots_unavailable,remainder,Pakistan Journal of Pharmaceutical Research,pk,en,
pkp.unirc.it,robots_unavailable,remainder,LaborEst,it,it,
pktvkaltim.com,robots_unavailable,remainder,Publik Khatulistiwa TV,id,,
placar.abril.com.br,robots_unavailable,remainder,Placar,br,pt,
plainlaw.me,robots_unavailable,remainder,Plain Law Movement,tw,,
plakiri.com,robots_unavailable,remainder,Q17219896,jp,,
planet101fm.ng,robots_unavailable,remainder,Planet 101.1 FM,ng,,
planeta.tv,robots_unavailable,remainder,Planeta TV,bg,,
plantroot.org,robots_unavailable,remainder,Plant Root,jp,en,
platoon.co.kr,robots_unavailable,remainder,Platoon,kr,ko,
playmelilla.es,robots_unavailable,remainder,Televisión Melilla,es,es,
playtv.com.br,robots_unavailable,remainder,PlayTV,br,pt,
plazajuarez.mx,robots_unavailable,remainder,Plaza Juárez,mx,es,
plc.psychologia.pl,robots_unavailable,remainder,Psychology of Language and Communication,pl,en,
plit-aip.com,robots_unavailable,remainder,Pl.it,it,it,
plomyczek.amos.waw.pl,robots_unavailable,remainder,Płomyczek,pl,pl,
plustvafrica.com,robots_unavailable,remainder,Plus TV Africa,ng,,
pmcasanova.transparenciaoficialba.com.br,robots_unavailable,remainder,Q124989683,br,pt,
pmi.spmi.ru,robots_unavailable,remainder,Zapiski Gornogo Instituta,ru,ru,
pnp.ru,robots_unavailable,remainder,The Parliamentary Newspaper,ru,ru,
pnu.edu.ph,robots_unavailable,remainder,The Normal Lights,ph,en,
po.pnuresearchportal.org,robots_unavailable,remainder,The Normal Lights,ph,en,
po.qroo.gob.mx,robots_unavailable,remainder,Q125952552,mx,es,
podesenvolvimento.org.br,robots_unavailable,remainder,Pesquisa Operacional para o Desenvolvimento,br,pt,
podiemvrn.ru,robots_unavailable,remainder,Q4368504,ru,ru,
podiumreview.org.br,robots_unavailable,remainder,Podium,br,pt,
poippo.pl.ua,robots_unavailable,remainder,Q12142780,ua,uk,
poit.org,robots_unavailable,remainder,Post- och Inrikes Tidningar,se,sv,
poj.ippi.ac.ir,robots_unavailable,remainder,Polyolefins Journal,ir,en,
pol-int.org,robots_unavailable,remainder,Polish-Studies.Interdisciplinary,pl,,
poligramas.univalle.edu.co,robots_unavailable,remainder,Poligramas,co,es,
polimertv.com,robots_unavailable,remainder,Polimer TV,in,ta,
polinews.co.kr,robots_unavailable,remainder,Polinews,kr,ko,
polipapers.upv.es,robots_unavailable,remainder,World Rabbit Science,es,en,
polired.upm.es,robots_unavailable,remainder,Building & Management,es,es,
polish.polar.pan.pl,robots_unavailable,remainder,Polish Polar Research,pl,en,
polishlibraries.bn.org.pl,robots_unavailable,remainder,Polish Libraries,pl,en,
polit.ru,robots_unavailable,remainder,Polit.ru,ru,ru,
polites.news,robots_unavailable,remainder,Polites News,kz,en,
politicaexterna.com.br,robots_unavailable,remainder,Politica Externa,br,pt,
politickamisao.com,robots_unavailable,remainder,Politicka Misao,hr,en,
politiforum.no,robots_unavailable,remainder,Q136094178,no,no,
politisk.no,robots_unavailable,remainder,Politisk.no,no,no,
polityka.pl,robots_unavailable,remainder,Polityka,pl,pl,
polsatbiznes.pl,robots_unavailable,remainder,Polsat Biznes,pl,pl,
polsatsportnews.pl,robots_unavailable,remainder,Polsat Sport 3,pl,pl,
polska-ihpan.edu.pl,robots_unavailable,remainder,Polska 1944/45-1989 Studia i Materiały,pl,pl,
polsl.pl,robots_unavailable,remainder,Scientific Journal of Silesian University of Technology. Series Transport,pl,pl,
pomerania.tv,robots_unavailable,remainder,Q11823044,pl,,
pomorska.pl,robots_unavailable,remainder,Q9266382,pl,pl,
popradio.pl,robots_unavailable,remainder,Q24943737,pl,pl,
popularhistoria.se,robots_unavailable,remainder,Populär Historia,se,sv,
popups.ulg.ac.be,robots_unavailable,remainder,"Biotechnologie, Agronomie, Société et Environnement",be,en,
popups.uliege.be,robots_unavailable,remainder,Geologica Belgica,be,,
poradnikjezykowy.uw.edu.pl,robots_unavailable,remainder,Q16590203,pl,pl,
poranny.pl,robots_unavailable,remainder,Kurier Poranny,pl,pl,
poresto.net,robots_unavailable,remainder,Por Esto!,mx,es,
portageonline.com,robots_unavailable,remainder,CHPO-FM,ca,,
portal-kultura.ru,robots_unavailable,remainder,Kultura,ru,ru,
portal.capital.ms.gov.br,robots_unavailable,remainder,Q124978069,br,pt,
portalcultura.com.br,robots_unavailable,remainder,Rede Cultura do Pará,br,pt,
portaldeperiodicos.marinha.mil.br,robots_unavailable,remainder,Revista Navigator,br,pt,
portale.unipa.it,robots_unavailable,remainder,Mythos,it,it,
portalperiodicos.unoesc.edu.br,robots_unavailable,remainder,Roteiro,br,pt,
portalrcs.hcitajuba.org.br,robots_unavailable,remainder,Revista Ciencias em Saude,br,pt,
portalseer.ufba.br,robots_unavailable,remainder,Cadernos de Prospecção,br,pt,
portaltutor.com,robots_unavailable,remainder,Conpedi Law Review,br,,
portesasiapacifico.com.mx,robots_unavailable,remainder,Portes: Revista mexicana de estudios sobre la Cuenca del Pacífico,mx,es,
portocanal.pt,robots_unavailable,remainder,Porto Canal,pt,pt,
pos.direito.ufmg.br,robots_unavailable,remainder,Revista Brasileira de Estudos Políticos,br,pt,
postmedia.com,robots_unavailable,remainder,Postmedia News,ca,,
postscriptum.se,robots_unavailable,remainder,Q10638064,se,sv,
potravinarstvo.com,robots_unavailable,remainder,Potravinarstvo,sk,en,
pov.international,robots_unavailable,remainder,POV.International,dk,,
poverkhnost.tv,robots_unavailable,remainder,Q4438040,ua,,
power98.com.sg,robots_unavailable,remainder,Power 98,sg,,
power99fm.com,robots_unavailable,remainder,CFMM-FM,ca,,
powerfm.com.au,robots_unavailable,remainder,Power FM 98.1,au,,
ppct.caicyt.gov.ar,robots_unavailable,remainder,Archivos Argentinos de Pediatría,ar,en,
ppegeo.igc.usp.br,robots_unavailable,remainder,Brazilian Journal of Geology,br,en,
ppgmidiaecotidiano.uff.br,robots_unavailable,remainder,Mídia e Cotidiano,br,pt,
ppj-online.org,robots_unavailable,remainder,The plant pathology journal,kr,en,
ppml.url.tw,robots_unavailable,remainder,"Journal of Engineering, Project, and Production Management",tw,en,
pptma.dn.ua,robots_unavailable,remainder,Profesìonalìzm Pedagoga: Teoretičnì j Metodičnì Aspekti,ua,uk,
pr.ua,robots_unavailable,remainder,Pryazovia Worker,ua,ru,
pracenaukowe.wwszip.pl,robots_unavailable,remainder,Q137213160,pl,pl,
pragativadi.com,robots_unavailable,remainder,Pragativadi,in,or,
pragerzeitung.cz,robots_unavailable,remainder,Prager Zeitung,cz,de,
praguepost.com,robots_unavailable,remainder,The Prague Post,cz,,
prahatv.eu,robots_unavailable,remainder,Praha TV,cz,,
prairiefm.ca,robots_unavailable,remainder,CKVH-FM,ca,,
praktische-philosophie.org,robots_unavailable,remainder,Zeitschrift für Praktische Philosophie,at,de,
praktykateoretyczna.pl,robots_unavailable,remainder,Theoretical Practice,pl,en,
prasarbharati.gov.in,robots_unavailable,remainder,DD National,in,,
pratahkal.com,robots_unavailable,remainder,Pratahkal,in,hi,
pratsi.opu.ua,robots_unavailable,remainder,Trudy Odesskogo Politehničeskogo Universiteta,ua,uk,
pravdaukraine.com,robots_unavailable,remainder,Q4375825,ua,ru,
pravoua.com.ua,robots_unavailable,remainder,Q16687808,ua,ru,
prawo.uwb.edu.pl,robots_unavailable,remainder,Miscellanea Historico-Iuridica,pl,pl,
praxisfilosofica.univalle.edu.co,robots_unavailable,remainder,Praxis Filosofica,co,en,
prefeitura.cachoeiro.es.gov.br,robots_unavailable,remainder,Q124989647,br,pt,
prellbock.ch,robots_unavailable,remainder,Prellbock,ch,de,
premiere.globo.com,robots_unavailable,remainder,Premiere,br,,
prensa-latina.cu,robots_unavailable,remainder,Prensa Latina,cu,,
prensahistorica.mcu.es,robots_unavailable,remainder,El Propagador de la libertad,es,es,
prenumeruj.forumakademickie.pl,robots_unavailable,remainder,Forum Akademickie,pl,pl,
press.psu.ru,robots_unavailable,remainder,Vestnik Permskogo universiteta: Rossijskaâ i zarubežnaâ filologiâ,ru,ru,
pressiraq.net,robots_unavailable,remainder,Sada News Agency,iq,ar,
pressmedia.com.pl,robots_unavailable,remainder,Super Nowości,pl,pl,
prettyandsmartco.com,robots_unavailable,remainder,Pretty & Smart Co.,ca,en,
pridemag.pl,robots_unavailable,remainder,Q18203334,pl,pl,
prideonline.it,robots_unavailable,remainder,Pride Magazine,it,it,
priopravda.ru,robots_unavailable,remainder,Priokskaya pravda,ru,ru,
prisaradio.com,robots_unavailable,remainder,PRISA Radio,es,,
privataaffarer.se,robots_unavailable,remainder,Privata affärer,se,sv,
pro4.hu,robots_unavailable,remainder,PRO4,hu,hu,
proa.ua.pt,robots_unavailable,remainder,Ágora,pt,pt,
proakademia.eu,robots_unavailable,remainder,Acta Innovations,pl,en,
proarena.sport.ro,robots_unavailable,remainder,Pro Arena,ro,ro,
proceedings.spiiras.nw.ru,robots_unavailable,remainder,SPIIRAS Proceedings,ru,ru,
profiles.friendster.com,robots_unavailable,remainder,DWGO-AM,ph,,
profort.org.pl,robots_unavailable,remainder,Śląski Rocznik Forteczny,pl,pl,
profsite.um.ac.ir,robots_unavailable,remainder,Khayyam Journal of Mathematics,ir,en,
proligno.ro,robots_unavailable,remainder,Pro Ligno,ro,ro,
properm.ru,robots_unavailable,remainder,ProPerm,ru,ru,
proskuriv.khm.gov.ua,robots_unavailable,remainder,Q20091991,ua,uk,
protoculture.ca,robots_unavailable,remainder,Protoculture Addicts,ca,,
protv.ro,robots_unavailable,remainder,PRO TV,ro,ro,
protvintl.ro,robots_unavailable,remainder,Pro TV Internațional,ro,ro,
province.ru,robots_unavailable,remainder,Newspaper Amur Meridian,ru,ru,
proxy.furb.br,robots_unavailable,remainder,Linguagens - Revista de Letras Artes e Comunicação,br,pt,
prsa.pl,robots_unavailable,remainder,Polskie Radio,pl,pl,
prtvc.net,robots_unavailable,remainder,Plateau Radio Television Corporation,ng,,
przeglad-tygodnik.pl,robots_unavailable,remainder,Przegląd,pl,pl,
przeglad.org,robots_unavailable,remainder,Przegląd Geopolityczny,pl,,
psb.ur.edu.pl,robots_unavailable,remainder,Podkarpackie Studia Biblioteczne,pl,pl,
pse-journal.hr,robots_unavailable,remainder,Journal of Public Sector Economics,hr,en,
psi.uba.ar,robots_unavailable,remainder,Anuario de Investigaciones,ar,es,
psicoperspectivas.cl,robots_unavailable,remainder,Psicoperspectivas,cl,es,
psicumex.unison.mx,robots_unavailable,remainder,PSICUMEX,mx,es,
pspaw.pl,robots_unavailable,remainder,Przegląd Spawalnictwa,pl,pl,
psroc.phys.ntu.edu.tw,robots_unavailable,remainder,Chinese Journal of Physics,tw,en,
pss.amu.edu.pl,robots_unavailable,remainder,Poznańskie Studia Slawistyczne,pl,en,
psw.uw.edu.pl,robots_unavailable,remainder,Przegląd Środkowo-Wschodni,pl,pl,
psychiatria.com.pl,robots_unavailable,remainder,Psychiatria i Psychologia Kliniczna,pl,pl,
psychkont.osu.cz,robots_unavailable,remainder,Psychology and its Contexts,cz,cs,
psychoedu.org,robots_unavailable,remainder,International Journal of Psychoanalysis and Education,it,,
psychologia-ekonomiczna.com.pl,robots_unavailable,remainder,Q20035380,pl,pl,
psyjournals.ru,robots_unavailable,remainder,Kulʹturno-istoričeskaâ Psihologiâ,ru,ru,
ptafr.org.pl,robots_unavailable,remainder,Q56328232,pl,pl,
ptaki-polski.pl,robots_unavailable,remainder,Ptaki Polski,pl,pl,
ptcnews.tv,robots_unavailable,remainder,Q24905913,in,,
ptf.net.pl,robots_unavailable,remainder,Q11825218,pl,pl,
ptgptb.org,robots_unavailable,remainder,"Places to Go, People to Be",au,en,
pth.olsztyn.pl,robots_unavailable,remainder,Q28674447,pl,pl,
pth.uwb.edu.pl,robots_unavailable,remainder,Q28674445,pl,pl,
pthradomsko.org,robots_unavailable,remainder,Zeszyty Radomszczańskie,pl,pl,
ptmts.org.pl,robots_unavailable,remainder,Journal of Theoretical and Applied Mechanics,pl,pl,
ptnz.org.ua,robots_unavailable,remainder,Q9266380,ua,uk,
ptsxs.pts.org.tw,robots_unavailable,remainder,PTS XS,tw,zh,
ptv.com.pk,robots_unavailable,remainder,Pakistan Television Corporation,pk,,
ptv.ph,robots_unavailable,remainder,DXNL-TV,ph,,
publ.royalacademy.dk,robots_unavailable,remainder,Biologiske Skrifter,dk,en,
public-republic.com,robots_unavailable,remainder,Q12270805,bg,,
public-republic.de,robots_unavailable,remainder,Q12270805,bg,de,
public-republic.net,robots_unavailable,remainder,Q12270805,bg,,
publicacao.uniasselvi.com.br,robots_unavailable,remainder,Q136001368,br,pt,
publicaciones.autonoma.edu.co,robots_unavailable,remainder,Ánfora,co,es,
publicaciones.csnat.unt.edu.ar,robots_unavailable,remainder,Mundo de Antes,ar,es,
publicaciones.eafit.edu.co,robots_unavailable,remainder,Ecos de Economía,co,es,
publicaciones.fcnym.unlp.edu.ar,robots_unavailable,remainder,Revista del Museo de La Plata,ar,,
publicaciones.mnhn.cl,robots_unavailable,remainder,Boletín del Museo Nacional de Historia Natural de Chile,cl,es,
publicaciones.ucuenca.edu.ec,robots_unavailable,remainder,Tsantsa: Revista de Investigaciones Artísticas,ec,es,
publicaciones.unex.es,robots_unavailable,remainder,Norba. Revista de Arte,es,es,
publicaciones.unpa.edu.ar,robots_unavailable,remainder,Informes Científicos y Técnicos (Universidad Nacional de la Patagonia Austral),ar,es,
publicacionesfac.com,robots_unavailable,remainder,Ciencia y Poder Aéreo,co,es,
publicacoes.fcc.org.br,robots_unavailable,remainder,Cadernos De Pesquisas,br,pt,
publicacoes.uniceub.br,robots_unavailable,remainder,Universitas Ciências da Saúde,br,pt,
publicacoes.unicid.edu.br,robots_unavailable,remainder,Revista @mbienteeducação,br,pt,
publicacoes.unifal-mg.edu.br,robots_unavailable,remainder,Cultura Histórica & Patrimônio,br,pt,
publicacoesacademicas.unicatolicaquixada.edu.br,robots_unavailable,remainder,Revista Expressão Católica,br,pt,
publicacoesacademicas.uniceub.br,robots_unavailable,remainder,Revista de Direito Internacional,br,pt,
publications.dainst.org,robots_unavailable,remainder,Deutsches Archaeologisches Institut. Roemische Abteilung. Mitteilungen,it,en,
publications.gc.ca,robots_unavailable,remainder,"Health promotion and chronic disease prevention in Canada : research, policy and practice",ca,en,
publicera.kb.se,robots_unavailable,remainder,Svensk exegetisk årsbok,se,sv,
publirose.it,robots_unavailable,remainder,Q3979617,it,it,
pudhari.com,robots_unavailable,remainder,Pudhari,in,mr,
pueblosyfronteras.unam.mx,robots_unavailable,remainder,Revista Pueblos y Fronteras Digital,mx,es,
puertademadrid.org,robots_unavailable,remainder,Puerta de Madrid,es,es,
pulseniagara.com,robots_unavailable,remainder,Pulse Niagara,ca,,
punjabitribuneonline.com,robots_unavailable,remainder,Punjabi Tribune,in,pa,
pureas.iraqjournals.com,robots_unavailable,remainder,Ibn Al-Haitham Journal for Pure and Applied Sciences,iq,,
purl.nla.gov.au,robots_unavailable,remainder,Aboriginal History,au,en,
purl.pt,robots_unavailable,remainder,A Águia,pt,pt,
pv-tv.tv,robots_unavailable,remainder,PV TV,ro,,
pvisti.info,robots_unavailable,remainder,Q16711963,ua,,
pvonline.ca,robots_unavailable,remainder,People's Voice,ca,,
pvti.ru,robots_unavailable,remainder,Bezopasnostʹ Informacionnyh Tehnologij,ru,ru,
pwsz.sulechow.pl,robots_unavailable,remainder,Q9347347,pl,pl,
q-music.be,robots_unavailable,remainder,Q-music TV,be,,
q102.ie,robots_unavailable,remainder,Dublin's Q102,ie,,
q889.ca,robots_unavailable,remainder,CHNI-FM,ca,,
qdaily.com,robots_unavailable,remainder,Qdaily,cn,,
qidian.com,robots_unavailable,remainder,Qidian,cn,zh,
qimao.com,robots_unavailable,remainder,Qimao Novels,cn,,
qman.com.pl,robots_unavailable,remainder,Quaestiones Medii Aevi Novae,pl,en,
qmeds.iraqjournals.com,robots_unavailable,remainder,Al-Qadisiyah Journal of Veterinary Medicine Sciences,iq,,
qnews.com.au,robots_unavailable,remainder,QNews,au,en,
qnjz.com,robots_unavailable,remainder,Youth Journalist,cn,zh,
qpij.pl,robots_unavailable,remainder,Production Engineering Archives,pl,en,
qr.urfu.ru,robots_unavailable,remainder,Quaestio Rossica,ru,fr,
qsphye.iraqjournals.com,robots_unavailable,remainder,ALQadissiya Magazine for the Sciences of physical Education,iq,ar,
qt.com.au,robots_unavailable,remainder,The Queensland Times,au,en,
qtv.com.cn,robots_unavailable,remainder,Qingdao Broadcasting System,cn,zh,
qualityproducts.com.pe,robots_unavailable,remainder,Quality Products,pe,,
quanta.ws,robots_unavailable,remainder,Quanta,bg,en,
quantum-journal.org,robots_unavailable,remainder,Quantum - the open journal for quantum science,at,en,
quaternary.ru,robots_unavailable,remainder,Bulletin of the Commission for study of the Quaternary,ru,en,
quatrociacoe.it,robots_unavailable,remainder,Quatro Ciàcoe,it,it,
qub.radio,robots_unavailable,remainder,qub radio,ca,,
qubesmagazine.com.ng,robots_unavailable,remainder,Qubes Magazine,ng,,
queensjournal.ca,robots_unavailable,remainder,The Queen's Journal,ca,en,
queerlife.co,robots_unavailable,remainder,Q117035221,hu,,
quepasa.cl,robots_unavailable,remainder,Qué Pasa,cl,es,
quest-cdecjournal.it,robots_unavailable,remainder,Quest. Issues in Contemporary Jewish History,it,it,
questarabiya.com,robots_unavailable,remainder,Quest Arabiya,ae,,
quilombhoje.com.br,robots_unavailable,remainder,Quilombhoje,br,pt,
quitotv.com,robots_unavailable,remainder,Quito TV,ec,,
qvc.it,robots_unavailable,remainder,QVC,it,it,
qx104fm.com,robots_unavailable,remainder,CFQX-FM,ca,,
qxndt.com,robots_unavailable,remainder,Qianxinan Television,cn,zh,
qxqk.nmc.cn,robots_unavailable,remainder,Meteorological Monthly,cn,zh,
r1.co.nz,robots_unavailable,remainder,Radio One,nz,,
r1televize.cz,robots_unavailable,remainder,TV R1,cz,cs,
ra.iaran.ru,robots_unavailable,remainder,Rossiyskaya arkheologiya,ru,ru,
rab.cat,robots_unavailable,remainder,Ràdio Amèrica Barcelona,es,,
rac105.cat,robots_unavailable,remainder,RAC 105 TV,es,,
racing.com,robots_unavailable,remainder,Racing.com,au,,
rad-online.org.ar,robots_unavailable,remainder,Revista Argentina de Dermatología,ar,es,
radabook.com,robots_unavailable,remainder,Vidomosti Verkhovnoï Rady Ukraïny,ua,uk,
radars.ac.cn,robots_unavailable,remainder,Journal of Radars,cn,zh,
radieschen.at,robots_unavailable,remainder,& Radieschen,at,de,
radikalportal.no,robots_unavailable,remainder,Q20112707,no,nb,
radilog.jp,robots_unavailable,remainder,Q11281328,jp,ja,
radio-batna.dz,robots_unavailable,remainder,Radio Aurès,dz,,
radio-city.it,robots_unavailable,remainder,Radio City,it,it,
radio-plus.be,robots_unavailable,remainder,Radio Plus,be,,
radio-relax.cz,robots_unavailable,remainder,Radio Relax,cz,cs,
radio-shalom.ca,robots_unavailable,remainder,CKZW,ca,,
radio-tsukuba.net,robots_unavailable,remainder,Q11272229,jp,,
radio.belem.ru,robots_unavailable,remainder,Radio Belem,ru,ru,
radio.bfm.ru,robots_unavailable,remainder,Business FM,ru,ru,
radio.bialystok.pl,robots_unavailable,remainder,Polskie Radio Białystok,pl,pl,
radio.estadao.com.br,robots_unavailable,remainder,Rádio Estadão,br,pt,
radio.gdansk.pl,robots_unavailable,remainder,Polskie Radio Gdańsk,pl,pl,
radio.gov.pk,robots_unavailable,remainder,Pakistan Broadcasting Corporation,pk,,
radio.katowice.pl,robots_unavailable,remainder,Polish Radio Katowice,pl,pl,
radio.naklo.pl,robots_unavailable,remainder,Q9302245,pl,pl,
radio.nrk.no,robots_unavailable,remainder,NRK Klassisk,no,no,
radio.toggle.sg,robots_unavailable,remainder,Class 95FM,sg,en,
radio.uady.mx,robots_unavailable,remainder,Radio Universidad,mx,,
radio.ubiobio.cl,robots_unavailable,remainder,Radio Universidad del Bío-Bío,cl,,
radio.udec.cl,robots_unavailable,remainder,Radio Universidad de Concepción,cl,es,
radio.ufscar.br,robots_unavailable,remainder,Q10366176,br,pt,
radio.ulagos.cl,robots_unavailable,remainder,Radio Universidad de los Lagos,cl,,
radio.userena.cl,robots_unavailable,remainder,Radio Universidad de La Serena,cl,,
radio.usm.cl,robots_unavailable,remainder,Radio Universidad Técnica Federico Santa María,cl,,
radio.usp.br,robots_unavailable,remainder,USP FM,br,pt,
radio.uta.cl,robots_unavailable,remainder,Radio Universidad de Tarapacá,cl,,
radio.vesti-ukr.com,robots_unavailable,remainder,Radio Vesti (Ukraine),ua,,
radio.visionaustralia.org,robots_unavailable,remainder,3RPH Warrnambool,au,,
radio1.ru,robots_unavailable,remainder,Radio 1,ru,ru,
radio100.dk,robots_unavailable,remainder,Radio 100,dk,da,
radio2000.co.za,robots_unavailable,remainder,Radio 2000,za,,
radio21.be,robots_unavailable,remainder,Radio 21,be,,
radio2go.fm,robots_unavailable,remainder,Q135900800,ch,,
radio3.be,robots_unavailable,remainder,Klara,be,nl,
radio3net.ro,robots_unavailable,remainder,Radio3Net,ro,ro,
radio4.cat,robots_unavailable,remainder,Ràdio 4,es,,
radio40.ru,robots_unavailable,remainder,Q4387357,ru,ru,
radio4g.com,robots_unavailable,remainder,Radio 4G,es,,
radio7.pl,robots_unavailable,remainder,Q11833419,pl,pl,
radio80.it,robots_unavailable,remainder,Radio 80,it,it,
radio94.com.br,robots_unavailable,remainder,Q10365525,br,pt,
radio9dejulho.com.br,robots_unavailable,remainder,Q10365531,br,pt,
radioalcoy.com,robots_unavailable,remainder,Q134411931,es,,
radioalfa.pl,robots_unavailable,remainder,Q11833422,pl,pl,
radioaltiplano.mx,robots_unavailable,remainder,XHTLAX-FM,mx,,
radioara.org,robots_unavailable,remainder,Q13104708,lu,,
radioarenys.cat,robots_unavailable,remainder,Ràdio Arenys,es,,
radioatlantis.ru,robots_unavailable,remainder,Atlantis FM,ru,ru,
radioava.ir,robots_unavailable,remainder,Radio Ava,ir,fa,
radioavemaria.net,robots_unavailable,remainder,Q114843304,bg,,
radiob138.at,robots_unavailable,remainder,Q21043707,at,de,
radiobandeirantes.band.uol.com.br,robots_unavailable,remainder,Rádio Bandeirantes,br,pt,
radiobarcelona.cat,robots_unavailable,remainder,Ràdio Barcelona,es,,
radiobelarus.tvr.by,robots_unavailable,remainder,Radio Station Belarus,by,ru,
radiobellisland.com,robots_unavailable,remainder,"93.9 FM Bell Island, Newfoundland and Labrador",ca,,
radioblatna.cz,robots_unavailable,remainder,Rádio Otava,cz,cs,
radiobonton.cz,robots_unavailable,remainder,Rádio Bonton,cz,cs,
radiobruno.it,robots_unavailable,remainder,Radio Bruno,it,it,
radiocafe.jp,robots_unavailable,remainder,Q11374796,jp,ja,
radiocalpulalpan.com,robots_unavailable,remainder,XHCAL-FM,mx,,
radiocampus.be,robots_unavailable,remainder,Q3416924,be,,
radiocariri.com,robots_unavailable,remainder,Q10365626,br,,
radiocentraal.be,robots_unavailable,remainder,Radio Centraal,be,,
radiocfrh.ca,robots_unavailable,remainder,CFRH-FM,ca,,
radiochablais.ch,robots_unavailable,remainder,Q3416598,ch,,
radiochapultepec.mx,robots_unavailable,remainder,XEOC-AM,mx,,
radiochem.org,robots_unavailable,remainder,Journal of Nuclear and Radiochemical Sciences,eg,en,
radiocitefm.ca,robots_unavailable,remainder,CFED-FM,ca,,
radiocittadelcapo.it,robots_unavailable,remainder,Radio Città del Capo,it,it,
radioclassicfm.ru,robots_unavailable,remainder,Radio Classic,ru,ru,
radioclube.diarioonline.com.br,robots_unavailable,remainder,Q10365689,br,pt,
radioclubeblumenau.com.br,robots_unavailable,remainder,Q10365681,br,pt,
radioclubedelages.com.br,robots_unavailable,remainder,Rádio Clube (Lages),br,pt,
radiocluj.ro,robots_unavailable,remainder,Radio Cluj,ro,ro,
radiocomas.com.pe,robots_unavailable,remainder,Radio Comas,pe,,
radiocontact.be,robots_unavailable,remainder,Radio Contact,be,,
radiocontactplus.be,robots_unavailable,remainder,Q3416617,be,,
radiocontemporanea990.com.br,robots_unavailable,remainder,Rádio Contemporânea,br,pt,
radiocorazon.pe,robots_unavailable,remainder,Radio Corazón,pe,es,
radiocornella.cat,robots_unavailable,remainder,Ràdio Cornellà,es,,
radiocubelles.cat,robots_unavailable,remainder,Radio Cubelles,es,,
radioculturafm.com.br,robots_unavailable,remainder,Cultura HD,br,pt,
radioculturelle.tn,robots_unavailable,remainder,Radio Tunisie Culture,tn,,
radiodacha.ru,robots_unavailable,remainder,Q4387395,ru,ru,
radiodalnice.cz,robots_unavailable,remainder,Rádio Dálnice,cz,en,
radiodcfm.com,robots_unavailable,remainder,Radio DC,in,ml,
radiodechovka.cz,robots_unavailable,remainder,Q27976033,cz,cs,
radiodisney.com.ar,robots_unavailable,remainder,Radio Disney Argentina,ar,,
radiodisney.disneylatino.com,robots_unavailable,remainder,Radio Disney Chile,cl,,
radiodombosco.com,robots_unavailable,remainder,FM Dom Bosco,br,,
radioeco.it,robots_unavailable,remainder,Radioeco.it,it,it,
radioemiter.pl,robots_unavailable,remainder,Q9253699,pl,pl,
radioeqtesad.ir,robots_unavailable,remainder,Radio Eghtesad,ir,fa,
radioer.pl,robots_unavailable,remainder,Q9302339,pl,pl,
radioespinharas.com.br,robots_unavailable,remainder,Q10365784,br,pt,
radioeuropa.fm,robots_unavailable,remainder,Rádio Europa Lisboa,pt,,
radioexecutiva.com.br,robots_unavailable,remainder,Q86726177,br,pt,
radiofama.com.pl,robots_unavailable,remainder,Q9302188,pl,pl,
radiofantasy.it,robots_unavailable,remainder,Radio Fantasy,it,it,
radiofara.pl,robots_unavailable,remainder,Q18433550,pl,pl,
radiofarhang.ir,robots_unavailable,remainder,Radio Farhang,ir,fa,
radiofiat.com.pl,robots_unavailable,remainder,Q9302192,pl,pl,
radiofm1.ch,robots_unavailable,remainder,Radio FM1,ch,,
radioformulaveracruz.com,robots_unavailable,remainder,XHETF-FM,mx,,
radiofreee.pl,robots_unavailable,remainder,Q11833440,pl,pl,
radiog.hu,robots_unavailable,remainder,Q117035050,hu,hu,
radiogafsa.tn,robots_unavailable,remainder,Radio Gafsa,tn,,
radiogammastereo.it,robots_unavailable,remainder,Q140184219,it,it,
radiogaspesie.ca,robots_unavailable,remainder,CJRG-FM,ca,,
radiogirona.cat,robots_unavailable,remainder,Ràdio Girona,es,,
radiogrenland.no,robots_unavailable,remainder,Q11996827,no,no,
radiogrupooir.com,robots_unavailable,remainder,XHEMW-FM,mx,,
radioguaiba.com.br,robots_unavailable,remainder,Rádio Guaíba,br,pt,
radiohumsafar.com,robots_unavailable,remainder,CHRN,ca,,
radioiasi.ro,robots_unavailable,remainder,Radio Iași,ro,ro,
radioimparcial.com,robots_unavailable,remainder,CX 28 Radio Imparcial,uy,,
radioinblu.it,robots_unavailable,remainder,InBlu,it,it,
radiojavan.ir,robots_unavailable,remainder,Radio Javan,ir,fa,
radiojazzfm.ru,robots_unavailable,remainder,Q4387364,ru,ru,
radiojeunes.tn,robots_unavailable,remainder,Radio Jeunes,tn,,
radiojornal.ne10.uol.com.br,robots_unavailable,remainder,Q10365905,br,pt,
radiojustica.jus.br,robots_unavailable,remainder,Rádio Justiça,br,pt,
radiokaakko.fi,robots_unavailable,remainder,Radio Kaakko,fi,fi,
radiokansel.co.za,robots_unavailable,remainder,Radiokansel / Radio Pulpit,za,,
radiokawagoe.com,robots_unavailable,remainder,Koedo FM,jp,,
radiokierowcow.pl,robots_unavailable,remainder,Polskie Radio Kierowców,pl,pl,
radiokolor.pl,robots_unavailable,remainder,Radio Kolor,pl,pl,
radiokwara.com,robots_unavailable,remainder,Radio Kwara,ng,,
radiolarrakia.org,robots_unavailable,remainder,Radio Larrakia,au,,
radiolegende.com,robots_unavailable,remainder,Q3416723,ca,,
radioliberal.com.br,robots_unavailable,remainder,Q10365919,br,pt,
radioliberdade.com.br,robots_unavailable,remainder,Q86725397,br,pt,
radiolibertad.es,robots_unavailable,remainder,Radio Libertad,es,es,
radiolibre.org.ar,robots_unavailable,remainder,Radio Libre 99.3,ar,,
radiolot.cat,robots_unavailable,remainder,Ràdio Olot,es,,
radiolupo.it,robots_unavailable,remainder,Radio Lupo Solitario,it,it,
radiomaaref.ir,robots_unavailable,remainder,Radio Maaref,ir,fa,
radiomanamana.it,robots_unavailable,remainder,Radio Manà Manà,it,it,
radiomanchete.com.br,robots_unavailable,remainder,Q10323529,br,pt,
radiomarca.com,robots_unavailable,remainder,Radio Marca,es,,
radiomargherita.com,robots_unavailable,remainder,Radio Margherita,it,,
radiomaria.by,robots_unavailable,remainder,Radio Maria,by,ru,
radiomaria.cd,robots_unavailable,remainder,Radio Maria Congo-Kinshasa,cd,,
radiomaria.cl,robots_unavailable,remainder,Radio María Chile,cl,,
radiomaria.it,robots_unavailable,remainder,Radio Maria Italy,it,it,
radiomaria.org,robots_unavailable,remainder,Radio Maria,it,,
radiomaria.org.br,robots_unavailable,remainder,Rádio Maria Brasil,br,pt,
radiomaria.org.sv,robots_unavailable,remainder,Radio María El Salvador,sv,,
radiomaria.ph,robots_unavailable,remainder,Radio Maria Philippines,ph,,
radiomaria.pt,robots_unavailable,remainder,Radio Maria Portugal,pt,pt,
radiomaria.ru,robots_unavailable,remainder,Radio Maria Russia,ru,ru,
radiomaria.ug,robots_unavailable,remainder,Radio Maria Uganda,ug,,
radiomariacol.org,robots_unavailable,remainder,Radio María Colombia,co,,
radiomariam.iq,robots_unavailable,remainder,Radio Maria Iraq,iq,,
radiomariaperu.org,robots_unavailable,remainder,Radio María Perú,pe,,
radiometro.no,robots_unavailable,remainder,Radio Metro,no,no,
radiominsk.by,robots_unavailable,remainder,Radio Minsk,by,ru,
radiomonastir.tn,robots_unavailable,remainder,Radio Monastir,tn,,
radiomontecarlo.net,robots_unavailable,remainder,Radio Monte Carlo,it,,
radiomontemuro.pt,robots_unavailable,remainder,Rádio Montemuro,pt,pt,
radiomoskvy.ru,robots_unavailable,remainder,Q4140884,ru,ru,
radiomures.ro,robots_unavailable,remainder,Radio Târgu Mureș,ro,ro,
radionacional.com.ar,robots_unavailable,remainder,Radiodifusión Argentina al Exterior,ar,,
radionacional.gob.pe,robots_unavailable,remainder,Radio Nacional del Perú,pe,,
radionamayesh.ir,robots_unavailable,remainder,Radio Namayesh,ir,fa,
radionationale.tn,robots_unavailable,remainder,Radio Tunis,tn,,
radiondadurto.org,robots_unavailable,remainder,Q3928775,it,,
radionet.pl,robots_unavailable,remainder,Radio NET,pl,pl,
radionl.com,robots_unavailable,remainder,CHNL,ca,,
radionorge.com,robots_unavailable,remainder,Radio Norge,no,,
radionorteverde.cl,robots_unavailable,remainder,Radio Norte Verde,cl,,
radionou.com,robots_unavailable,remainder,Nou Ràdio,es,,
radionovasdepaz.com.br,robots_unavailable,remainder,Q10365849,br,pt,
radioone.in,robots_unavailable,remainder,Radio One,in,,
radiopalermo.com.ar,robots_unavailable,remainder,Radio Palermo,ar,es,
radiopetrov.com,robots_unavailable,remainder,Q55385694,cz,,
radiopico.it,robots_unavailable,remainder,Radio Pico,it,it,
radiopink.hu,robots_unavailable,remainder,Radio Pink,hu,hu,
radioplayer.vrt.be,robots_unavailable,remainder,VRT NWS,be,,
radioplonsk.pl,robots_unavailable,remainder,Q28673029,pl,pl,
radioplus.ma,robots_unavailable,remainder,Radio Plus Agadir,ma,,
radiopodlasie.pl,robots_unavailable,remainder,Q11737438,pl,pl,
radiopoznan.fm,robots_unavailable,remainder,Radio Poznań,pl,,
radiopraia.com,robots_unavailable,remainder,Rádio Praia,pt,,
radioprom.org,robots_unavailable,remainder,Radio Industry,ru,ru,
radioradicale.it,robots_unavailable,remainder,Radio Radicale,it,it,
radioramadeoccidente.com,robots_unavailable,remainder,XEPJ-AM,mx,,
radioramanuevolaredo.com.mx,robots_unavailable,remainder,XHMW-FM,mx,,
radioramareynosa.com.mx,robots_unavailable,remainder,XERT-AM,mx,,
radiorecordsp.com.br,robots_unavailable,remainder,Rádio Record,br,pt,
radioredwood.com,robots_unavailable,remainder,Radio Redwood,nz,,
radiorekord.pl,robots_unavailable,remainder,Q11833460,pl,pl,
radioreloj.cu,robots_unavailable,remainder,Radio Reloj,cu,,
radioresita.ro,robots_unavailable,remainder,Radio Reșița,ro,ro,
radiorey.com,robots_unavailable,remainder,XHRI-FM,mx,,
radiorock958.hu,robots_unavailable,remainder,Rádió Rock 95.8,hu,hu,
radiorodzina.kalisz.pl,robots_unavailable,remainder,Q9302292,pl,pl,
radioroks.ua,robots_unavailable,remainder,Radio ROKS,ua,uk,
radiorubi.cat,robots_unavailable,remainder,Ràdio Rubí,es,,
radios.ebc.com.br,robots_unavailable,remainder,Rádio MEC,br,pt,
radiosalankoloto.com,robots_unavailable,remainder,Radio Salankoloto,bf,,
radiosandefjord.no,robots_unavailable,remainder,Radio Sandefjord,no,no,
radiosantafe.com,robots_unavailable,remainder,Radio Santa Fe,co,,
radiosantana.fm.br,robots_unavailable,remainder,Q10366096,br,pt,
radiosantboi.cat,robots_unavailable,remainder,Ràdio Sant Boi,es,,
radiosarria.cat,robots_unavailable,remainder,Ràdio Sarrià de Ter,es,,
radiosfax.tn,robots_unavailable,remainder,Radio Sfax,tn,,
radioshanson.ru,robots_unavailable,remainder,Radio Shanson,ru,ru,
radiosim.sapo.pt,robots_unavailable,remainder,Rádio Sim,pt,pt,
radioskovoroda.com,robots_unavailable,remainder,"Radiostation ""Skovoroda""",ua,,
radioskylab.cloud,robots_unavailable,remainder,Radio Skylab,it,,
radioslr.dk,robots_unavailable,remainder,Radio SLR,dk,da,
radiosoberania.com.bo,robots_unavailable,remainder,Radio Tv Soberanía,bo,,
radiospin.cz,robots_unavailable,remainder,Radio Spin,cz,cs,
radiostolica.ru,robots_unavailable,remainder,Capital FM,ru,ru,
radiostudiodelta.it,robots_unavailable,remainder,Radio Studio Delta,it,it,
radiosupel.pl,robots_unavailable,remainder,Q9302404,pl,pl,
radiosupernova.pl,robots_unavailable,remainder,Radio SuperNova,pl,pl,
radiosygnaly.pl,robots_unavailable,remainder,Q20032996,pl,pl,
radiotabajara.pb.gov.br,robots_unavailable,remainder,Rádio Tabajara,br,pt,
radiotaiga.com,robots_unavailable,remainder,CIVR-FM,ca,,
radiotataouine.tn,robots_unavailable,remainder,Radio Tataouine,tn,,
radiotczew.pl,robots_unavailable,remainder,Q28675359,pl,pl,
radioteletaxi.com,robots_unavailable,remainder,Q6096635,es,,
radioti.dk,robots_unavailable,remainder,Radioti,dk,da,
radiotierra.cl,robots_unavailable,remainder,Radio Tierra,cl,,
radiotimisoara.ro,robots_unavailable,remainder,Q1317931,ro,ro,
radiotlaxcala1430.mx,robots_unavailable,remainder,XETT-AM,mx,,
radiotop.com.pl,robots_unavailable,remainder,RodioTop,pl,pl,
radiotopo.org,robots_unavailable,remainder,Radio Topo,es,an,
radiotrece.com.mx,robots_unavailable,remainder,XEDA-AM,mx,,
radiotupinamba.com.br,robots_unavailable,remainder,Q61002063,br,pt,
radiotvycine.chiapas.gob.mx,robots_unavailable,remainder,XERA-AM,mx,,
radioultra.ru,robots_unavailable,remainder,Q4387369,ru,ru,
radiounam.unam.mx,robots_unavailable,remainder,XEUN-FM,mx,,
radiouniversal.com.mx,robots_unavailable,remainder,XHCAA-FM,mx,,
radiouniversal.mx,robots_unavailable,remainder,XHAC-FM,mx,,
radiouniversidad.unse.edu.ar,robots_unavailable,remainder,Q125922410,ar,,
radiounochile.cl,robots_unavailable,remainder,Radio Uno,cl,,
radiovalga.es,robots_unavailable,remainder,Q134580227,es,es,
radiovallacquoise.net,robots_unavailable,remainder,CHVL-FM,ca,,
radiovelikotarnovo.com,robots_unavailable,remainder,Q105064659,bg,,
radiovera.ru,robots_unavailable,remainder,Vera,ru,ru,
radiovesti.ru,robots_unavailable,remainder,Vesti FM,ru,ru,
radiovia.com.pl,robots_unavailable,remainder,Q9302314,pl,pl,
radiovictoriaes.org,robots_unavailable,remainder,Q131398833,sv,,
radiovilablareix.cat,robots_unavailable,remainder,Q113131185,es,,
radiovitebsk.by,robots_unavailable,remainder,Radio Vitebsk,by,ru,
radiovostok.ch,robots_unavailable,remainder,Radio Vostok,ch,,
radiovoxt.ro,robots_unavailable,remainder,Radio Vox T,ro,ro,
radiowielkopolska.pl,robots_unavailable,remainder,Q140301131,pl,pl,
radioypsilon.at,robots_unavailable,remainder,Q2126366,at,de,
radiozagranica.pl,robots_unavailable,remainder,Q3395454,pl,pl,
radonezh.ru,robots_unavailable,remainder,Radonezh,ru,ru,
radyo.bogazici.edu.tr,robots_unavailable,remainder,Q61076727,tr,tr,
radyo.mgm.gov.tr,robots_unavailable,remainder,Voice of Meteorology,tr,tr,
radyoa.anadolu.edu.tr,robots_unavailable,remainder,Radio A,tr,tr,
radyobabylon.com,robots_unavailable,remainder,Radio Babylon,tr,,
radyonatin.com,robots_unavailable,remainder,Radyo Natin Network,ph,,
radzynskirocznik.pl,robots_unavailable,remainder,Radzyński Rocznik Humanistyczny,pl,pl,
rae.arts.ro,robots_unavailable,remainder,Review of Artistic Education,pl,en,
rae.fgv.br,robots_unavailable,remainder,RAE,br,pt,
rai.it,robots_unavailable,remainder,RAI,it,it,
raiplay.it,robots_unavailable,remainder,Rai 3,it,it,
raiplaysound.it,robots_unavailable,remainder,Rai Radio 1,it,it,
raitalia.it,robots_unavailable,remainder,Rai Italia,it,it,
ramb.org.br,robots_unavailable,remainder,Revista da Associação Médica Brasileira,br,pt,
ran.udec.cl,robots_unavailable,remainder,RAN,cl,es,
rantmedia.ca,robots_unavailable,remainder,RantMedia,ca,,
rap107.fm,robots_unavailable,remainder,Q21996505,es,,
raportostanieswiata.pl,robots_unavailable,remainder,The World Report,pl,pl,
rasa.ch,robots_unavailable,remainder,Radio RaSA,ch,,
rastrosrostros.ucc.edu.co,robots_unavailable,remainder,Rastros Rostros,co,es,
rate.org.ro,robots_unavailable,remainder,RATE Issues,ro,en,
raudalfm.cl,robots_unavailable,remainder,Raudal FM,cl,,
rauhantervehdys.fi,robots_unavailable,remainder,Rauhan Tervehdys,fi,fi,
rauli.cbs.dk,robots_unavailable,remainder,American Studies in Scandinavia,dk,en,
rausp.usp.br,robots_unavailable,remainder,RAUSP: Revista de Administração da Universidade de São Paulo,br,pt,
ravfm.ca,robots_unavailable,remainder,CFU758,ca,,
rbc.co.jp,robots_unavailable,remainder,Ryukyu Broadcasting Corporation,jp,ja,
rbccv.org.br,robots_unavailable,remainder,Brazilian journal of cardiovascular surgery,br,en,
rbcinfosystems.com,robots_unavailable,remainder,RBC Information Systems,ru,,
rbe.it,robots_unavailable,remainder,Radio Beckwith Evangelica,it,it,
rbeo.emnuvens.com.br,robots_unavailable,remainder,Revista Brasileira de Estudos Organizacionais,br,pt,
rbep.inep.gov.br,robots_unavailable,remainder,Revista Brasileira de Estudos Pedagógicos,br,pt,
rbeur.anpur.org.br,robots_unavailable,remainder,Revista Brasileira de Estudos Urbanos e Regionais,br,pt,
rbg.sbgeo.org.br,robots_unavailable,remainder,Brazilian Journal of Geology,br,en,
rbgeomorfologia.org.br,robots_unavailable,remainder,Revista Brasileira de Geomorfologia,br,pt,
rbhciencia.emnuvens.com.br,robots_unavailable,remainder,Revista Brasileira de História da Ciência,br,en,
rbmfc.org.br,robots_unavailable,remainder,Revista Brasileira de Medicina de Família e Comunidade,br,pt,
rbmv.org,robots_unavailable,remainder,Brazilian Journal of Veterinary Medicine,br,pt,
rbpd.ct.utfpr.edu.br,robots_unavailable,remainder,Revista Brasileira de Planejamento e Desenvolvimento,br,pt,
rbpg.capes.gov.br,robots_unavailable,remainder,Q136236004,br,pt,
rbstv.com.br,robots_unavailable,remainder,RBS TV,br,pt,
rbth.com,robots_unavailable,remainder,Russia Beyond,ru,en,
rbti.org.br,robots_unavailable,remainder,Revista Brasileira de terapia intensiva,br,en,
rbtur.org.br,robots_unavailable,remainder,Revista Brasileira de Pesquisa em Turismo,br,pt,
rbtv.com.br,robots_unavailable,remainder,Rede Brasil de Televisão,br,pt,
rccardiologia.com,robots_unavailable,remainder,Revista Colombiana de Cardiología,es,es,
rcf.be,robots_unavailable,remainder,RCF Liège,be,,
rcf.fr,robots_unavailable,remainder,Radio chrétienne francophone,be,fr,
rchri.cl,robots_unavailable,remainder,Revista Chilena de Relaciones Internacionales,cl,es,
rcinet.ca,robots_unavailable,remainder,Radio Canada International,ca,,
rcti.tv,robots_unavailable,remainder,RCTI,id,,
rdgrenal.com.br,robots_unavailable,remainder,Q10365860,br,pt,
rdsrelax.it,robots_unavailable,remainder,Q140402078,it,it,
rdu.org.nz,robots_unavailable,remainder,RDU-FM,nz,,
reabic.net,robots_unavailable,remainder,Management of biological invasions : international journal of applied research on biological invasions,fi,en,
readmeok.com,robots_unavailable,remainder,Shandong Business Daily,cn,,
realcountry979.ca,robots_unavailable,remainder,CKWB-FM,ca,,
realcountrylloydminster.ca,robots_unavailable,remainder,CKSA-FM,ca,,
rebel1017.com,robots_unavailable,remainder,CIDG-FM,ca,,
rebelfm.com.au,robots_unavailable,remainder,Rebel FM,au,en,
rebelmedia.com.au,robots_unavailable,remainder,Rebel Media,au,,
recherche-qualitative.qc.ca,robots_unavailable,remainder,Recherches qualitatives,ca,fr,
recherches-autochtones.org,robots_unavailable,remainder,Revue d’études autochtones,ca,fr,
recia.edu.co,robots_unavailable,remainder,Revista Colombiana de Ciencia Animal Recia,co,es,
recife.jovempanfm.uol.com.br,robots_unavailable,remainder,Jovem Pan FM Recife,br,pt,
recil.ulusofona.pt,robots_unavailable,remainder,Journal Biomedical and Biopharmaceutical Research (BBR),pt,pt,
reconquista.pt,robots_unavailable,remainder,Reconquista (newspaper),pt,pt,
record.pt,robots_unavailable,remainder,Record,pt,pt,
recordinternacional.r7.com,robots_unavailable,remainder,Record Internacional,br,,
recordiran.ir,robots_unavailable,remainder,Iran's national records,ir,en,
recordnepal.com,robots_unavailable,remainder,The Record Nepal,np,en,
recordpaulista.com.br,robots_unavailable,remainder,Record Paulista,br,pt,
recordsofzsi.com,robots_unavailable,remainder,Records of the Zoological Survey of India,in,en,
recordtvrs.com.br,robots_unavailable,remainder,Record Guaíba,br,pt,
recursosonline.org,robots_unavailable,remainder,Revista Portuguesa de Educação Artística,pt,pt,
recyklingidei.pl,robots_unavailable,remainder,Q9305030,pl,pl,
redalyc.org,robots_unavailable,remainder,Darwiniana,ar,en,
redam.mx,robots_unavailable,remainder,XESTN-AM,mx,,
redcps.com.br,robots_unavailable,remainder,Revista Enfermagem Digital Cuidado e Promoção da Saúde,br,pt,
redecnt.com.br,robots_unavailable,remainder,Central Nacional de Televisão,br,pt,
redeita.com.br,robots_unavailable,remainder,Rede ITA,br,pt,
redemais.tv.br,robots_unavailable,remainder,Rede Mais,br,pt,
redemassa.com.br,robots_unavailable,remainder,Rede Massa,br,pt,
redeminas.tv,robots_unavailable,remainder,Rede Minas,br,,
redemptionfm.com,robots_unavailable,remainder,Redemption FM 101.5,ng,,
redengt.com.br,robots_unavailable,remainder,Nova Geração de Televisão,br,pt,
redepampa.com.br,robots_unavailable,remainder,Rede Pampa de Comunicação,br,pt,
redescoperaistoria.ro,robots_unavailable,remainder,Rediscover History Association,ro,ro,
redesucesso.com,robots_unavailable,remainder,Q10366118,br,,
redetribuna.com.br,robots_unavailable,remainder,TV Tribuna,br,pt,
redetvro.com.br,robots_unavailable,remainder,RedeTV! Rondônia,br,pt,
redeuniao.com.br,robots_unavailable,remainder,Rede União,br,pt,
redevitoriosa.com.br,robots_unavailable,remainder,TV Vitoriosa,br,pt,
redfm.rtm.gov.my,robots_unavailable,remainder,Red FM,my,,
redicces.org.sv,robots_unavailable,remainder,Q98058127,sv,es,
rediech.org,robots_unavailable,remainder,IE Revista de Investigación Educativa de la REDIECH,mx,pt,
rediffusion.com.sg,robots_unavailable,remainder,Rediffusion Singapore,sg,,
rednma.eumed.net,robots_unavailable,remainder,Revista Europea de Derecho de la Navegación Marítima y Aeronáutica,es,,
redswave.com,robots_unavailable,remainder,Q11290634,jp,,
refaad.com,robots_unavailable,remainder,Global Journal of Economics and Business,jo,en,
reggeomet.elpub.ru,robots_unavailable,remainder,Regional Geology and Metallogeny,ru,ru,
regio7.cat,robots_unavailable,remainder,Regió7,es,ca,
regionalsecurityjournal.com,robots_unavailable,remainder,Journal of Regional Security,rs,en,
regiondigital.com,robots_unavailable,remainder,Región Digital,es,es,
regionorel.ru,robots_unavailable,remainder,Q4336858,ru,ru,
registraduria.gov.co,robots_unavailable,remainder,Current democracy,co,es,
regnum.ru,robots_unavailable,remainder,REGNUM News Agency,ru,ru,
rehabilitacja.elamed.pl,robots_unavailable,remainder,Q11834067,pl,pl,
rejent.com.pl,robots_unavailable,remainder,Q9305753,pl,pl,
relegere.org,robots_unavailable,remainder,Relegere studies in religion and reception,nz,en,
relegere.otago.ac.nz,robots_unavailable,remainder,Relegere studies in religion and reception,nz,en,
religiaoesociedade.org.br,robots_unavailable,remainder,Religião e Sociedade,br,pt,
religion.ranepa.ru,robots_unavailable,remainder,"State, Religion and Church",ru,en,
reliplus.at,robots_unavailable,remainder,"""reli+plus"". Religionspädagogische Zeitschrift für Praxis und Forschung",at,de,
relmecs.fahce.unlp.edu.ar,robots_unavailable,remainder,Revista Latinoamericana de Metodología de las Ciencias Sociales,ar,,
ren.tv,robots_unavailable,remainder,REN TV,ru,,
renfrewtoday.ca,robots_unavailable,remainder,CHMY-FM,ca,,
rengrj.com,robots_unavailable,remainder,Reliability Engineering and Resilience,ir,,
rep.org.br,robots_unavailable,remainder,Revista de Economia Politica,br,en,
replika-online.pl,robots_unavailable,remainder,Replika,pl,pl,
reporter.lu,robots_unavailable,remainder,Q61358706,lu,,
repositorio.ipea.gov.br,robots_unavailable,remainder,Mercado de Trabalho: conjuntura e análise,br,pt,
repositorio.unp.br,robots_unavailable,remainder,Revista Eletrônica do Mestrado Profissional em Administração da UnP,br,pt,
repositorios.ufpe.br,robots_unavailable,remainder,Q30938487,br,pt,
researchpapers.mtf.stuba.sk,robots_unavailable,remainder,Research Papers. Faculty of Materials Science and Technology. Slovak University of Technology in Trnava,pl,sk,
reservilainen.fi,robots_unavailable,remainder,Q5393891,fi,fi,
resett.no,robots_unavailable,remainder,Resett,no,no,
resgestae.up.krakow.pl,robots_unavailable,remainder,Res Gestae,pl,cs,
resmigazete.gov.tr,robots_unavailable,remainder,Official Gazette of the Republic of Turkey,tr,tr,
resocjalizacjapolska.pl,robots_unavailable,remainder,Polish Journal of Social Rehabilitation,pl,pl,
resolver.ebscohost.com,robots_unavailable,remainder,Journal of Neurosciences in Rural Practice,in,en,
rete55.tv,robots_unavailable,remainder,Rete 55,it,,
rete7.it,robots_unavailable,remainder,Rete 7,it,it,
retedue.rsi.ch,robots_unavailable,remainder,Rete Due,ch,it,
retetre.rsi.ch,robots_unavailable,remainder,Rete Tre,ch,it,
retro.stingray.com,robots_unavailable,remainder,Stingray Retro,ca,,
retrofm.ru,robots_unavailable,remainder,Retro FM,ru,ru,
retrogarde.org,robots_unavailable,remainder,Q10414171,se,sv,
retronews.fr,robots_unavailable,remainder,Le Révolté,ch,fr,
reunido.uniovi.es,robots_unavailable,remainder,Selim,es,en,
reunir.revistas.ufcg.edu.br,robots_unavailable,remainder,Reunir,br,pt,
reuredc.uca.es,robots_unavailable,remainder,Riparia,es,es,
revecon.ro,robots_unavailable,remainder,Revista Romana de Economie,ro,ro,
revel.inf.br,robots_unavailable,remainder,Revista virtual de estudos da linguagem,br,pt,
reves.ufv.br,robots_unavailable,remainder,REVES - Revista Relações Sociais,br,pt,
revespcardiol.org,robots_unavailable,remainder,Revista Española de Cardiología,es,en,
revhosp.org,robots_unavailable,remainder,Revista Hospitalidade,br,pt,
revista-socampar.com,robots_unavailable,remainder,Revista SOCAMPAR,es,,
revista-transdigital.org,robots_unavailable,remainder,Transdigital,mx,es,
revista.aborj.org.br,robots_unavailable,remainder,Revista brasileira de odontologia,br,pt,
revista.academiaculinaria.org,robots_unavailable,remainder,Revista de Gastronomía y Cocina,ec,es,
revista.acbsc.org.br,robots_unavailable,remainder,Magazine of the Santa Catarina Association of Librarians,br,pt,
revista.aph.org.br,robots_unavailable,remainder,Revista de Homeopatia,br,pt,
revista.batistapioneira.edu.br,robots_unavailable,remainder,Revista Batista Pioneira,br,pt,
revista.classica.org.br,robots_unavailable,remainder,"Classica, Revista Brasileira de Estudos Clássicos",br,pt,
revista.crcmg.org.br,robots_unavailable,remainder,Revista Mineira de Contabilidade,br,pt,
revista.dpa.upc.edu,robots_unavailable,remainder,DPA: Documentos de Proyectos de Arquitectura,es,en,
revista.faculdadeunida.com.br,robots_unavailable,remainder,Reflexus,br,pt,
revista.fatecitaqua.edu.br,robots_unavailable,remainder,Q108801456,br,pt,
revista.fct.unesp.br,robots_unavailable,remainder,Revista Pegada Eletrônica,br,pt,
revista.fhycs.unju.edu.ar,robots_unavailable,remainder,Cuadernos de la Facultad de Humanidades y Ciencias Sociales,ar,es,
revista.fumec.br,robots_unavailable,remainder,Pretexto,br,pt,
revista.ibict.br,robots_unavailable,remainder,Liinc em Revista,br,pt,
revista.inie.ucr.ac.cr,robots_unavailable,remainder,Actualidades Investigativas en Educación,cr,es,
revista.ipecege.org.br,robots_unavailable,remainder,Revista iPecege,br,pt,
revista.lusiada.br,robots_unavailable,remainder,UNILUS Ensino e Pesquisa,br,pt,
revista.mouro.com.br,robots_unavailable,remainder,Q136235961,br,pt,
revista.oncologia.org.ve,robots_unavailable,remainder,Revista Venezolana de Oncologia,ve,es,
revista.saudeemdebate.org.br,robots_unavailable,remainder,Saúde em Debate,br,pt,
revista.uclm.es,robots_unavailable,remainder,RUIDERAe : Revista de Unidades de Información. Descripción de Experiencias y Resultados Aplicados,es,es,
revista.ueg.br,robots_unavailable,remainder,Revelli,br,pt,
revista.ufrr.br,robots_unavailable,remainder,Agro@mbiente On-line,br,pt,
revista.uniabeu.edu.br,robots_unavailable,remainder,Recôncavo: Revista de História da UNIABEU,br,pt,
revista.uniandrade.br,robots_unavailable,remainder,Revista Uniandrade,br,pt,
revista.unicuritiba.edu.br,robots_unavailable,remainder,Percurso,br,pt,
revista6toros6.es,robots_unavailable,remainder,6 TOROS 6: Revista de actualidad taurina,es,es,
revistaabcd.com.br,robots_unavailable,remainder,Arquivos brasileiros de cirurgia digestiva : ABCD = Brazilian archives of digestive surgery,br,en,
revistaadmmade.estacio.br,robots_unavailable,remainder,Revista Adm.Made,br,pt,
revistaarcadia.com,robots_unavailable,remainder,Arcadia,co,es,
revistabioetica.cfm.org.br,robots_unavailable,remainder,Revista Bioética,br,pt,
revistabiomedica.org,robots_unavailable,remainder,Biomedica,co,es,
revistabionatura.org,robots_unavailable,remainder,Bionatura,ec,es,
revistacatalunya.cat,robots_unavailable,remainder,Q8342775,es,ca,
revistachilenadeanestesia.cl,robots_unavailable,remainder,Revista Chilena de Anestesia,cl,es,
revistaciencias.univalle.edu.co,robots_unavailable,remainder,Revista de Ciencias,co,es,
revistaclareira.com.br,robots_unavailable,remainder,Clareira: Revista de Filosofia da Região Amazônica,br,pt,
revistaclubnintendo.com,robots_unavailable,remainder,Club Nintendo México,mx,es,
revistacmc.espm.br,robots_unavailable,remainder,"Comunicação, Mídia e Consumo",br,pt,
revistaconfluencia.org.br,robots_unavailable,remainder,Confluência,br,pt,
revistacriminalidad.policia.gov.co,robots_unavailable,remainder,Revista Criminalidad,co,es,
revistacriterio.com.ar,robots_unavailable,remainder,Criterio,ar,es,
revistacta.agrosavia.co,robots_unavailable,remainder,Revista Corpoica - Ciencia y Tecnologia Agropecuarias,co,es,
revistacubanadefisica.org,robots_unavailable,remainder,Revista Cubana de Física,cu,en,
revistacuore.com,robots_unavailable,remainder,Cuore,es,es,
revistadaanpoll.emnuvens.com.br,robots_unavailable,remainder,Revista da Anpoll,br,pt,
revistadeindias.revistas.csic.es,robots_unavailable,remainder,Revista de Indias,es,es,
revistadelibros.com,robots_unavailable,remainder,Revista de Libros,es,es,
revistademetalurgia.revistas.csic.es,robots_unavailable,remainder,Revista de Metalurgia,es,en,
revistadesociologie.ro,robots_unavailable,remainder,Revista Română de Sociologie,ro,ro,
revistadigitos.com,robots_unavailable,remainder,Dígitos,es,,
revistadiversidadeeducacao.furg.br,robots_unavailable,remainder,Revista Diversidade & Educação,br,pt,
revistadyna.com,robots_unavailable,remainder,DYNA,es,es,
revistaecclesia.es,robots_unavailable,remainder,Ecclesia,es,es,
revistaedm.com,robots_unavailable,remainder,Q55453710,ar,es,
revistaenie.clarin.com,robots_unavailable,remainder,Q6107134,ar,es,
revistaeolo.fconvida.org,robots_unavailable,remainder,Q141145248,co,es,
revistaepsi.com,robots_unavailable,remainder,Revista E-Psi,pt,en,
revistafenix.pro.br,robots_unavailable,remainder,Fênix Revista de História e Estudos Culturais,br,pt,
revistagastroenterologiamexico.org,robots_unavailable,remainder,Revista de gastroenterología de México,es,es,
revistageminis.ufscar.br,robots_unavailable,remainder,Revista GEMInIS,br,pt,
revistagestaodoesporte.com.br,robots_unavailable,remainder,Revista de Gestão e Negócios do Esporte,br,pt,
revistahermes.com.br,robots_unavailable,remainder,Revista Científica Hermes,br,pt,
revistahistoriamoderna.ua.es,robots_unavailable,remainder,Revista de Historia Moderna,es,es,
revistaiberoamericana.org,robots_unavailable,remainder,Revista Ibero-Americana de Estratégia,br,,
revistaideas.ufrrj.br,robots_unavailable,remainder,"Revista IDEAS – Interfaces em Desenvolvimento, Agricultura e Sociedade",br,pt,
revistaingenieria.univalle.edu.co,robots_unavailable,remainder,Q22808121,co,en,
revistainnovaciones.uanl.mx,robots_unavailable,remainder,Innovaciones de Negocios,mx,es,
revistaintouch.com,robots_unavailable,remainder,In Touch,es,es,
revistalampejo.org,robots_unavailable,remainder,Lampejo - Revista eletrônica de filosofia,br,pt,
revistalogos.policia.edu.co,robots_unavailable,remainder,Logos Ciencia & Tecnología,co,es,
revistamadridhistorico.com,robots_unavailable,remainder,Q94579101,es,es,
revistamedicinamilitara.ro,robots_unavailable,remainder,Romanian Journal of Military Medicine,ro,en,
revistamexicanadeurologia.org.mx,robots_unavailable,remainder,Revista Mexicana de Urología,mx,es,
revistamirall.com,robots_unavailable,remainder,Q91865496,es,,
revistamonograma.com,robots_unavailable,remainder,Monograma Revista Iberoamericana de Cultura y Pensamiento,es,,
revistamotricidade.com,robots_unavailable,remainder,Motricidade,pt,pt,
revistanegotium.com,robots_unavailable,remainder,Revista Negotium,ve,es,
revistaoes.ufba.br,robots_unavailable,remainder,Organizações &  Sociedade,br,pt,
revistaorbis.com,robots_unavailable,remainder,Revista Orbis,ve,es,
revistapcna.com,robots_unavailable,remainder,Revista de Psicología Clínica con Niños y Adolescentes,es,,
revistapediatria.com.ar,robots_unavailable,remainder,Revista del Hospital de Niños,ar,es,
revistaperifrasis.uniandes.edu.co,robots_unavailable,remainder,"Perífrasis: Revista de Literatura, Teoría y Crítica",co,es,
revistapesquisa.fapesp.br,robots_unavailable,remainder,Pesquisa FAPESP,br,pt,
revistaplaneta.com.br,robots_unavailable,remainder,Q10350244,br,pt,
revistapluri.cruzeirodosulvirtual.com.br,robots_unavailable,remainder,Q136001438,br,pt,
revistapolis.ro,robots_unavailable,remainder,Polis: Revista de Stiinte Politice,ro,en,
revistapos.cruzeirodosul.edu.br,robots_unavailable,remainder,Revista de Ensino de Ciências e Matemática,br,pt,
revistappr.com.br,robots_unavailable,remainder,Revista Política e Planejamento Regional,br,pt,
revistaprajna.com,robots_unavailable,remainder,Journal Prajna,br,,
revistaprospectiva.univalle.edu.co,robots_unavailable,remainder,Prospectiva,co,es,
revistarecerques.cat,robots_unavailable,remainder,Recerques,es,en,
revistarefas.com.br,robots_unavailable,remainder,Revista Fatec Zona Sul,br,pt,
revistarenal.org.ar,robots_unavailable,remainder,"Revista de Nefrología, Diálisis y Trasplante",ar,es,
revistargo.com.br,robots_unavailable,remainder,RGO,br,pt,
revistargss.org.br,robots_unavailable,remainder,Revista de Gestão em Sistemas de Saúde,br,pt,
revistarivar.cl,robots_unavailable,remainder,RIVAR,cl,en,
revistarquis.ucr.ac.cr,robots_unavailable,remainder,RevistArquis,cr,es,
revistartj.org.br,robots_unavailable,remainder,Revista Thesis Juris,br,pt,
revistaruda.cl,robots_unavailable,remainder,Q57451684,cl,es,
revistas.anahuac.mx,robots_unavailable,remainder,Medicina y ética,mx,es,
revistas.asoneumocito.org,robots_unavailable,remainder,Revista Colombiana de Neumología,co,es,
revistas.cenaltes.cl,robots_unavailable,remainder,HYBRIS: Revista de Filosofía,cl,es,
revistas.cesgranrio.org.br,robots_unavailable,remainder,Ensaio,br,pt,
revistas.cff.org.br,robots_unavailable,remainder,Infarma: Pharmaceutical Sciences,br,pt,
revistas.comillas.edu,robots_unavailable,remainder,Miscelánea Comillas Revista de Ciencias Humanas y Sociales,es,,
revistas.concytec.gob.pe,robots_unavailable,remainder,Contabilidad y Negocios: Revista del Departamento Académico de Ciencias Administrativas,pe,es,
revistas.derecho.uba.ar,robots_unavailable,remainder,Lecciones y Ensayos,ar,es,
revistas.ecosur.mx,robots_unavailable,remainder,Sociedad y Ambiente,mx,es,
revistas.eia.edu.co,robots_unavailable,remainder,Revista EIA,co,es,
revistas.face.ufmg.br,robots_unavailable,remainder,Nova Economia,br,en,
revistas.filos.unam.mx,robots_unavailable,remainder,Anuario de Letras Modernas,mx,es,
revistas.gel.org.br,robots_unavailable,remainder,Estudos Linguísticos,br,pt,
revistas.isciii.es,robots_unavailable,remainder,Medicina y seguridad del trabajo,es,es,
revistas.javerianacali.edu.co,robots_unavailable,remainder,Pensamiento Psicológico,co,es,
revistas.pedagogica.edu.co,robots_unavailable,remainder,Revista Colombiana de Educación,co,es,
revistas.planejamento.rs.gov.br,robots_unavailable,remainder,Boletim Geográfico do Rio Grande do Sul,br,pt,
revistas.pucsp.br,robots_unavailable,remainder,Documentacao de Estudos em Linguistica Teorica e Aplicada,br,pt,
revistas.registraduria.gov.co,robots_unavailable,remainder,Current democracy,co,es,
revistas.ua.pt,robots_unavailable,remainder,Carnets,pt,fr,
revistas.uam.es,robots_unavailable,remainder,Revista de Estudios Internacionales Mediterráneos,es,es,
revistas.ucla.edu.ve,robots_unavailable,remainder,Gaceta Técnica,ve,es,
revistas.ucm.es,robots_unavailable,remainder,Complutum,es,es,
revistas.ucp.pt,robots_unavailable,remainder,Journal of Science and Technology of the Arts,pt,en,
revistas.ucpel.tche.br,robots_unavailable,remainder,Sociedade em Debate,br,pt,
revistas.ucu.edu.uy,robots_unavailable,remainder,Ciencias Psicológicas,uy,es,
revistas.udc.es,robots_unavailable,remainder,European Journal of Government and Economics,es,en,
revistas.udca.edu.co,robots_unavailable,remainder,Revista U.D.C.A Actualidad & Divulgación Científica,co,es,
revistas.udenar.edu.co,robots_unavailable,remainder,Tendencias,co,es,
revistas.uevora.pt,robots_unavailable,remainder,RIASE,pt,pt,
revistas.uexternado.edu.co,robots_unavailable,remainder,Revista Digital de Derecho Administrativo,co,es,
revistas.ufcg.edu.br,robots_unavailable,remainder,Acta Brasiliensis,br,pt,
revistas.ufj.edu.br,robots_unavailable,remainder,Geoambiente on-line,br,pt,
revistas.ufpr.br,robots_unavailable,remainder,Floresta,br,pt,
revistas.ufps.edu.co,robots_unavailable,remainder,Revista Ciencia y Cuidado,co,es,
revistas.ufrj.br,robots_unavailable,remainder,Anuario do Instituto de Geociencias,br,pt,
revistas.ufro.cl,robots_unavailable,remainder,Fronteras: Revista de Ciencias Sociales y Humanidades,cl,es,
revistas.uis.edu.co,robots_unavailable,remainder,Revista Ion,co,en,
revistas.ujat.mx,robots_unavailable,remainder,Emerging Trends in Education,mx,es,
revistas.ulusofona.pt,robots_unavailable,remainder,Cadernos de Sociomuseologia,pt,pt,
revistas.um.es,robots_unavailable,remainder,Medievalismo,es,es,
revistas.uminho.pt,robots_unavailable,remainder,Diacrítica,pt,pt,
revistas.una.ac.cr,robots_unavailable,remainder,Uniciencia,cr,en,
revistas.unam.mx,robots_unavailable,remainder,"Anales del Instituto de Biología, Universidad Nacional Autónoma de México. Serie botánica",mx,es,
revistas.unav.edu,robots_unavailable,remainder,Anuario de Historia de la Iglesia,es,es,
revistas.uneb.br,robots_unavailable,remainder,Revista da FAEEBA. Educação e Contemporaneidade,br,pt,
revistas.uned.es,robots_unavailable,remainder,"Espacio, Tiempo y Forma. Serie III. Historia Medieval",es,es,
revistas.unicentro.br,robots_unavailable,remainder,Ambiência,br,pt,
revistas.unicolmayor.edu.co,robots_unavailable,remainder,NOVA,co,es,
revistas.unicordoba.edu.co,robots_unavailable,remainder,Revista MVZ Cordoba,co,es,
revistas.unifacs.br,robots_unavailable,remainder,Gestão e Planejamento,br,pt,
revistas.unilasalle.edu.br,robots_unavailable,remainder,Revista Diálogo,br,pt,
revistas.unimagdalena.edu.co,robots_unavailable,remainder,CLIO América,co,es,
revistas.unimilitar.edu.co,robots_unavailable,remainder,Academia y Virtualidad,co,es,
revistas.unincor.br,robots_unavailable,remainder,Memento,br,pt,
revistas.unisinos.br,robots_unavailable,remainder,Entrelinhas,br,pt,
revistas.unitru.edu.pe,robots_unavailable,remainder,Scientia Agropecuaria,pe,es,
revistas.unne.edu.ar,robots_unavailable,remainder,Bonplandia,ar,es,
revistas.upc.edu.pe,robots_unavailable,remainder,Revista Digital de Investigación en Docencia Universitaria,pe,es,
revistas.upcomillas.es,robots_unavailable,remainder,Comillas Journal of International Relations,es,es,
revistas.uptc.edu.co,robots_unavailable,remainder,Apuntes del CENES,co,es,
revistas.urosario.edu.co,robots_unavailable,remainder,Avances en Psicologia Latinoamericana,co,es,
revistas.urp.edu.pe,robots_unavailable,remainder,Illapa,pe,es,
revistas.usal.es,robots_unavailable,remainder,Studia Historica Historia Medieval,es,es,
revistas.usantotomas.edu.co,robots_unavailable,remainder,Análisis,co,es,
revistas.usat.edu.pe,robots_unavailable,remainder,EDUCARE ET COMUNICARE Revista de investigación de la Facultad de Humanidades,pe,es,
revistas.userena.cl,robots_unavailable,remainder,"Logos: Revista de Lingüística, Literatura y Filosofía",cl,es,
revistas.utb.edu.ec,robots_unavailable,remainder,Journal of Science and Research,ec,en,
revistas.utfpr.edu.br,robots_unavailable,remainder,Revista Brasileira de Geomática,br,pt,
revistas.utm.edu.ec,robots_unavailable,remainder,Rehuso,ec,es,
revistasacademicas.unsam.edu.ar,robots_unavailable,remainder,Anuario TAREA,ar,,
revistasbolivianas.org.bo,robots_unavailable,remainder,Journal of the Selva Andina Research Society,bo,,
revistascientificas.uach.mx,robots_unavailable,remainder,Tecnociencia Chihuahua,mx,es,
revistaselectronicas.ujaen.es,robots_unavailable,remainder,Boletín de Literatura Oral,es,es,
revistaseletronicas.pucrs.br,robots_unavailable,remainder,Estudos ibero-americanos,br,pt,
revistaseug.ugr.es,robots_unavailable,remainder,Arenal: revista de historia de las mujeres,es,es,
revistashipatia.com,robots_unavailable,remainder,Historia Social y de la Educación,es,,
revistasinvestigacion.unmsm.edu.pe,robots_unavailable,remainder,Revista Peruana de Biologia,cl,en,
revistasjdc.com,robots_unavailable,remainder,Cultura Científica,co,es,
revistasmarcialpons.es,robots_unavailable,remainder,Ayer,es,es,
revistasml.cl,robots_unavailable,remainder,Revista SML,cl,,
revistastate.com.br,robots_unavailable,remainder,Revista State,br,pt,
revistatempus-eihg.com,robots_unavailable,remainder,Tempus,co,es,
revistathema.ifsul.edu.br,robots_unavailable,remainder,Revista Thema,br,pt,
revistatopoi.org,robots_unavailable,remainder,Topoi,br,pt,
revistatriangulo.uftm.edu.br,robots_unavailable,remainder,Revista Triangulo,br,pt,
revistaturpade.lasallebajio.edu.mx,robots_unavailable,remainder,Q116187773,mx,es,
revistaurbano.cl,robots_unavailable,remainder,Urbano,cl,es,
revistavalore.emnuvens.com.br,robots_unavailable,remainder,Revista Valore,br,pt,
revistaviso.com.br,robots_unavailable,remainder,Viso,br,pt,
revistavozes.uespi.br,robots_unavailable,remainder,Q136001322,br,pt,
revistes.eapc.gencat.cat,robots_unavailable,remainder,Revista Catalana de Dret Públic,es,ca,
revistes.publicacionsurv.cat,robots_unavailable,remainder,Estudis de Literatura Oral Popular,es,,
revistes.ua.es,robots_unavailable,remainder,Q65947129,es,es,
revistes.ub.edu,robots_unavailable,remainder,Geologica Acta,es,en,
revistes.upc.edu,robots_unavailable,remainder,Palimpsesto,es,en,
revmexneurociencia.com,robots_unavailable,remainder,Revista Mexicana de Neurociencia,mx,en,
revolusjon.no,robots_unavailable,remainder,Q15402208,no,no,
revpubli.unileon.es,robots_unavailable,remainder,Revista de Artes Marciales Asiáticas,es,es,
revue-etudesinternationales.ulaval.ca,robots_unavailable,remainder,Etudes internationales,ca,fr,
revue-mediations.teluq.ca,robots_unavailable,remainder,Médiations et médiatisations,ca,,
revue-relief.org,robots_unavailable,remainder,Relief: Revue electronique de litterature francaise,nl,fr,
revue-slc.org,robots_unavailable,remainder,Ivorian Journal of Language and Communication Sciences,ci,fr,
revue-smq.ca,robots_unavailable,remainder,Santé Mentale au Québec,ca,fr,
revue-vcc.univ-setif.dz,robots_unavailable,remainder,Verres Céramiques Composites,dz,fr,
revue.surlejournalisme.com,robots_unavailable,remainder,Sur le Journalisme,be,,
revue.ummto.dz,robots_unavailable,remainder,Journal of Materials and Engineering Structures,dz,,
revue24images.com,robots_unavailable,remainder,24 images,ca,fr,
revuecaptures.org,robots_unavailable,remainder,Captures,ca,fr,
revuejeu.org,robots_unavailable,remainder,Jeu,ca,fr,
revuelespritlibre.org,robots_unavailable,remainder,Siggi,ca,fr,
revuemusicaleoicrm.org,robots_unavailable,remainder,Revue musicale OICRM,ca,fr,
revuepossibles.ojs.umontreal.ca,robots_unavailable,remainder,Q136655350,ca,,
revuerelations.qc.ca,robots_unavailable,remainder,Relations,ca,fr,
revues.be,robots_unavailable,remainder,Septentrion,be,fr,
revues.imist.ma,robots_unavailable,remainder,Journal of Water Science & Environment Technologies,ma,,
rewizor.ru,robots_unavailable,remainder,rewizor.ru,ru,ru,
rf.se,robots_unavailable,remainder,Svensk idrott,se,sv,
rf1.fbc.com.fj,robots_unavailable,remainder,Radio Fiji One,fj,,
rf2.fbc.com.fj,robots_unavailable,remainder,Radio Fiji Two,fj,,
rfc.jp,robots_unavailable,remainder,Radio Fukushima,jp,ja,
rfi.ro,robots_unavailable,remainder,RFI România,ro,ro,
rfj.ch,robots_unavailable,remainder,Radio fréquence Jura,ch,,
rfm.sapo.pt,robots_unavailable,remainder,RFM,pt,pt,
rfp.psu.ru,robots_unavailable,remainder,Vestnik Permskogo universiteta: Rossijskaâ i zarubežnaâ filologiâ,ru,ru,
rfre.org,robots_unavailable,remainder,Q50816565,ch,fr,
rftv.com.br,robots_unavailable,remainder,RFTV,br,pt,
rfytp.fahce.unlp.edu.ar,robots_unavailable,remainder,Revista de Filosofía y Teoría Política,ar,es,
rge.co.il,robots_unavailable,remainder,RGE,il,he,
rgjournals.com,robots_unavailable,remainder,International Journal of Wired and Wireless Communications,in,en,
rgl.lu,robots_unavailable,remainder,Q13104709,lu,,
rgrfm.be,robots_unavailable,remainder,Q2721612,be,,
rgsa.emnuvens.com.br,robots_unavailable,remainder,RGSA: Revista de Gestão Social e Ambiental,br,pt,
rgsociety.org,robots_unavailable,remainder,International Journal of Knowledge and Research in Management and E-Commerce,in,en,
rhema.co.nz,robots_unavailable,remainder,Rhema,nz,en,
rhemacentralcoast.com.au,robots_unavailable,remainder,Rhema FM Central Coast,au,,
rhhj.anpuh.org,robots_unavailable,remainder,Revista história hoje,br,pt,
rhodesia.org,robots_unavailable,remainder,Rhodesians Worldwide,au,en,
rhonefm.ch,robots_unavailable,remainder,Q3429964,ch,,
rhythmos.info.tm,robots_unavailable,remainder,Rhythmos,gr,,
ri.urd.ac.ir,robots_unavailable,remainder,Religious Inquiries,ir,en,
ria.ie,robots_unavailable,remainder,"Proceedings of the Royal Irish Academy. Section C. Archaeology, Celtic studies, history, linguistics and literature. Royal Irish Academy",ie,en,
ria.inta.gob.ar,robots_unavailable,remainder,RIA: Revista Investigaciones Agropecuarias,ar,es,
riai.isa.upv.es,robots_unavailable,remainder,Revista Iberoamericana de Automática e Informática Industrial RIAI,nl,es,
riai.jimdo.com,robots_unavailable,remainder,"Revista Internacional de Apoyo a la Inclusión, Logopedia, Sociedad y Multiculturalidad",es,,
riat.utalca.cl,robots_unavailable,remainder,Revista Interamericana de Ambiente y Turismo,cl,es,
ridrom.uclm.es,robots_unavailable,remainder,Intl Review of Roman Law,es,es,
rie.amu.edu.pl,robots_unavailable,remainder,Rocznik Integracji Europejskiej,pl,pl,
riec.univs.edu.br,robots_unavailable,remainder,Revista Interdisciplinar Encontro das Ciências,br,pt,
riecs.es,robots_unavailable,remainder,Revista de Investigación y Educación en Ciencias de la Salud (RIECS),es,en,
ried.unizar.es,robots_unavailable,remainder,Revista Iberoamericana de Estudios de Desarrollo,es,es,
rieege.mx,robots_unavailable,remainder,Revista de Investigación Educativa de la Escuela de Graduados en Educación,mx,es,
rif.emnuvens.com.br,robots_unavailable,remainder,Forestry Institute Magazine,br,pt,
rimradio.ma,robots_unavailable,remainder,RIM Radio,ma,,
rince.unlam.edu.ar,robots_unavailable,remainder,Rince,ar,es,
rio.alphafm.com.br,robots_unavailable,remainder,Alpha FM Rio,br,pt,
rio.fm,robots_unavailable,remainder,Q51882763,br,,
rioarga.com,robots_unavailable,remainder,Río Arga,es,eu,
riodoce.mx,robots_unavailable,remainder,Ríodoce,mx,es,
rion-journal.com,robots_unavailable,remainder,Prospect and protection of mineral resources,ru,ru,
rionegro.com.ar,robots_unavailable,remainder,Río Negro,ar,es,
ripitup.com.au,robots_unavailable,remainder,Rip It Up,au,en,
ripph.qc.ca,robots_unavailable,remainder,Aequitas,ca,en,
riscurisicatastrofe.reviste.ubbcluj.ro,robots_unavailable,remainder,Riscuri şi Catastrofe,ro,ro,
ristretti.org,robots_unavailable,remainder,Q135019100,it,it,
ritmoromantica.pe,robots_unavailable,remainder,Ritmo Romántica,pe,,
ritpu.org,robots_unavailable,remainder,International Journal of Technologies in Higher Education,ca,fr,
ritzau.dk,robots_unavailable,remainder,Ritzau,dk,da,
rivesudexpress.ca,robots_unavailable,remainder,Rive-Sud Express,ca,fr,
rivista-statistica.cib.unibo.it,robots_unavailable,remainder,Statistica (journal),it,en,
rivistafilologia.loescher.it,robots_unavailable,remainder,Rivista di Filologia e di Istruzione Classica,it,it,
riviste.paviauniversitypress.it,robots_unavailable,remainder,Philomusica on-line,it,it,
rj.portaldatransparencia.com.br,robots_unavailable,remainder,Q124989553,br,pt,
rjb.revistas.csic.es,robots_unavailable,remainder,Anales del Jardín Botánico de Madrid,es,es,
rjdn.abvpress.ru,robots_unavailable,remainder,Russkij  Žurnal Detskoj Nevrologii,ru,ru,
rjea.ier.gov.ro,robots_unavailable,remainder,Romanian Journal of European Affairs,ro,ro,
rjee.ru,robots_unavailable,remainder,Russian Journal of Ecosystem Ecology,ru,ru,
rjti.rs.utcb.ro,robots_unavailable,remainder,Romanian Journal of Transport Infrastructure,pl,en,
rkk.hu,robots_unavailable,remainder,Q1003065,hu,hu,
rksu.nbuv.gov.ua,robots_unavailable,remainder,Rukopisna ta Knižkova Spadŝina Ukraïni,ua,ru,
rl-ihpan.edu.pl,robots_unavailable,remainder,Rocznik Lituanistyczny,pl,pl,
rlaturismologia.ufjf.emnuvens.com.br,robots_unavailable,remainder,Revista Latino-Americana de Turismología,br,pt,
rlfp.org.ar,robots_unavailable,remainder,Revista Latinoamericana de Filosofía Política,ar,en,
rm.reviste.ubbcluj.ro,robots_unavailable,remainder,Robotica & Management,ro,en,
rm.tsnigri.ru,robots_unavailable,remainder,Rudy i Metally,ru,en,
rmc101.it,robots_unavailable,remainder,RMC101,it,it,
rmcg.unam.mx,robots_unavailable,remainder,Revista Mexicana de Ciencias Geológicas,mx,en,
rme.gums.ac.ir,robots_unavailable,remainder,Pizhūhish dar Āmūzish-i ̒ulūm-i Pizishkī,ir,fa,
rmo.com.mx,robots_unavailable,remainder,Revista Mexicana de Oftalmología,mx,,
rmz-mg.com,robots_unavailable,remainder,Materials and Geoenvironment,pl,sl,
rnb.org.au,robots_unavailable,remainder,Radio Northern Beaches,au,,
ro.uow.edu.au,robots_unavailable,remainder,Oz,au,en,
rock104.ca,robots_unavailable,remainder,CKJX-FM,ca,,
rock107.ca,robots_unavailable,remainder,CJTN-FM,ca,,
rock94.com,robots_unavailable,remainder,CJSD-FM,ca,,
rock977.ca,robots_unavailable,remainder,CFGP-FM,ca,,
rock979.ca,robots_unavailable,remainder,CKYX-FM,ca,,
rockarsenal.ru,robots_unavailable,remainder,Q16495797,ru,ru,
rockcor.ru,robots_unavailable,remainder,Q24931678,ru,ru,
rockit.it,robots_unavailable,remainder,Rockit.it,it,it,
rockol.it,robots_unavailable,remainder,Rockol,it,it,
rocznik.bibliotekaelblaska.pl,robots_unavailable,remainder,Rocznik Elbląski,pl,pl,
roczniklwowski.lwow.eu,robots_unavailable,remainder,Q9311466,pl,pl,
rocznikteologiczny.eu,robots_unavailable,remainder,Q17619390,pl,pl,
rodja.tv,robots_unavailable,remainder,Rodja TV,id,id,
rofea.org,robots_unavailable,remainder,Review of Economic Analysis,ca,en,
rogavis.no,robots_unavailable,remainder,Rogalands Avis,no,no,
roii.ru,robots_unavailable,remainder,Dialog so vremenem,ru,ru,
rojoynegro.info,robots_unavailable,remainder,Rojo y Negro,es,es,
rokinawa.co.jp,robots_unavailable,remainder,Radio Okinawa,jp,ja,
rollingstone.co.id,robots_unavailable,remainder,Rolling Stone Indonesia,id,id,
romanialibera.ro,robots_unavailable,remainder,România liberă,ro,ro,
romanicodigital.com,robots_unavailable,remainder,Codex aquilarensis,es,en,
romedynow.com,robots_unavailable,remainder,Romedy Now,in,en,
romj.org,robots_unavailable,remainder,Russian Open Medical Journal,ru,en,
ronahi.tv,robots_unavailable,remainder,Ronahî TV,sy,,
ropravda.ru,robots_unavailable,remainder,Q62571830,ru,ru,
rose.enyinba.com,robots_unavailable,remainder,"101.9 – Rose FM, Aba",ng,,
rosfm.ie,robots_unavailable,remainder,RosFm,ie,,
rossaprimavera.ru,robots_unavailable,remainder,Rossa Primavera Informational Agency,ru,ru,
rozrywka.tvp.pl,robots_unavailable,remainder,TVP Rozrywka,pl,pl,
rp.umk.pl,robots_unavailable,remainder,Rocznik Przekładoznawczy,pl,pl,
rpea.madeira.gov.pt,robots_unavailable,remainder,Revista Portuguesa de Educação Artística,pt,pt,
rpeis.pl,robots_unavailable,remainder,"Ruch Prawniczy, Ekonomiczny i Socjologiczny",pl,pl,
rpj.ru.com,robots_unavailable,remainder,Russian Psychological Journal,ru,,
rpmesp.ins.gob.pe,robots_unavailable,remainder,Revista Peruana de medicina experimental y salud pública / Instituto Nacional de Salud,pe,es,
rpp.com.pe,robots_unavailable,remainder,RPP TV,pe,,
rrge.reviste.ubbcluj.ro,robots_unavailable,remainder,Romanian Review of Geographical Education,ro,en,
rrh.org.au,robots_unavailable,remainder,Rural and Remote Health,au,en,
rri.ro,robots_unavailable,remainder,Radio Romania International,ro,ro,
rrrs.reviste.ubbcluj.ro,robots_unavailable,remainder,Romanian Review of Regional Studies,ro,en,
rse.umontreal.ca,robots_unavailable,remainder,Revue des sciences de l'éducation,ca,fr,
rseq.org,robots_unavailable,remainder,Anales de la Real Sociedad Española de Química,es,es,
rsg.co.za,robots_unavailable,remainder,Radio Sonder Grense,za,,
rsp.fsp.usp.br,robots_unavailable,remainder,Revista de Saúde Pública,br,pt,
rtb.bf,robots_unavailable,remainder,Radiodiffusion Télévision du Burkina,bf,,
rtci.tn,robots_unavailable,remainder,Radio Tunis Chaîne Internationale,tn,,
rtd.rt.com,robots_unavailable,remainder,RT Documentary,ru,,
rtgtv.com,robots_unavailable,remainder,Russian Travel Guide,ru,,
rti.ci,robots_unavailable,remainder,Fréquence 2,ci,,
rtl8.nl,robots_unavailable,remainder,RTL 8,lu,nl,
rtlgold.hu,robots_unavailable,remainder,RTL Gold,hu,hu,
rtlradio.de,robots_unavailable,remainder,RTL Radio,lu,de,
rtltvi.be,robots_unavailable,remainder,RTL TVI,be,,
rtmklik.rtm.gov.my,robots_unavailable,remainder,Q105718861,my,,
rts.sn,robots_unavailable,remainder,Radiodiffusion Télévision Sénégalaise,sn,,
rtv-7.com,robots_unavailable,remainder,RTV-7,nl,,
rtv38.com,robots_unavailable,remainder,RTV 38,it,,
rtvcm.es,robots_unavailable,remainder,Q3133836,es,es,
rtvdigital.at,robots_unavailable,remainder,RTV Regionalfernsehen OÖ,at,de,
rtvmallorca.cat,robots_unavailable,remainder,Q11704196,es,,
rtvv.es,robots_unavailable,remainder,Canal Nou 24,es,es,
ru.fm,robots_unavailable,remainder,Q16487041,ru,,
rua.ua.es,robots_unavailable,remainder,Revista de Historia Moderna,es,es,
ruchmuzyczny.art.pl,robots_unavailable,remainder,Q9323582,pl,pl,
rudimathematici.com,robots_unavailable,remainder,Q3942245,it,it,
rudmet.ru,robots_unavailable,remainder,Russian mining,ru,ru,
rue-morgue.com,robots_unavailable,remainder,Rue Morgue,ca,en,
rufo.ru,robots_unavailable,remainder,Q2124680,ru,ru,
ruijan-kaiku.no,robots_unavailable,remainder,Ruijan Kaiku,no,no,
rukoilevaisuus.com,robots_unavailable,remainder,Q5482236,fi,,
rulb.org,robots_unavailable,remainder,Russian Linguistic Bulletin,ru,en,
rumba.fi,robots_unavailable,remainder,Rumba,fi,fi,
rumrebellion.club,robots_unavailable,remainder,The Rum Rebellion Australia,au,,
rundschau-medien.at,robots_unavailable,remainder,Q29269677,at,de,
ruotuvaki.fi,robots_unavailable,remainder,Ruotuväki,fi,fi,
rurallandscapesjournal.com,robots_unavailable,remainder,Rural Landscapes: Society Environment History,se,en,
rusathletics.info,robots_unavailable,remainder,Q30891202,ru,ru,
ruscourier.ru,robots_unavailable,remainder,Russkiy Kurier,ru,ru,
ruskeslovo.com,robots_unavailable,remainder,Ruske Slovo,rs,,
ruski.radio.cz,robots_unavailable,remainder,Radio Prague International,cz,cs,
russ.ru,robots_unavailable,remainder,Russian Journal,ru,ru,
russia.tv,robots_unavailable,remainder,Russia-1,ru,,
russia2.tv,robots_unavailable,remainder,Russia-2,ru,,
russiajournal.com,robots_unavailable,remainder,The Russia Journal,ru,,
russianstudies.hu,robots_unavailable,remainder,RussianStudiesHu,hu,en,
russianweek.ca,robots_unavailable,remainder,Newspaper Plus,ca,ru,
russjcardiol.elpub.ru,robots_unavailable,remainder,Russian Journal of Cardiology,ru,ru,
rv.ru,robots_unavailable,remainder,Russian Herald (newspaper),ru,ru,
rvalent.ru,robots_unavailable,remainder,Mosty,ru,ru,
rvcta.org,robots_unavailable,remainder,Revista Venezolana de Ciencia y Tecnología de Alimentos,ve,es,
rwi.uzh.ch,robots_unavailable,remainder,Electronic Journal of Islamic and Middle Eastern Law,ch,de,
ryokojin.co.jp,robots_unavailable,remainder,Q11504536,jp,ja,
rytm.polskieradio.pl,robots_unavailable,remainder,Q20034890,pl,pl,
ryukyushimpo.jp,robots_unavailable,remainder,Ryūkyū Shimpō,jp,ja,
rzblx1.uni-regensburg.de,robots_unavailable,remainder,Australian Journal of Human Rights,au,en,
saa.uaic.ro,robots_unavailable,remainder,Studia Antiqua et Archaeologica,ro,en,
saarf.co.za,robots_unavailable,remainder,Cape Times,za,en,
sab.ac.lk,robots_unavailable,remainder,Journal of Agricultural Sciences,lk,en,
sabc1.co.za,robots_unavailable,remainder,SABC 1,za,,
sabc2.co.za,robots_unavailable,remainder,SABC 2,za,,
sabc3.co.za,robots_unavailable,remainder,SABC 3,za,,
saber.ula.ve,robots_unavailable,remainder,Avances en Química,ve,en,
saberhumano.emnuvens.com.br,robots_unavailable,remainder,Saber Humano,br,pt,
sad.sagepub.com,robots_unavailable,remainder,Journal of South Asian Development,in,en,
saeb.feaa.uaic.ro,robots_unavailable,remainder,Scientific Annals of Economics and Business,pl,en,
saebipcas.elpub.ru,robots_unavailable,remainder,Scientific and Educational Basics in Physical Culture and Sports,ru,ru,
saeculum.christianum.uksw.edu.pl,robots_unavailable,remainder,Q9332699,pl,pl,
safarir.com,robots_unavailable,remainder,Safarir,ca,fr,
safm.co.za,robots_unavailable,remainder,SAfm,za,,
sagepub.co.uk,robots_unavailable,remainder,Studies in History,in,en,
saggaragon.com,robots_unavailable,remainder,Q85843481,es,es,
saggaragon.es,robots_unavailable,remainder,Q85843481,es,es,
saguenay.rythmefm.com,robots_unavailable,remainder,CKRS-FM,ca,,
saiehe.org.ar,robots_unavailable,remainder,Historia de la Educación Anuario,ar,es,
saiki763.fm,robots_unavailable,remainder,Q11267358,jp,,
sajbl.org.za,robots_unavailable,remainder,South African journal of bioethics and law,za,en,
sajcc.org.za,robots_unavailable,remainder,Southern African Journal of Critical Care,za,en,
sajch.org.za,robots_unavailable,remainder,SAJCH : the South African journal of child health,za,en,
sajiansedap.grid.id,robots_unavailable,remainder,Sedap,id,id,
sajog.org.za,robots_unavailable,remainder,South African journal of obstetrics and gynaecology,za,en,
sajr.co.za,robots_unavailable,remainder,Jewish Report,za,en,
sajs.openjournals.net,robots_unavailable,remainder,South African Journal of Science,za,en,
sajsm.org.za,robots_unavailable,remainder,SA Sports Medicine,za,en,
sakaryasondakika.com,robots_unavailable,remainder,Q134581281,tr,tr,
sakh.com,robots_unavailable,remainder,Sakh.com,ru,ru,
sakuranbo.co.jp,robots_unavailable,remainder,Sakuranbo Television Broadcasting,jp,ja,
salaallehanda.com,robots_unavailable,remainder,Sala Allehanda,se,sv,
salamandra.org.pl,robots_unavailable,remainder,Q11765972,pl,pl,
saleelucetv.org,robots_unavailable,remainder,Salt + Light Television,ca,,
salongen.no,robots_unavailable,remainder,Q19387425,no,no,
saltandlighttv.org,robots_unavailable,remainder,Salt + Light Television,ca,,
saltenposten.no,robots_unavailable,remainder,Saltenposten,no,no,
saltscapes.com,robots_unavailable,remainder,Saltscapes Magazine,ca,en,
saludpublica.mx,robots_unavailable,remainder,Salud Publica de Mexico,mx,es,
salve.op.cz,robots_unavailable,remainder,Q12049307,cz,cs,
sama-tv.net,robots_unavailable,remainder,Sama TV,sy,,
samaa.tv,robots_unavailable,remainder,SAMAA TV,pk,,
samemisjonen.no,robots_unavailable,remainder,magazine,no,no,
samfunnsliv.no,robots_unavailable,remainder,Samfunnsliv,no,no,
samiratv.dz,robots_unavailable,remainder,Samira TV,dz,,
samningen.no,robots_unavailable,remainder,Samningen,no,no,
samochody-specjalne.com.pl,robots_unavailable,remainder,Q9333158,pl,pl,
samoyiki.com,robots_unavailable,remainder,Samoyiki,no,bn,
samtatnews.ru,robots_unavailable,remainder,Samara Tatars Magazine,ru,ru,
samtiden.no,robots_unavailable,remainder,Samtiden,no,no,
samvirke.dk,robots_unavailable,remainder,Samvirke,dk,da,
sanasyria.org,robots_unavailable,remainder,Syrian Arab News Agency,sy,en,
sandzak.tv,robots_unavailable,remainder,Sandžak TV,rs,,
sangeetbangla.com,robots_unavailable,remainder,Sangeet Bangla,in,,
sanidadambiental.com,robots_unavailable,remainder,Revista de salud ambiental,es,,
sanipe.es,robots_unavailable,remainder,Revista Española de Sanidad Penitenciaria,es,es,
sanjevani.com,robots_unavailable,remainder,Sanjevani,in,kn,
sanlorenzo.ca,robots_unavailable,remainder,CHHA,ca,,
sannichi.co.jp,robots_unavailable,remainder,Yamanashi Nichinichi Shimbun,jp,ja,
sanp.ch,robots_unavailable,remainder,"Swiss Archives of Neurology, Psychiatry and Psychotherapy",ch,en,
sansadtv.nic.in,robots_unavailable,remainder,Sansad TV,in,en,
santafe.telefe.com,robots_unavailable,remainder,Telefe (Santa Fe),ar,,
santanderestudiospatrimonio.unican.es,robots_unavailable,remainder,Santander Estudios de Patrimonio,es,en,
santotomas.cl,robots_unavailable,remainder,Summa Psicologica UST,cl,es,
sarbc.ru,robots_unavailable,remainder,SarBC,ru,ru,
sars.org.bo,robots_unavailable,remainder,Journal of the Selva Andina Biosphere,bo,es,
saude.ufpr.br,robots_unavailable,remainder,Cogitare Enfermagem,br,pt,
saudiendodj.com,robots_unavailable,remainder,Saudi Endodontic Journal,in,en,
saudija.org,robots_unavailable,remainder,Saudi Journal of Anaesthesia,in,en,
savus.si,robots_unavailable,remainder,Savus,si,sl,
sbfisica.org.br,robots_unavailable,remainder,Brazilian Journal of Physics,br,en,
sbhc.org.br,robots_unavailable,remainder,Revista Brasileira de História da Ciência,br,en,
sbircialanotizia.it,robots_unavailable,remainder,Sbircia la Notizia Magazine,it,it,
sbp.pl,robots_unavailable,remainder,Przegląd Biblioteczny,pl,pl,
sbscnbc.sbs.co.kr,robots_unavailable,remainder,SBS CNBC,kr,ko,
sbsm.sbs.co.kr,robots_unavailable,remainder,SBS M,kr,ko,
sbsociologia.com.br,robots_unavailable,remainder,Revista Brasileira de Sociologia,br,pt,
sbssports.sbs.co.kr,robots_unavailable,remainder,SBS Sports,kr,ko,
sbtsc.com.br,robots_unavailable,remainder,SCC SBT,br,pt,
sbv.org.br,robots_unavailable,remainder,Virus reviews & research : journal of the Brazilian Society for Virology,br,en,
scena.org,robots_unavailable,remainder,The Music Scene,ca,en,
scf-lsa.info,robots_unavailable,remainder,Studii si Cercetari Filologice: Seria Limbi Straine Aplicate,ro,,
schamper.ugent.be,robots_unavailable,remainder,Schamper,be,,
schinafish.cn,robots_unavailable,remainder,Nanfang shuichan kexue,cn,zh,
schlesien-heute.de,robots_unavailable,remainder,Schlesien heute,pl,de,
schnell-und-steiner.de,robots_unavailable,remainder,Deutsches Archaeologisches Institut. Roemische Abteilung. Mitteilungen,it,en,
schreibkraft.adm.at,robots_unavailable,remainder,Schreibkraft,at,de,
schweizerbart.de,robots_unavailable,remainder,Meteorologische Zeitschrift,at,en,
schwiizerfranke.com,robots_unavailable,remainder,Q139577268,ch,de,
sci-notes.ru,robots_unavailable,remainder,Učenye Zapiski Sankt-Peterburgskogo Gosudarstvennogo Medicinskogo Universiteta im. Akad. I.P. Pavlova,ru,ru,
scielo.cl,robots_unavailable,remainder,Revista Chilena de Historia Natural,cl,en,
scielo.edu.uy,robots_unavailable,remainder,CLEI Electronic Journal,cl,en,
scielo.iec.gov.br,robots_unavailable,remainder,Epidemiologia e serviços de saúde : revista do Sistema Unico de Saúde do Brasil,br,pt,
scielo.isciii.es,robots_unavailable,remainder,Revista española de enfermedades digestivas,es,es,
scielo.org.ar,robots_unavailable,remainder,Ameghiniana,ar,en,
scielo.org.bo,robots_unavailable,remainder,Journal of the Selva Andina Research Society,bo,,
scielo.org.co,robots_unavailable,remainder,Revista Colombiana de Ciencias Pecuarias,co,es,
scielo.org.za,robots_unavailable,remainder,African Journal of Laboratory Medicine,et,en,
scielosp.org,robots_unavailable,remainder,Revista de salud pública,ar,es,
science-gate.com,robots_unavailable,remainder,International Journal of Advanced and Applied Sciences,tw,en,
science-res.com,robots_unavailable,remainder,Journal of Child Language Acquisition and Development,tr,en,
sciencesphere.org,robots_unavailable,remainder,International Journal of Information Systems and Project Management,pt,pt,
sciengine.com,robots_unavailable,remainder,Chinese Annals of History of Science and Technology,cn,en,
scientiamarina.revistas.csic.es,robots_unavailable,remainder,Scientia Marina,es,en,
scientiaplena.org.br,robots_unavailable,remainder,Scientia Plena,br,pt,
scientificphoneapps.com,robots_unavailable,remainder,Scientific Phone Apps and Mobile Devices,sg,en,
scienzaefilosofia.it,robots_unavailable,remainder,S&F_scienzaefilosofia.it,it,it,
scipharm.at,robots_unavailable,remainder,Scientia Pharmaceutica,at,en,
scipio.ro,robots_unavailable,remainder,Journal of Applied Engineering Sciences,ro,en,
sciresit.it,robots_unavailable,remainder,SCIRES-IT : SCIentific RESearch and Information Technology,it,it,
sclj.ru,robots_unavailable,remainder,Religion and Law,ru,ru,
scone.yourguide.com.au,robots_unavailable,remainder,The Scone Advocate,au,,
scopemed.org,robots_unavailable,remainder,Narayana Medical Journal,in,en,
screammagazine.com,robots_unavailable,remainder,Scream Magazine,no,no,
scriptamanent.sdutsj.edus.si,robots_unavailable,remainder,Scripta Manent,si,sl,
sdalc.uw.edu.pl,robots_unavailable,remainder,STUDIES IN AFRICAN LANGUAGES AND CULTURES,pl,en,
sdiwc.net,robots_unavailable,remainder,International Journal of New Computer Architectures and their Applications,hk,en,
sdu.edu.tr,robots_unavailable,remainder,SDU Journal of Science,tr,en,
sea.ufr.edu.br,robots_unavailable,remainder,Scientific Electronic Archives,br,pt,
search.ebscohost.com,robots_unavailable,remainder,International Journal of Education Policy and Leadership,ca,en,
search.epnet.com,robots_unavailable,remainder,Canadian Journal of Administrative Sciences,ca,en,
search.sabinet.co.za,robots_unavailable,remainder,South African Journal of Chemistry,za,en,
seas.at,robots_unavailable,remainder,ASEAS - Austrian Journal of South-East Asian Studies,at,de,
secretariageneral.durango.gob.mx,robots_unavailable,remainder,Q125952538,mx,es,
secretmag.ru,robots_unavailable,remainder,The Firm's Secret,ru,ru,
sedaily.com,robots_unavailable,remainder,The Seoul Economic Daily,kr,ko,
sede.defensa.gob.es,robots_unavailable,remainder,Boletín Oficial del Ministerio de Defensa,es,es,
sede.educacion.gob.es,robots_unavailable,remainder,Q65947267,es,es,
seer.abed.net.br,robots_unavailable,remainder,Revista Brasileira de Aprendizagem Aberta e a Distância,br,pt,
seer.canoas.ifrs.edu.br,robots_unavailable,remainder,Knowledge about hepatitis B infection,br,pt,
seer.franca.unesp.br,robots_unavailable,remainder,História e Cultura,br,pt,
seer.ines.gov.br,robots_unavailable,remainder,Revista Espaço,br,pt,
seer.uenp.edu.br,robots_unavailable,remainder,Argumenta,br,pt,
seer.ufms.br,robots_unavailable,remainder,Perspectivas em Diálogo: Revista de Educação e Sociedade,br,pt,
seer.ufrgs.br,robots_unavailable,remainder,Revista gaúcha de enfermagem / EENFUFRGS,br,pt,
seer.ufs.br,robots_unavailable,remainder,GeoNordeste,br,pt,
seer.uftm.edu.br,robots_unavailable,remainder,"Revista Família, Ciclos de Vida e Saúde no Contexto Social",br,pt,
seer.ufu.br,robots_unavailable,remainder,Revista Brasileira de Cartografia,br,pt,
seer.unirio.br,robots_unavailable,remainder,Revista de Pesquisa : Cuidado é Fundamental Online,br,pt,
sefarad.revistas.csic.es,robots_unavailable,remainder,Sefarad,es,es,
segulamag.com,robots_unavailable,remainder,Segulah,il,he,
sejodr.org,robots_unavailable,remainder,South European Journal of Orthodontics and Dentofacial Research,hr,en,
selbyggen.no,robots_unavailable,remainder,Selbyggen,no,no,
seletlumieretv.org,robots_unavailable,remainder,Salt + Light Television,ca,,
selo.pl.ua,robots_unavailable,remainder,Selo poltavs'ke,ua,uk,
sem-wes.org,robots_unavailable,remainder,Revista de Economía Mundial,es,,
semana.es,robots_unavailable,remainder,Semana,es,es,
semanario.itapetininga.sp.gov.br,robots_unavailable,remainder,Q124935287,br,pt,
seminascientiarum.upjp2.edu.pl,robots_unavailable,remainder,Semina scientiarum,pl,en,
senalcolombia.tv,robots_unavailable,remainder,Señal Colombia,co,,
sensesofcinema.com,robots_unavailable,remainder,Senses of Cinema,au,en,
sentinelnews.com,robots_unavailable,remainder,Sentinel News,za,,
sercatalunya.cat,robots_unavailable,remainder,SER Catalunya,es,es,
serena.sharepress.it,robots_unavailable,remainder,La camera blu,it,it,
serido.jovempanfm.uol.com.br,robots_unavailable,remainder,Q55726025,br,pt,
serielizados.com,robots_unavailable,remainder,Q61756951,es,es,
seriesplus.com,robots_unavailable,remainder,Séries Plus,ca,fr,
servicosonline.limeira.sp.gov.br,robots_unavailable,remainder,Q124935688,br,pt,
servimedia.es,robots_unavailable,remainder,Servimedia,es,es,
servustv.com,robots_unavailable,remainder,ServusTV,at,,
sesam.nu,robots_unavailable,remainder,Sesam på lätt svenska,se,sv,
setanta.com,robots_unavailable,remainder,Eir Sport 1,ie,,
setanta.com.ua,robots_unavailable,remainder,Setanta Sports Ukraine,ua,uk,
setindia.com,robots_unavailable,remainder,Sony Entertainment Television,in,hi,
setis.library.usyd.edu.au,robots_unavailable,remainder,Australian Women's Weekly,au,en,
settimananews.it,robots_unavailable,remainder,Q134590487,it,it,
seutu-sanomat.fi,robots_unavailable,remainder,Seutu-Sanomat,fi,fi,
sevastopol.press,robots_unavailable,remainder,Q57312468,ru,ru,
sexualidadsaludysociedad.org,robots_unavailable,remainder,"Sexualidad, salud y sociedad : revista Latinoamericana",br,,
sfera.umk.pl,robots_unavailable,remainder,Q9302300,pl,pl,
sfogliatore.quotidiano.net,robots_unavailable,remainder,Il Giorno,it,it,
sfoto.se,robots_unavailable,remainder,Q10498331,se,sv,
sga.aracaju.se.gov.br,robots_unavailable,remainder,Q124978062,br,pt,
sgazeta.ru,robots_unavailable,remainder,Rural life (newspaper),ru,ru,
sgem.pwr.wroc.pl,robots_unavailable,remainder,Studia Geotechnica et Mechanica,pl,en,
sgex.eb.mil.br,robots_unavailable,remainder,Boletim do Exército,br,pt,
sgg.chiapas.gob.mx,robots_unavailable,remainder,Q125952536,mx,es,
sggnay.gob.mx,robots_unavailable,remainder,Q125952546,mx,es,
sgp.org.pl,robots_unavailable,remainder,Landform Analysis,pl,en,
shababfm.ps,robots_unavailable,remainder,Q113531302,ps,,
shabestan.ir,robots_unavailable,remainder,Shabestan News Agency,ir,fa,
shakespearecentre.uni.lodz.pl,robots_unavailable,remainder,Multicultural Shakespeare,pl,en,
shanson.tv,robots_unavailable,remainder,Shanson TV,ru,,
shaw.ca,robots_unavailable,remainder,Shaw TV Kenora,ca,,
shb.nw.ru,robots_unavailable,remainder,Studies in the history of biology,ru,ru,
shenman.cn,robots_unavailable,remainder,Magic Comic,cn,zh,
shibaradi769.com,robots_unavailable,remainder,Q11290558,jp,,
shikoku-np.co.jp,robots_unavailable,remainder,The Shikoku Shimbun,jp,ja,
shinefm.com,robots_unavailable,remainder,CJSI-FM,ca,,
shinkenpress.co.jp,robots_unavailable,remainder,Shinken Shinbunsha,jp,ja,
shipjournal.co,robots_unavailable,remainder,Ciencia y Tecnología de Buques,co,es,
shn.ch,robots_unavailable,remainder,Schaffhauser Nachrichten,ch,,
shodhbodh.com,robots_unavailable,remainder,Shodhbodhalaya,in,en,
shodhpith.com,robots_unavailable,remainder,Shodhpith International Multidisciplinary Research Journal,in,en,
shop.ilmessaggero.it,robots_unavailable,remainder,Il Messaggero,it,it,
shoppingba.infobae.com,robots_unavailable,remainder,Radio 10,ar,,
shoptime.com.br,robots_unavailable,remainder,TV Shoptime,br,pt,
shouhuo-harvest.com,robots_unavailable,remainder,Harverst,cn,zh,
showcase.ca,robots_unavailable,remainder,Showcase,ca,,
shs.zgodovinsko-drustvo-kovacic.si,robots_unavailable,remainder,Studia Historica Slovenica,si,sl,
shu.edu,robots_unavailable,remainder,The Lonergan Review,it,en,
siaiap32.univali.br,robots_unavailable,remainder,Vozes e Diálogo,br,pt,
siapegov.japeri.rj.gov.br,robots_unavailable,remainder,Q124935312,br,pt,
siarq.ufrj.br,robots_unavailable,remainder,Arquivos da Universidade Federal Rural do Rio de Janeiro,br,pt,
siba-ese.unisalento.it,robots_unavailable,remainder,Note di Matematica,it,it,
sibac.info,robots_unavailable,remainder,Studencheskiy,ru,ru,
sic.pt,robots_unavailable,remainder,SIC,pt,pt,
sic.sapo.pt,robots_unavailable,remainder,SIC Mulher,pt,pt,
sicinternacional.pt,robots_unavailable,remainder,SIC Internacional África,pt,pt,
sicom.gob.mx,robots_unavailable,remainder,SICOM Radio,mx,,
sicprogramas.sapo.pt,robots_unavailable,remainder,SIC Comédia,br,pt,
sicradical.sapo.pt,robots_unavailable,remainder,SIC Radical,pt,pt,
signalhfx.ca,robots_unavailable,remainder,The Signal,ca,en,
signalposten.dk,robots_unavailable,remainder,Signalposten,dk,da,
signalradio.cz,robots_unavailable,remainder,Q104698245,cz,cs,
signsmag.com,robots_unavailable,remainder,Signs of the Times,au,en,
sigtunamuseum.se,robots_unavailable,remainder,Q10669137,se,sv,
sih.sagepub.com,robots_unavailable,remainder,Studies in History,in,en,
silver.ru,robots_unavailable,remainder,Silver Rain Radio,ru,ru,
silverscreenclassics.com,robots_unavailable,remainder,Silver Screen Classics,ca,,
simnoticias.com.br,robots_unavailable,remainder,TV SIM,br,pt,
sinalnews.com.br,robots_unavailable,remainder,Q106547956,br,pt,
sinchew.com.my,robots_unavailable,remainder,Sin Chew Daily,my,zh,
singpao.com,robots_unavailable,remainder,Sing Pao Daily News,cn,,
singsiandailynews.com,robots_unavailable,remainder,Sing Sian Yer Pao Daily News,th,zh,
sintesis.com.mx,robots_unavailable,remainder,Sintesis,mx,es,
sips-snahp.ojs.umontreal.ca,robots_unavailable,remainder,Science of nursing and health practices,ca,en,
sipse.com,robots_unavailable,remainder,XHCAM-FM,mx,,
siriusxm.com,robots_unavailable,remainder,Canada 360,ca,,
sisbib.emnuvens.com.br,robots_unavailable,remainder,Revista de Direitos e Garantias Fundamentais,br,pt,
sisbib.unmsm.edu.pe,robots_unavailable,remainder,Revista Peruana de Biologia,cl,en,
sishuraija.shubhapallaba.com,robots_unavailable,remainder,Sishupallaba,in,or,
sistemabibliotecariofano.it,robots_unavailable,remainder,Nuovi studi fanesi,it,it,
sistemas.canoas.rs.gov.br,robots_unavailable,remainder,Q124989674,br,pt,
sistemas.macae.rj.gov.br,robots_unavailable,remainder,Q124935697,br,pt,
sistemas.semad.saoluis.ma.gov.br,robots_unavailable,remainder,Q124978093,br,pt,
sistemas.uft.edu.br,robots_unavailable,remainder,Revista Brasileira de Educação do Campo,br,pt,
sistemas2.uft.edu.br,robots_unavailable,remainder,Revista Trabalho EnCena,br,pt,
sites.thomsonreuters.com.au,robots_unavailable,remainder,Australian GST Journal,au,en,
sites.uai.com.br,robots_unavailable,remainder,Q10292422,br,pt,
sizinti.com.tr,robots_unavailable,remainder,Sızıntı,tr,tr,
sjar.revistas.csic.es,robots_unavailable,remainder,Spanish Journal of Agricultural Research,es,en,
sjdr.se,robots_unavailable,remainder,Scandinavian Journal of Disability Research,se,en,
sjkdt.org,robots_unavailable,remainder,"Saudi journal of kidney diseases and transplantation : an official publication of the Saudi Center for Organ Transplantation, Saudi Arabia",in,,
sjss.es,robots_unavailable,remainder,Spanish Journal of Soil Science,es,en,
sjuan.se,robots_unavailable,remainder,Sjuan,se,sv,
sjwop.com,robots_unavailable,remainder,Scandinavian Journal of Work and Organizational Psychology,se,en,
skalk.dk,robots_unavailable,remainder,Skalk,dk,da,
skaraborgslanstidning.se,robots_unavailable,remainder,Q10669774,se,sv,
skd.se,robots_unavailable,remainder,Skånska Dagbladet,se,sv,
skf.org.pl,robots_unavailable,remainder,Miesięcznik. Biuletyn Informacyjny ŚKF,pl,pl,
skidrow.com.au,robots_unavailable,remainder,Radio Skid Row,au,,
skisport.no,robots_unavailable,remainder,Skisport,no,no,
sky-fks.fi,robots_unavailable,remainder,Q11858969,fi,fi,
sky.at,robots_unavailable,remainder,Q18630810,at,de,
sky.it,robots_unavailable,remainder,Sky Italia,it,it,
sky995fm.com,robots_unavailable,remainder,Sky 99.5,tt,,
skynewsbusiness.com.au,robots_unavailable,remainder,Sky News Business Channel,au,,
skyracing.com.au,robots_unavailable,remainder,2KY,au,,
slam1005.com,robots_unavailable,remainder,Slam 100.5,tt,,
slaviacentralis.uni-mb.si,robots_unavailable,remainder,Slavia Centralis,si,sl,
slavicalmanac.ru,robots_unavailable,remainder,Slavic Almanac,ru,ru,
slbenfica.pt,robots_unavailable,remainder,O Benfica,pt,pt,
slice.ca,robots_unavailable,remainder,Slice,ca,,
slja.sljol.info,robots_unavailable,remainder,Sri Lankan Journal of Anaesthesiology,lk,en,
sljch.sljol.info,robots_unavailable,remainder,Sri Lanka Journal of Child Health,lk,en,
sljfmsl.sljol.info,robots_unavailable,remainder,"Sri Lanka Journal of Forensic Medicine, Science & Law",lk,en,
sljol.info,robots_unavailable,remainder,Anuradhapura Medical Journal,lk,en,
slovacky.denik.cz,robots_unavailable,remainder,Q12054893,cz,cs,
slovaksport.tv,robots_unavailable,remainder,Slovak Sport.TV,sk,,
slovenski-rod.javnost.si,robots_unavailable,remainder,Slovenski rod,si,sl,
slowoimysl.pl,robots_unavailable,remainder,Q9353487,pl,pl,
sls.fi,robots_unavailable,remainder,Skrifter utgivna av Svenska litteratursällskapet i Finland,fi,sv,
smalanningen.se,robots_unavailable,remainder,Smålänningen,se,sv,
smart.businessweekly.com.tw,robots_unavailable,remainder,Smart Monthly,tw,zh,
smashfm.love,robots_unavailable,remainder,Smash FM,ng,,
smgradio.cn,robots_unavailable,remainder,Dong Fang Guangbo Dian Tai,cn,zh,
smj.org.sg,robots_unavailable,remainder,Singapore Medical Journal,sg,en,
smjonline.org,robots_unavailable,remainder,Sahel Medical Journal,in,en,
smooth.com.au,robots_unavailable,remainder,Smooth,au,en,
smp.se,robots_unavailable,remainder,Smålandsposten,se,sv,
smw.ch,robots_unavailable,remainder,Swiss Medical Weekly,ch,en,
sn24.se,robots_unavailable,remainder,Q10683838,se,sv,
snak.or.kr,robots_unavailable,remainder,International Journal of Naval Architecture and Ocean Engineering,nl,en,
sobremexico-revista.ibero.mx,robots_unavailable,remainder,Q116187789,mx,es,
soc-journal.ru,robots_unavailable,remainder,Sovremennye Issledovaniâ Socialʹnyh Problem,ru,ru,
socialtlederforum.dk,robots_unavailable,remainder,Social Udvikling,dk,da,
socibracom.com,robots_unavailable,remainder,Brazilian Journal of Motor Behavior,br,pt,
sociedadeconomiacritica.org,robots_unavailable,remainder,Cuadernos de Economía Crítica,ar,,
sociedadesprecapitalistas.fahce.unlp.edu.ar,robots_unavailable,remainder,Sociedades Precapitalistas,ar,es,
societas-communitas.isns.uw.edu.pl,robots_unavailable,remainder,Societas / Communitas,pl,pl,
societastoricavc.it,robots_unavailable,remainder,Q137385741,it,it,
societedesetudesjuives.org,robots_unavailable,remainder,Revue des Etudes Juives,be,en,
sociohistorica.fahce.unlp.edu.ar,robots_unavailable,remainder,Sociohistórica,ar,es,
sociologieetsocietes.ca,robots_unavailable,remainder,Sociologie et sociétés,ca,fr,
socionauki.ru,robots_unavailable,remainder,Social Evolution & History,ru,en,
socionomen.nu,robots_unavailable,remainder,Socionomen,se,sv,
socis.isras.ru,robots_unavailable,remainder,Sociological Studies,ru,en,
sofiaecho.com,robots_unavailable,remainder,The Sofia Echo,bg,en,
sofnet.org,robots_unavailable,remainder,Q10500959,se,sv,
soilscience.ro,robots_unavailable,remainder,Soil Forming Factors and Processes from the Temperate Zone,ro,ro,
solarnews.ph,robots_unavailable,remainder,Solar News Channel,ph,,
solartv.ph,robots_unavailable,remainder,Solar TV,ph,,
solidot.org,robots_unavailable,remainder,Solidot,cn,,
sololive.it,robots_unavailable,remainder,Live!,it,it,
solothurnerzeitung.ch,robots_unavailable,remainder,Solothurner Zeitung,ch,de,
solradioen.no,robots_unavailable,remainder,Q19389609,no,no,
soltvperu.com,robots_unavailable,remainder,Sol Television,cl,,
somospichilemu.cl,robots_unavailable,remainder,Radio Somos Pichilemu,cl,es,
sonar.sg,robots_unavailable,remainder,Sonar Radio,sg,en,
sonara.net,robots_unavailable,remainder,Al-Sinnara,il,ar,
sonce.tv,robots_unavailable,remainder,Sonce,ua,,
sonicstudies.org,robots_unavailable,remainder,Journal of Sonic Studies,nl,en,
sonk.fi,robots_unavailable,remainder,Q11855914,fi,fi,
sonntagsblatt.at,robots_unavailable,remainder,Q41139269,at,de,
sonshineradio.com,robots_unavailable,remainder,DXYZ,ph,,
sonybbcearth.com,robots_unavailable,remainder,Sony BBC Earth,in,,
sonymax.tv,robots_unavailable,remainder,Sony Max,in,,
sorging.ro,robots_unavailable,remainder,Journal of Industrial Design and Engineering Graphics,ro,en,
sortirfm.com,robots_unavailable,remainder,CJNG-FM,ca,,
sortlandsavisa.no,robots_unavailable,remainder,SortlandsAvisa,no,no,
sou.ucs.br,robots_unavailable,remainder,Revista Direito Ambiental e Sociedade,br,pt,
soundcity.tv,robots_unavailable,remainder,Soundcity TV,ng,,
southeastradio.ie,robots_unavailable,remainder,South East Radio,ie,,
southerncrossaustereo.com.au,robots_unavailable,remainder,10,au,,
soziale-systeme.ch,robots_unavailable,remainder,Q2305404,ch,de,
sozialplattform.at,robots_unavailable,remainder,"Rundbrief - Neuigkeiten aus der oö. Sozialszene, Informationen zu sozialpolitischen Themen",at,de,
sp2put.pl,robots_unavailable,remainder,SP2PUT,pl,pl,
spatial-economics.com,robots_unavailable,remainder,Prostranstvennaâ Èkonomika,ru,ru,
spb.rtrs.ru,robots_unavailable,remainder,Q65175868,ru,ru,
specnaz.ru,robots_unavailable,remainder,Special Forces of Russia (newspaper),ru,ru,
spiegamelofacile.com,robots_unavailable,remainder,Q139540173,it,it,
spiintl.com,robots_unavailable,remainder,FilmBox+ Comedy,bg,,
spil.journals.ac.za,robots_unavailable,remainder,Stellenbosch Papers in Linguistics,za,en,
spilplus.journals.ac.za,robots_unavailable,remainder,Spil plus,za,,
spiralemagazine.com,robots_unavailable,remainder,Spirale,ca,fr,
spirou.com,robots_unavailable,remainder,Spirou,be,fr,
splashfm1055.com,robots_unavailable,remainder,Splash Fm Ibadan,ng,,
spm.uem.br,robots_unavailable,remainder,Boletim da Sociedade Paranaense de Matemática,br,pt,
spog.org.pe,robots_unavailable,remainder,Revista Peruana de Ginecología y Obstetricia,pe,es,
spormax.ligtv.com.tr,robots_unavailable,remainder,SporMax,tr,tr,
sport.eenu.edu.ua,robots_unavailable,remainder,"Physical Education, Sports and the Culture of Public Health in Modern Society",ua,uk,
sport.es,robots_unavailable,remainder,Sport,es,es,
sport.tvr.ro,robots_unavailable,remainder,TVR Sport,ro,ro,
sportedu.org.ua,robots_unavailable,remainder,Fizičeskoe Vospitanie Studentov,ua,ru,
sportexpress.pl,robots_unavailable,remainder,Lubelski Sport Express,pl,pl,
sportkanalen.se,robots_unavailable,remainder,Sportkanalen,se,sv,
sportmediaset.mediaset.it,robots_unavailable,remainder,Sport Mediaset,it,it,
sportodin.ru,robots_unavailable,remainder,Q4438049,ru,ru,
sportpedagogy.org.ua,robots_unavailable,remainder,"Pedagogìka, Psihologìâ ta Mediko-bìologìčnì Problemi Fìzičnogo Vihovannâ ì Sportu",ua,uk,
sports.abs-cbn.com,robots_unavailable,remainder,DXAB-TV,ph,,
sports.pl,robots_unavailable,remainder,Przegląd Sportowy,pl,pl,
sports1440.ca,robots_unavailable,remainder,CKJR,ca,,
sports18.com,robots_unavailable,remainder,Sports18,in,,
sportsplus.com.br,robots_unavailable,remainder,Sports+,br,pt,
sportstv.com.tr,robots_unavailable,remainder,Sports TV,tr,tr,
sporttelegram.com,robots_unavailable,remainder,Q29981957,dk,,
spp-j.com,robots_unavailable,remainder,Science postprint,jp,en,
spp.revues.org,robots_unavailable,remainder,Sociologia,pt,pt,
spraktidningen.se,robots_unavailable,remainder,Språktidningen : tidningen som bevakar och bejakar språket,se,sv,
springerlink.com,robots_unavailable,remainder,Journal of Parasitic Diseases,in,en,
springnews.co.th,robots_unavailable,remainder,Spring News,th,en,
sr.se,robots_unavailable,remainder,Sveriges Radio P3,se,sv,
sravpol.ru,robots_unavailable,remainder,Sravnitelʹnaâ Politika,ru,ru,
srednieveka.ru,robots_unavailable,remainder,Q96735792,ru,en,
srgssr.ch,robots_unavailable,remainder,Swiss Broadcasting Corporation,ch,,
srtn.nayarit.gob.mx,robots_unavailable,remainder,XHTPG-TDT,mx,,
srugim.co.il,robots_unavailable,remainder,Srugim,il,he,
ssa.ptg.sggw.pl,robots_unavailable,remainder,Roczniki Gleboznawcze,pl,pl,
ssjournals.com,robots_unavailable,remainder,International Journal of Pharmacological Research,in,en,
ssllt.amu.edu.pl,robots_unavailable,remainder,Studies in Second Language Learning and Teaching,pl,en,
sspclub.cn,robots_unavailable,remainder,Shanghai Students' Post,cn,zh,
ssstj.sci.ssru.ac.th,robots_unavailable,remainder,Suan Sunandha Rajabhat University Journal of Science and Technology,th,en,
ssu.ac.ir,robots_unavailable,remainder,Journal of Medical Education and Development,ir,fa,
st-hum.ru,robots_unavailable,remainder,Studia Humanitatis,ru,ru,
st.nu,robots_unavailable,remainder,Sundsvalls Tidning,se,sv,
sta.si,robots_unavailable,remainder,Slovenian Press Agency,si,sl,
stadtfilter.ch,robots_unavailable,remainder,Radio Stadtfilter,ch,,
staletapraha.cz,robots_unavailable,remainder,Staletá Praha,cz,cs,
stampaitaliana.online,robots_unavailable,remainder,Stampa Italiana,it,it,
stampmedia.be,robots_unavailable,remainder,Q61864321,be,,
star-latam.com,robots_unavailable,remainder,Star Channel,br,,
star.jstv.com,robots_unavailable,remainder,Jiangsu Television,cn,,
star1045.com.au,robots_unavailable,remainder,Star 104.5 FM,au,en,
staravis.com,robots_unavailable,remainder,StarAvis,no,,
starchannel.es,robots_unavailable,remainder,Star Channel,es,es,
starchannel.fi,robots_unavailable,remainder,Star Channel,fi,fi,
starfm.com.au,robots_unavailable,remainder,Star FM,au,,
starmania.ro,robots_unavailable,remainder,StarMania.Ro,ro,ro,
starnewskorea.com,robots_unavailable,remainder,STARNEWS,kr,ko,
starobserver.com.au,robots_unavailable,remainder,Star Observer,au,en,
starstv.eu,robots_unavailable,remainder,Stars.TV,pl,pl,
startv.com,robots_unavailable,remainder,Disney Networks Group Asia Pacific,hk,,
startvtz.com,robots_unavailable,remainder,Star TV,tz,,
statetimes.in,robots_unavailable,remainder,State Times,in,en,
stegroup.pl,robots_unavailable,remainder,Management Systems in Production Engineering,pl,en,
steinbachonline.com,robots_unavailable,remainder,CILT-FM,ca,,
stemcellreports.cell.com,robots_unavailable,remainder,Stem Cell Reports,ca,en,
stena.online,robots_unavailable,remainder,Stena.Online,ru,ru,
sterzschrift.at,robots_unavailable,remainder,Q2346196,at,de,
stillestunder.no,robots_unavailable,remainder,Q12003257,no,nn,
stingray.com,robots_unavailable,remainder,Stingray Naturescape,ca,,
stm.ru,robots_unavailable,remainder,Student Meridian,ru,ru,
stoa.uv.mx,robots_unavailable,remainder,Stoa,mx,es,
storfjordnytt.no,robots_unavailable,remainder,Storfjordnytt,no,no,
storiaefuturo.eu,robots_unavailable,remainder,Storia e Futuro,it,,
storicamente.org,robots_unavailable,remainder,Storicamente,it,it,
storynetwork.in,robots_unavailable,remainder,Story Network,in,en,
strana.fm,robots_unavailable,remainder,Strana FM,ru,,
strasbourgobservers.com,robots_unavailable,remainder,Strasbourg Observers,be,,
strategiimanageriale.ro,robots_unavailable,remainder,Strategii Manageriale,ro,ro,
strategybusiness.ru,robots_unavailable,remainder,Business Strategies,ru,ru,
stratostv.co.nz,robots_unavailable,remainder,Face TV,nz,,
streamingv2.shoutcast.com,robots_unavailable,remainder,DYRC,ph,,
stribuna.ru,robots_unavailable,remainder,Q16271821,ru,ru,
stthomastoday.ca,robots_unavailable,remainder,CKZM-FM,ca,,
studia-slaskie.instytutslaski.com,robots_unavailable,remainder,Studia Śląskie,pl,,
studia-zrodloznawcze.pl,robots_unavailable,remainder,Studia Zrodloznawcze,pl,pl,
studia.quaternaria.pan.pl,robots_unavailable,remainder,Studia Quaternaria,pl,en,
studia.reviste.ubbcluj.ro,robots_unavailable,remainder,Studia Universitatis Babeş-Bolyai Negotia,ro,ro,
studiaetdocumenta.org,robots_unavailable,remainder,Studia et Documenta,it,en,
studiageohistorica.pl,robots_unavailable,remainder,Q28673263,pl,pl,
studiahumana.com,robots_unavailable,remainder,Studia Humana,pl,,
studiapelplinskie.pl,robots_unavailable,remainder,Q28674090,pl,pl,
studiapolityczne.pl,robots_unavailable,remainder,Studia Polityczne,pl,pl,
studiawarminskie.uwm.edu.pl,robots_unavailable,remainder,Studia Warmińskie,pl,en,
studiesinmycology.org,robots_unavailable,remainder,Studies in Mycology,nl,en,
studiesirishreview.ie,robots_unavailable,remainder,Studies,ie,en,
studietruschi.net,robots_unavailable,remainder,Studi Etruschi,it,it,
studiidegramaticacontrastiva.info,robots_unavailable,remainder,Studii de gramatică contrastivă,ro,,
studio21.ru,robots_unavailable,remainder,Studio 21,ru,ru,
studio54network.it,robots_unavailable,remainder,Radio Studio 54 Network,it,it,
studiomed.tv,robots_unavailable,remainder,StudioMed TV,pl,,
studiononline.com,robots_unavailable,remainder,Studio N,in,,
studium.uw.edu.pl,robots_unavailable,remainder,Przegląd Wschodni,pl,pl,
styluslit.com,robots_unavailable,remainder,StylusLit,au,en,
styluspoetryjournal.com,robots_unavailable,remainder,Stylus Poetry Journal,au,en,
suci-c.in,robots_unavailable,remainder,Proletarian Era,in,,
sudetenpost.com,robots_unavailable,remainder,Q36191931,at,,
sudexpert.ru,robots_unavailable,remainder,Theory and Practice of Forensic Science,ru,ru,
suedosteuropa.uni-graz.at,robots_unavailable,remainder,Contemporary Southeastern Europe,at,en,
suikei.co.jp,robots_unavailable,remainder,Suisan-Keizai Daily News,jp,ja,
sulatesta.net,robots_unavailable,remainder,Q3976449,it,it,
suldalsposten.no,robots_unavailable,remainder,Suldalsposten,no,nn,
sun-tv.co.jp,robots_unavailable,remainder,Sun Television,jp,ja,
sunday-guardian.com,robots_unavailable,remainder,The Sunday Guardian,in,en,
sunnetwork.in,robots_unavailable,remainder,Sun TV,in,,
sunny94.com,robots_unavailable,remainder,CJUV-FM,ca,,
sunshineradio.ie,robots_unavailable,remainder,Sunshine 106.8,ie,,
suomenmaa.fi,robots_unavailable,remainder,Suomenmaa,fi,fi,
supercanal.com.ar,robots_unavailable,remainder,Q5746436,ar,,
supercommunity.e-flux.com,robots_unavailable,remainder,SUPERCOMMUNITY,ca,en,
superfm98-5.com.tw,robots_unavailable,remainder,SuperFM,tw,zh,
superfri.org,robots_unavailable,remainder,Supercomputing Frontiers and Innovations,ru,en,
superinteressante.pt,robots_unavailable,remainder,Q10374872,pt,pt,
supernowosci24.pl,robots_unavailable,remainder,Super Nowości,pl,pl,
superpop.es,robots_unavailable,remainder,La Revista Súper POP,es,es,
superradio1150.com.br,robots_unavailable,remainder,Super Rádio,br,pt,
superstacja.tv,robots_unavailable,remainder,Superstacja,pl,,
supertv.it,robots_unavailable,remainder,Super!,it,it,
supertvoristano.it,robots_unavailable,remainder,Q3977628,it,it,
surabayatv.tv,robots_unavailable,remainder,Network TV Surabaya,id,,
surfinglife.com.au,robots_unavailable,remainder,Australia's Surfing Life,au,,
suryaa.com,robots_unavailable,remainder,Suryaa,in,te,
suzakanews.co.jp,robots_unavailable,remainder,Suzaka Shimbun,jp,ja,
svalbardposten.no,robots_unavailable,remainder,Svalbardposten,no,no,
svenskhistoria.se,robots_unavailable,remainder,Svensk Historia,se,sv,
svenskjakt.se,robots_unavailable,remainder,Svensk Jakt,se,sv,
svensklinje.se,robots_unavailable,remainder,Q10684824,se,sv,
svob.czweb.org,robots_unavailable,remainder,Q124260325,cz,cs,
svz.at,robots_unavailable,remainder,Q2216025,at,de,
swarmmag.com,robots_unavailable,remainder,Q112916598,cz,en,
swarzedzki.pl,robots_unavailable,remainder,Q140041844,pl,pl,
swiatdruku.com.pl,robots_unavailable,remainder,Q9396192,pl,pl,
swiatradio.com.pl,robots_unavailable,remainder,Q9396206,pl,pl,
swiatwiedzy.interia.pl,robots_unavailable,remainder,Q16621733,pl,pl,
swiftcurrentonline.com,robots_unavailable,remainder,CIMG-FM,ca,,
swissmedic.ch,robots_unavailable,remainder,Swissmedic Journal,ch,de,
swps.pl,robots_unavailable,remainder,Kutura Popularna,pl,pl,
sws-rundschau.at,robots_unavailable,remainder,Q28853679,at,de,
sydin.fi,robots_unavailable,remainder,Syd-Österbotten,fi,sv,
sydneyobserver.com,robots_unavailable,remainder,Sydney Observer Magazine,au,en,
sydostran.se,robots_unavailable,remainder,Sydöstran,se,sv,
syjx.csust.edu.cn,robots_unavailable,remainder,Q140067710,cn,zh,
symposion.com,robots_unavailable,remainder,Journal of Medical Internet Research,ca,en,
synthesis.fahce.unlp.edu.ar,robots_unavailable,remainder,Synthesis (La Plata),ar,es,
syrbook.gov.sy,robots_unavailable,remainder,Foloklore Magazine,sy,ar,
syrcose.ispras.ru,robots_unavailable,remainder,Proceedings of the Spring/Summer Young Researchers' Colloquium on Software Engineering,ru,en,
syria.tv,robots_unavailable,remainder,Syria TV,sy,,
syrianfreepress.com,robots_unavailable,remainder,Syrian Free Press,sy,,
szb.hscbw.com,robots_unavailable,remainder,Huasheng Morning Post,cn,zh,
szb.ngdsb.cn,robots_unavailable,remainder,Nanguo Metropolis Daily,cn,zh,
szhf.umk.pl,robots_unavailable,remainder,Studia z Historii Filozofii,pl,pl,
szsb.sznews.com,robots_unavailable,remainder,Shenzhen Economic Daily,cn,,
sztqb.sznews.com,robots_unavailable,remainder,Shenzhen Special Zone Daily,cn,,
t-i.ru,robots_unavailable,remainder,Q56307469,ru,ru,
t-l.ru,robots_unavailable,remainder,Tyumen Regional News Agency,ru,ru,
taasir.com,robots_unavailable,remainder,Taasir,in,ur,
tabasco.gob.mx,robots_unavailable,remainder,Q125952557,mx,es,
tag911.ae,robots_unavailable,remainder,Tag 91.1,ae,,
tagblatt.ch,robots_unavailable,remainder,St. Galler Tagblatt,ch,de,
tahiti.fi,robots_unavailable,remainder,Tahiti,fi,fi,
taigi.pts.org.tw,robots_unavailable,remainder,PTS Taigi,tw,zh,
taipeisoir.net,robots_unavailable,remainder,Q3514052,tw,,
taiwantimes.com.tw,robots_unavailable,remainder,Taiwan Times,tw,zh,
take5mag.com.au,robots_unavailable,remainder,Take 5,au,en,
talentvisiontv.com,robots_unavailable,remainder,Talentvision,ca,,
tamazight-tv.ma,robots_unavailable,remainder,Tamazight TV,ma,,
tamilmurasu.org,robots_unavailable,remainder,Tamil Murasu,in,,
tammerforsaktuellt.fi,robots_unavailable,remainder,Tammerfors Aktuellt,fi,sv,
tap.info.tn,robots_unavailable,remainder,Tunis Afrique Presse,tn,,
taqadom.aspdkw.com,robots_unavailable,remainder,al-Taqaddum al-ʻIlmī,kw,ar,
tarihtv.com.tr,robots_unavailable,remainder,Tarih TV,tr,tr,
tarunbharat.com,robots_unavailable,remainder,Tarun Bharat,in,mr,
tase.url.tw,robots_unavailable,remainder,Taiwan Journal of Sociology of Education,tw,zh,
tasnimnews.ir,robots_unavailable,remainder,Tasnim News Agency,ir,ur,
tatar-inform.tatar,robots_unavailable,remainder,Tatar-inform,ru,ru,
tatarradio.ru,robots_unavailable,remainder,Q4452372,ru,ru,
tatts.com,robots_unavailable,remainder,Radio TAB,au,en,
taytv.org,robots_unavailable,remainder,TAY TV,tr,,
tbnrussia.org,robots_unavailable,remainder,TBN Rossiya,ru,,
tbs.org.tw,robots_unavailable,remainder,Taiwan Broadcasting System,tw,zh,
tce.erudit.org,robots_unavailable,remainder,Tangence,ca,fr,
tchedenilson.webnode.com,robots_unavailable,remainder,Tchê,br,,
tci-italia.it,robots_unavailable,remainder,Televisione Cristiana in Italia,it,it,
tcs.ch,robots_unavailable,remainder,touring,ch,de,
tcsae.org,robots_unavailable,remainder,Transactions of the Chinese Society of Agricultural Engineering,cn,zh,
tdj.news,robots_unavailable,remainder,The Daily Journal,ve,en,
tdtv.com.au,robots_unavailable,remainder,TDT,au,,
te.sfedu.ru,robots_unavailable,remainder,Terra Economicus,ru,ru,
teacher.pl,robots_unavailable,remainder,The Teacher,pl,pl,
teafm.com.my,robots_unavailable,remainder,TEA FM,my,,
tech.snmjournals.org,robots_unavailable,remainder,Journal of Occupational Health,jp,en,
techdgst.ru,robots_unavailable,remainder,Q139255024,ru,ru,
techgarage.blog,robots_unavailable,remainder,Techgarage,ch,en,
technopolis.susu.ru,robots_unavailable,remainder,Q4456912,ru,ru,
tecnoscienza.net,robots_unavailable,remainder,Tecnoscienza : Italian Journal of Science & Technology Studies,it,,
tectv.gob.ar,robots_unavailable,remainder,TEC TV,ar,,
tehelka.com,robots_unavailable,remainder,Tehelka,in,en,
teheran.ir,robots_unavailable,remainder,La Revue de Téhéran,ir,fr,
tekstilec.si,robots_unavailable,remainder,Tekstilec,si,sl,
tele1.ch,robots_unavailable,remainder,Tele 1,ch,,
telearagua.com,robots_unavailable,remainder,TeleAragua,ve,,
telebasel.ch,robots_unavailable,remainder,Telebasel,ch,,
telebilbao.es,robots_unavailable,remainder,TeleBilbao,es,es,
telecanal.gt.tc,robots_unavailable,remainder,Telecanal,cl,,
telecartagena.es,robots_unavailable,remainder,Tele Cartagena,es,es,
telecinco.es,robots_unavailable,remainder,Telecinco,es,es,
telecine.globo.com,robots_unavailable,remainder,Telecine Pipoca,br,,
teleclub.ch,robots_unavailable,remainder,Teleclub,ch,,
telecolor.net,robots_unavailable,remainder,TeleColor,it,,
telediocesi.it,robots_unavailable,remainder,Q3982801,it,it,
teledoce.com,robots_unavailable,remainder,Teledoce,uy,,
telefeinternacional.com.ar,robots_unavailable,remainder,Telefe Internacional,ar,,
telefriuli.it,robots_unavailable,remainder,Telefriuli,it,it,
telegolfo.com,robots_unavailable,remainder,Telegolfo RTG,it,,
telekanal-oplot.tv,robots_unavailable,remainder,Oplot TV,ru,,
telelabrise.com,robots_unavailable,remainder,Q3517269,ht,,
telem1.ch,robots_unavailable,remainder,Tele M1,ch,,
telemoldova.ro,robots_unavailable,remainder,Tele Moldova,ro,ro,
telemontekronio.it,robots_unavailable,remainder,Tele Radio Monte Kronio,it,it,
telenostra.tv,robots_unavailable,remainder,Q3982896,it,,
telepro.com.pl,robots_unavailable,remainder,Tele Pro,pl,pl,
teleradioleo.it,robots_unavailable,remainder,Q116142641,it,it,
telesardegna.it,robots_unavailable,remainder,TeleSardegna,it,it,
telesport.ro,robots_unavailable,remainder,Telesport,ro,ro,
telestar.it,robots_unavailable,remainder,Telestar,it,it,
teletoonplus.pl,robots_unavailable,remainder,Teletoon+,pl,pl,
teletydzien.pl,robots_unavailable,remainder,Tele Tydzień,pl,pl,
televe.com,robots_unavailable,remainder,Televen,ve,,
televenamerica.com,robots_unavailable,remainder,Televen América,ve,,
televisadeportes.com,robots_unavailable,remainder,Univision TDN,mx,,
televisionmurciana.es,robots_unavailable,remainder,Televisión Murciana,es,es,
televista.me,robots_unavailable,remainder,Televista TV,ng,,
televizerelax.cz,robots_unavailable,remainder,Relax,cz,cs,
televomero.it,robots_unavailable,remainder,Q3983018,it,it,
televsesvit.ua,robots_unavailable,remainder,Televsesvit,ua,uk,
telewizjarepublika.pl,robots_unavailable,remainder,Telewizja Republika,pl,pl,
telewizjattm.pl,robots_unavailable,remainder,Q9363372,pl,pl,
teluq.uquebec.ca,robots_unavailable,remainder,Interventions Économiques,ca,fr,
telva.com,robots_unavailable,remainder,Telva,es,es,
temilavoro.it,robots_unavailable,remainder,Temilavoro.it : Sinossi Internet di Diritto del Lavoro e della Sicurezza Sociale,it,it,
tempopresenterivista.eu,robots_unavailable,remainder,Tempo Presente,it,it,
tempotv.com.tr,robots_unavailable,remainder,Tempo TV,tr,tr,
tempusactas.unb.br,robots_unavailable,remainder,Tempus Actas de Saúde Coletiva,br,pt,
tenplay.com.au,robots_unavailable,remainder,ATV,au,,
teof.uni-lj.si,robots_unavailable,remainder,Unity and Dialogue,si,sl,
teologiaburgos.org,robots_unavailable,remainder,Burgense,es,es,
teologiaiczlowiek.umk.pl,robots_unavailable,remainder,Teologia i Człowiek,pl,pl,
teos.fm,robots_unavailable,remainder,Q4387453,ru,,
ter-arkhiv.ru,robots_unavailable,remainder,Terapevticheskii arkhiv,ru,ru,
terazkielce.pl,robots_unavailable,remainder,Q9357187,pl,pl,
terazrock.pl,robots_unavailable,remainder,Teraz Rock,pl,pl,
teraztorun.pl,robots_unavailable,remainder,Q9357196,pl,pl,
terciocreciente.com,robots_unavailable,remainder,Tercio Creciente,es,,
terioshkola.org.ua,robots_unavailable,remainder,Proceedings of the Theriological School,ua,uk,
terra.com.br,robots_unavailable,remainder,Terra,br,pt,
terra.us,robots_unavailable,remainder,Terra,br,,
terraetempo.gal,robots_unavailable,remainder,Terra e Tempo,es,gl,
terrafm94.com.br,robots_unavailable,remainder,Terra FM 94.7,br,pt,
terralatinoamericana.org.mx,robots_unavailable,remainder,"Terra Latinoamericana : organo cientifico de la Sociedad Mexicana de la Ciencia del Suelo, A.C",mx,es,
territorial-identity.ro,robots_unavailable,remainder,Territorial Identity and Development,ro,en,
territorio.mx,robots_unavailable,remainder,Territorio,mx,es,
territoryfm.com,robots_unavailable,remainder,104.1 Territory FM,au,,
terskievedomosti.ru,robots_unavailable,remainder,Terskiye Vedomosti,ru,ru,
tervareitti.fi,robots_unavailable,remainder,Tervareitti,fi,fi,
testoesenso.it,robots_unavailable,remainder,Q112571874,it,it,
text.newlookmedia.ru,robots_unavailable,remainder,Musical Truth,ru,ru,
textjournal.com.au,robots_unavailable,remainder,TEXT,fi,,
teyet-revista.info.unlp.edu.ar,robots_unavailable,remainder,Revista Iberoamericana de Tecnología en Educación y Educación en Tecnología,ar,,
teznews.com,robots_unavailable,remainder,Tez Tv,in,hi,
tgcom24.mediaset.it,robots_unavailable,remainder,Tgcom24,it,it,
tgrt-fm.com.tr,robots_unavailable,remainder,TGRT FM,tr,tr,
tgrtbelgesel.com,robots_unavailable,remainder,TGRT Belgesel,tr,,
tharu.net,robots_unavailable,remainder,Tharu,lk,,
tharunka.arc.unsw.edu.au,robots_unavailable,remainder,UNSW Tharunka,au,en,
the-japan-news.com,robots_unavailable,remainder,The Japan News,jp,en,
theatrescenes.co.nz,robots_unavailable,remainder,Theatre Scenes,nz,en,
thebalitimes.com,robots_unavailable,remainder,The Bali Times,id,,
thebeat97.com,robots_unavailable,remainder,Bourdex FM 97.9,ng,,
theblurb.com.au,robots_unavailable,remainder,The Blurb,au,en,
thecheese.co.nz,robots_unavailable,remainder,The Cheese,nz,,
thechronicleherald.ca,robots_unavailable,remainder,The Chronicle Herald,ca,en,
thecommonsjournal.org,robots_unavailable,remainder,International Journal of the Commons,nl,en,
theeagle.ca,robots_unavailable,remainder,CFXE-FM,ca,,
theeagle1009.com,robots_unavailable,remainder,CKUV-FM,ca,,
thegamesmachine.it,robots_unavailable,remainder,The Games Machine,it,it,
thegap.at,robots_unavailable,remainder,The Gap,at,de,
thegrand101.com,robots_unavailable,remainder,CICW-FM,ca,,
theiaforum.org,robots_unavailable,remainder,The Indian Anaesthetists' Forum,in,en,
theislamicnetwork.org,robots_unavailable,remainder,Darut Tarbiyah The Islamic Network,tt,,
thelambda.ca,robots_unavailable,remainder,Lambda,ca,,
theliberal.co.il,robots_unavailable,remainder,The Liberal,il,he,
thelounge999.com,robots_unavailable,remainder,CHPQ-FM,ca,,
themarker.com,robots_unavailable,remainder,TheMarker,il,he,
themeghalayan.com,robots_unavailable,remainder,The Meghalayan,in,en,
themercury.co.za,robots_unavailable,remainder,The Mercury,za,en,
themoneychannel.ro,robots_unavailable,remainder,The Money Channel,ro,ro,
thenewsleader.net,robots_unavailable,remainder,Similkameen News Leader,ca,,
thenownews.com,robots_unavailable,remainder,Coquitlam Now,ca,en,
thenucleuspak.org.pk,robots_unavailable,remainder,The Nucleus,pk,en,
theontarion.ca,robots_unavailable,remainder,The Ontarion,ca,,
thepab.org,robots_unavailable,remainder,Pure and Applied Biology,pk,en,
thepodnetwork.com,robots_unavailable,remainder,The Pod Network,ph,,
thepost.ca,robots_unavailable,remainder,The Lindsay Post,ca,en,
theraven.fm,robots_unavailable,remainder,CKCC-FM,ca,,
thesamata.in,robots_unavailable,remainder,The Samata,in,or,
thesaurus.caroycuervo.gov.co,robots_unavailable,remainder,Q139569478,co,es,
thescoop.co.kr,robots_unavailable,remainder,Q138830424,kr,ko,
thesocialpost.it,robots_unavailable,remainder,The Social Post,it,it,
thesound.co.nz,robots_unavailable,remainder,The Sound,nz,,
thestatesmanonline.com,robots_unavailable,remainder,The Statesman Newspaper,gh,en,
thesundaily.my,robots_unavailable,remainder,The Sun,my,en,
thesundayleader.lk,robots_unavailable,remainder,The Sunday Leader,lk,en,
thetelegraph.com.au,robots_unavailable,remainder,The Sunday Telegraph,au,en,
thetide.ca,robots_unavailable,remainder,CHTD-FM,ca,,
thevach.com,robots_unavailable,remainder,The Vach,ca,,
thevalencianer.com,robots_unavailable,remainder,The Valencianer,es,,
thewalrus.ca,robots_unavailable,remainder,The Walrus,ca,en,
thewave.ca,robots_unavailable,remainder,CHWV-FM,ca,,
theweathernetwork.com,robots_unavailable,remainder,The Weather Network,ca,,
theweeklynews.in,robots_unavailable,remainder,The Weekly News,in,en,
thewesternstar.com,robots_unavailable,remainder,The Western Star,ca,en,
thewhig.com,robots_unavailable,remainder,Kingston Whig-Standard,ca,en,
thewolfrocks.com,robots_unavailable,remainder,CFWF-FM,ca,,
theyoungresearcher.com,robots_unavailable,remainder,The Young Researcher,ca,en,
theyouth.com.pk,robots_unavailable,remainder,The Youth International,pk,en,
thjcs.site.nthu.edu.tw,robots_unavailable,remainder,Tsing Hua Journal of Chinese Studies,tw,en,
thobelafm.co.za,robots_unavailable,remainder,Thobela FM,za,,
thompsononline.ca,robots_unavailable,remainder,CHTM,ca,,
thoracicmedicine.org,robots_unavailable,remainder,Annals of Thoracic Medicine,in,en,
thrakinet.tv,robots_unavailable,remainder,Thraki Net,gr,,
threatenedtaxa.org,robots_unavailable,remainder,Journal of Threatened Taxa,in,en,
thrive-magazine.ca,robots_unavailable,remainder,Thrive,ca,en,
tianmunews.com,robots_unavailable,remainder,Tianmu News,cn,zh,
tibl-journal.com,robots_unavailable,remainder,Tuberkulez i bolezni legkikh,ru,ru,
ticaretsicil.gov.tr,robots_unavailable,remainder,Turkish Trade Registry Gazette,tr,tr,
tidningenangermanland.se,robots_unavailable,remainder,Q10697738,se,sv,
tidningenbalans.se,robots_unavailable,remainder,Q10425018,se,sv,
tidningenharjedalen.se,robots_unavailable,remainder,Tidningen Härjedalen,se,sv,
tidningenkarriar.se,robots_unavailable,remainder,Q10541522,se,sv,
tidskriftenopera.se,robots_unavailable,remainder,Tidskriften Opera,se,sv,
tidsskrift.dk,robots_unavailable,remainder,Serendipities. Journal for the Sociology and History of the Social Sciences,at,en,
tidsskriftet-nof.no,robots_unavailable,remainder,Nordisk Østforum,no,no,
tiemposmodernos.org,robots_unavailable,remainder,Tiempos Modernos: revista electronica de historia moderna,es,es,
tigraitv.com,robots_unavailable,remainder,Tigrai Broadcasting Service,et,,
tijdschriftbiekorf.be,robots_unavailable,remainder,Biekorf.,be,nl,
tijdschriftmediageschiedenis.nl,robots_unavailable,remainder,TMG Journal for Media History,nl,nl,
tim.it,robots_unavailable,remainder,Q3979572,it,it,
time-weekly.com,robots_unavailable,remainder,The Time Weekly,cn,,
times-age.co.nz,robots_unavailable,remainder,Wairarapa Times-Age,nz,en,
times.clzg.cn,robots_unavailable,remainder,Q107474677,cn,zh,
timg.zgswcn.com,robots_unavailable,remainder,China Business Herald,cn,,
tipsbladet.dk,robots_unavailable,remainder,Tipsbladet,dk,da,
tipsbladet.no,robots_unavailable,remainder,Tips,no,no,
tipse.ru,robots_unavailable,remainder,Theory and Practice of Forensic Science,ru,ru,
tiptv.cz,robots_unavailable,remainder,Q13593778,cz,cs,
tiranganews.in,robots_unavailable,remainder,Tiranga TV,in,,
tirol.gv.at,robots_unavailable,remainder,zB - Beiträge zur Jugendarbeit in Tirol,at,de,
titan.uio.no,robots_unavailable,remainder,Titan,no,no,
titan24.com,robots_unavailable,remainder,Titan Sports,cn,zh,
tivusat.tv,robots_unavailable,remainder,tivùsat,it,,
tjogonline.com,robots_unavailable,remainder,Tropical journal of obstetrics and gynaecology,in,en,
tjpr.org,robots_unavailable,remainder,Tropical Journal of Pharmaceutical Research,ng,en,
tjtv.enorth.com.cn,robots_unavailable,remainder,Tianjin Television And Radio Station,cn,zh,
tkea.com.ua,robots_unavailable,remainder,Tekhnologiya i Konstruirovanie v Elektronnoi Apparature,ua,ru,
tlg.es,robots_unavailable,remainder,Q9085606,es,es,
tln.ca,robots_unavailable,remainder,TLN,ca,,
tlv.se,robots_unavailable,remainder,Tandvårds- och läkemedelsförmånsverkets författningssamling : TLVFS,se,sv,
tm-courier.ru,robots_unavailable,remainder,Q105582923,ru,ru,
tm-rsi-stm.com,robots_unavailable,remainder,Typografische Monatsblätter,ch,de,
tmeo.org,robots_unavailable,remainder,TMEO,es,es,
tmf.be,robots_unavailable,remainder,The Music Factory,be,,
tmfv.com.ua,robots_unavailable,remainder,Physical Education Theory and Methodology,ua,uk,
tmgonline.nl,robots_unavailable,remainder,TMG Journal for Media History,nl,nl,
tmp.gtk.uni-miskolc.hu,robots_unavailable,remainder,"Theory, Methodology, Practice",hu,en,
tnnthailand.com,robots_unavailable,remainder,TNN,th,,
tnp.org.pl,robots_unavailable,remainder,Rocznik Towarzystwa Naukowego w Płocku,pl,pl,
tntsports.com,robots_unavailable,remainder,TNT Sports,ar,,
tnv.ru,robots_unavailable,remainder,Tatarstan — Yaña Ğasır,ru,ru,
toaj.stpi.narl.org.tw,robots_unavailable,remainder,Taiwan Journal of Linguistics,tw,en,
tobaccoinduceddiseases.com,robots_unavailable,remainder,Tobacco Induced Diseases,ca,en,
tocqueville21.com,robots_unavailable,remainder,The Tocqueville Review/La Revue Tocqueville,ca,en,
todaishimbun.org,robots_unavailable,remainder,Shimbun Online,jp,,
today.it,robots_unavailable,remainder,Today,it,it,
todaydailynews.com,robots_unavailable,remainder,Today Daily News,ca,zh,
todayszaman.com,robots_unavailable,remainder,Today's Zaman,tr,,
togayther.es,robots_unavailable,remainder,Togayher,es,es,
tokyo-s.jp,robots_unavailable,remainder,Q11670571,jp,ja,
tokyominpo.com,robots_unavailable,remainder,Q11524941,jp,,
tokyoreporter.com,robots_unavailable,remainder,Tokyo Reporter,jp,,
tonton.com.my,robots_unavailable,remainder,TonTon,my,,
toonippo.co.jp,robots_unavailable,remainder,The Tōō Nippō Press,jp,ja,
topologik.net,robots_unavailable,remainder,"Topologik : Rivista Internazionale di Scienze Filosofiche, Pedagogiche e Sociali",it,,
topos.com.pl,robots_unavailable,remainder,Q9360110,pl,pl,
topshop.com.tr,robots_unavailable,remainder,Top Shop TV,tr,tr,
topshop.hu,robots_unavailable,remainder,Top Shop TV,hu,hu,
topspb.tv,robots_unavailable,remainder,Saint Petersburg,ru,,
torontostandard.com,robots_unavailable,remainder,Toronto Standard,ca,en,
torrossa.com,robots_unavailable,remainder,Anales del Jardín Botánico de Madrid,es,es,
totensblad.no,robots_unavailable,remainder,Q19392875,no,no,
tp.revistas.csic.es,robots_unavailable,remainder,Trabajos de Prehistoria. Nueva Serie,es,es,
tp24.it,robots_unavailable,remainder,Tp24,it,it,
tpn.przemysl.pl,robots_unavailable,remainder,Rocznik Przemyski,pl,pl,
tr.knteu.kiev.ua,robots_unavailable,remainder,International scientific-practical journal «Commodities and markets»,ua,en,
trabajosycomunicaciones.fahce.unlp.edu.ar,robots_unavailable,remainder,Trabajos y Comunicaciones,ar,es,
tracksmag.com,robots_unavailable,remainder,Tracks,au,,
trademarketer.pl,robots_unavailable,remainder,Q9360671,pl,pl,
traffic.fpz.hr,robots_unavailable,remainder,Promet (Zagreb),hr,en,
trafficradio961.ng,robots_unavailable,remainder,Lagos Traffic Radio,ng,en,
trafikmagasinet.nu,robots_unavailable,remainder,Trafikmagasinet,se,sv,
transactions-ksrc.ru,robots_unavailable,remainder,Transactions of the Krylov State Research Center,ru,ru,
transcontinentalfm.com.br,robots_unavailable,remainder,Transcontinental FM,br,pt,
transilvanialive.ro,robots_unavailable,remainder,Look Plus,ro,ro,
transitare.anahuacoaxaca.edu.mx,robots_unavailable,remainder,Transitare,mx,es,
translation-studies.webnode.ro,robots_unavailable,remainder,Translation Studies: Retrospective and Prospective Views,ro,en,
translationaloncology.org,robots_unavailable,remainder,Translational Oncology,nl,en,
transmundial.com.br,robots_unavailable,remainder,Q51881835,br,pt,
transportproblems.polsl.pl,robots_unavailable,remainder,Transport Problems,pl,pl,
trash-up.com,robots_unavailable,remainder,TRASH-UP!! RECORDS,jp,,
travelboxbrazil.tv.br,robots_unavailable,remainder,Travel Box Brazil,br,pt,
treehousetv.com,robots_unavailable,remainder,Treehouse TV,ca,,
trend.at,robots_unavailable,remainder,trend,at,de,
trentonian.ca,robots_unavailable,remainder,Trenton Trentonian,ca,en,
trgidadergisi.org,robots_unavailable,remainder,Gıda,tr,,
tribun-timur.com,robots_unavailable,remainder,Tribun Timur,id,,
tribunadoceara.com.br,robots_unavailable,remainder,TV Jangadeiro,br,pt,
tribunatreviso.gelocal.it,robots_unavailable,remainder,La Tribuna di Treviso,it,it,
tricitynews.com,robots_unavailable,remainder,Tri-City News,ca,en,
tricolor.tv,robots_unavailable,remainder,Tricolor TV,ru,,
triplem.com.au,robots_unavailable,remainder,Triple M Bendigo,au,,
triplem.listnr.com,robots_unavailable,remainder,Triple M 92.9,au,,
triunfodigital.com,robots_unavailable,remainder,Triunfo,es,es,
trkmillet.ru,robots_unavailable,remainder,Millet,ru,ru,
tropicalgrasslands.info,robots_unavailable,remainder,Tropical Grasslands - Forrajes Tropicales,co,en,
trotsallt.se,robots_unavailable,remainder,Q10705207,se,sv,
trove.nla.gov.au,robots_unavailable,remainder,Daily News,au,en,
trs.sagepub.com,robots_unavailable,remainder,Transfer,es,en,
trt-tv.ru,robots_unavailable,remainder,Radio Tatarstan,ru,ru,
trt.com.tr,robots_unavailable,remainder,TRT Avrasya,tr,tr,
trt1.com.tr,robots_unavailable,remainder,TRT 1,tr,tr,
trtcocuk.net.tr,robots_unavailable,remainder,TRT Çocuk,tr,tr,
trtokul.com.tr,robots_unavailable,remainder,TRT Okul,tr,tr,
trubus-online.co.id,robots_unavailable,remainder,Trubus,id,id,
trufm.co.za,robots_unavailable,remainder,Tru fm,za,,
trv-science.ru,robots_unavailable,remainder,Troitskiy Variant,ru,ru,
trybe.tv,robots_unavailable,remainder,Trybe TV,ng,,
tsn.ca,robots_unavailable,remainder,The Sports Network,ca,,
tsports.com.bd,robots_unavailable,remainder,T Sports,bd,,
tth.republika.pl,robots_unavailable,remainder,Q9355712,pl,pl,
tubtoraks.org,robots_unavailable,remainder,Turkish Journal of Tuberculosis & Thorax,tr,,
tukai-rt.ru,robots_unavailable,remainder,Q126727802,ru,ru,
tulva.fi,robots_unavailable,remainder,Tulva,fi,fi,
tumj.tums.ac.ir,robots_unavailable,remainder,Tehran University Medical Journal,ir,fa,
turczaninowia.asu.ru,robots_unavailable,remainder,Turczaninowia,ru,en,
tureforma.org,robots_unavailable,remainder,Q140834887,es,es,
turia.uv.es,robots_unavailable,remainder,Zibaldone: Estudios Italianos,es,es,
turkiyeninsesiradyosu.com,robots_unavailable,remainder,Voice of Turkey,tr,,
turkulainen.fi,robots_unavailable,remainder,Turkulainen,fi,fi,
turkuvazradyolar.com,robots_unavailable,remainder,A Haber Radyo,tr,,
tv-karelia.ru,robots_unavailable,remainder,GTRK Karelia,ru,ru,
tv-osaka.co.jp,robots_unavailable,remainder,TV Osaka,jp,ja,
tv-slupsk.pl,robots_unavailable,remainder,Q11836723,pl,pl,
tv-soyuz.ru,robots_unavailable,remainder,Soyuz,ru,ru,
tv.cine.ar,robots_unavailable,remainder,Cine.AR,ar,,
tv.economico.sapo.pt,robots_unavailable,remainder,Económico TV,pt,pt,
tv.fbc.com.fj,robots_unavailable,remainder,FBC TV,fj,,
tv.nova.cz,robots_unavailable,remainder,TV Nova,cz,cs,
tv.nrk.no,robots_unavailable,remainder,NRK1,no,no,
tv.okezone.com,robots_unavailable,remainder,Okezone Radio,id,,
tv.polwysep.pl,robots_unavailable,remainder,Q9353870,pl,pl,
tv.starachowice.pl,robots_unavailable,remainder,Q9356551,pl,pl,
tv.tbmm.gov.tr,robots_unavailable,remainder,TBMM TV,tr,tr,
tv.telecomitalia.it,robots_unavailable,remainder,Alice Home TV,it,it,
tv.ujed.mx,robots_unavailable,remainder,XHUJED-TDT,mx,,
tv.ula.ve,robots_unavailable,remainder,ULA TV,ve,,
tv.unam.mx,robots_unavailable,remainder,TV UNAM,mx,,
tv1.it,robots_unavailable,remainder,Q3979791,it,it,
tv10.se,robots_unavailable,remainder,TV10,se,sv,
tv100.com,robots_unavailable,remainder,TV100,tr,,
tv2000.it,robots_unavailable,remainder,TV2000,it,it,
tv21.ru,robots_unavailable,remainder,TV-21,ru,ru,
tv25.ch,robots_unavailable,remainder,TV25,ch,,
tv2filmkanalen.no,robots_unavailable,remainder,TV 2 Filmkanalen,no,no,
tv2nyhetskanalen.no,robots_unavailable,remainder,TV 2 Nyheter,no,no,
tv2radio.dk,robots_unavailable,remainder,TV 2 Radio,dk,da,
tv2sportpremium.no,robots_unavailable,remainder,TV 2 Sport Premium,no,no,
tv3.co.nz,robots_unavailable,remainder,Three,nz,,
tv3.ie,robots_unavailable,remainder,Virgin Media One,ie,,
tv3.se,robots_unavailable,remainder,TV3 Sverige,se,sv,
tv4.se,robots_unavailable,remainder,TV4 Guld,se,sv,
tv4fakta.se,robots_unavailable,remainder,TV4 Fakta,se,sv,
tv4news.se,robots_unavailable,remainder,TV4 News,se,sv,
tv5.fi,robots_unavailable,remainder,TV5,fi,fi,
tv8.se,robots_unavailable,remainder,TV8,se,sv,
tv8bucuk.com,robots_unavailable,remainder,"TV8,5",tr,,
tv9gujarati.com,robots_unavailable,remainder,Q2721416,in,gu,
tvalphaville.com.br,robots_unavailable,remainder,TV Alphaville,br,pt,
tvarapuan.com.br,robots_unavailable,remainder,TV Arapuan,br,pt,
tvazteca.com,robots_unavailable,remainder,Funbox,cl,,
tvb.com,robots_unavailable,remainder,TVB,cn,,
tvbaghdad.tv,robots_unavailable,remainder,Baghdad Satellite Channel,iq,,
tvborborema.com.br,robots_unavailable,remainder,TV Borborema,br,pt,
tvbrasil.ebc.com.br,robots_unavailable,remainder,TV Brasil,br,pt,
tvcaiua.com.br,robots_unavailable,remainder,RedeTV! Mais,br,pt,
tvceara.ce.gov.br,robots_unavailable,remainder,Q10377013,br,pt,
tvck.org,robots_unavailable,remainder,Q3546726,ca,,
tvclaret.com,robots_unavailable,remainder,TV Claret,br,,
tvconquista.com.br,robots_unavailable,remainder,TV Conquista,br,pt,
tvcosmos.pe,robots_unavailable,remainder,TV Cosmos,cl,,
tvcs.tv,robots_unavailable,remainder,Televisió de Castelló,es,,
tve.com.br,robots_unavailable,remainder,TV Educativa de Porto Alegre,br,pt,
tveda.ru,robots_unavailable,remainder,Eda,ru,ru,
tveradioencontrodasaguas.com.br,robots_unavailable,remainder,TV Encontro das Águas,br,pt,
tves.sv,robots_unavailable,remainder,Televisión de El Salvador,sv,,
tvescola.mec.gov.br,robots_unavailable,remainder,TV Escola,br,pt,
tvfamilia.com,robots_unavailable,remainder,TV Familia,ve,,
tvfeliz.com.br,robots_unavailable,remainder,Q10371623,br,pt,
tvgoiania.com.br,robots_unavailable,remainder,TV Goiânia,br,pt,
tvh.as,robots_unavailable,remainder,Q12005016,no,,
tvi.iol.pt,robots_unavailable,remainder,TVI África,ao,pt,
tvi.jp,robots_unavailable,remainder,Television Iwate,jp,ja,
tvjustica.jus.br,robots_unavailable,remainder,TV Justiça,br,pt,
tvkana.com,robots_unavailable,remainder,TV Kana,ru,,
tvkujawy.pl,robots_unavailable,remainder,Telewizja Kujawy,pl,pl,
tvl.no,robots_unavailable,remainder,Q120733964,no,no,
tvlubin.pl,robots_unavailable,remainder,Q9356545,pl,pl,
tvm3.tv,robots_unavailable,remainder,TVM3 Switzerland,ch,,
tvmn.pl,robots_unavailable,remainder,Q130474716,pl,pl,
tvmorava.cz,robots_unavailable,remainder,Q21903399,cz,cs,
tvn.pl,robots_unavailable,remainder,TVN,pl,pl,
tvn24bis.pl,robots_unavailable,remainder,TVN24 BiS,pl,pl,
tvn7.pl,robots_unavailable,remainder,TVN 7,pl,pl,
tvncnbc.pl,robots_unavailable,remainder,TVN CNBC,pl,pl,
tvnmeteo.pl,robots_unavailable,remainder,TVN Meteo,pl,pl,
tvnoe.cz,robots_unavailable,remainder,TV Noe,cz,cs,
tvnwarszawa.pl,robots_unavailable,remainder,TVN Warszawa,pl,pl,
tvnz.co.nz,robots_unavailable,remainder,TVNZ 2,nz,,
tvo.com.ve,robots_unavailable,remainder,Televisora de Oriente,ve,,
tvonline.bell.ca,robots_unavailable,remainder,Vu!,ca,,
tvouronegro.com.br,robots_unavailable,remainder,TV Ouro Negro,br,pt,
tvperu.gob.pe,robots_unavailable,remainder,TV Perú,pe,,
tvpetrovec.com,robots_unavailable,remainder,TV Petrovec,rs,,
tvportobahia.com,robots_unavailable,remainder,TV Porto,br,,
tvpreve.com.br,robots_unavailable,remainder,TV Prevê,br,pt,
tvprimavera.com,robots_unavailable,remainder,TV Primavera,br,,
tvq.co.jp,robots_unavailable,remainder,TVQ Kyushu Broadcasting,jp,ja,
tvr.ro,robots_unavailable,remainder,Televiziunea Română,ro,ro,
tvr2.tvr.ro,robots_unavailable,remainder,TVR 2,ro,ro,
tvr3.tvr.ro,robots_unavailable,remainder,TVR 3,ro,ro,
tvrebel.cz,robots_unavailable,remainder,Rebel,cz,cs,
tvremanso.com.br,robots_unavailable,remainder,TV Remanso,br,pt,
tvri-world.tvrinews.com,robots_unavailable,remainder,TVRI World,id,,
tvri.go.id,robots_unavailable,remainder,TVRI,id,id,
tvri.tvr.ro,robots_unavailable,remainder,TVR Internațional,ro,ro,
tvrinfo.ro,robots_unavailable,remainder,TVR Info,ro,ro,
tvroscosmos.ru,robots_unavailable,remainder,TV Roskosmos,ru,ru,
tvs2.gdtv.cn,robots_unavailable,remainder,Guangdong Southern Satellite Television,cn,zh,
tvsantcugat.cat,robots_unavailable,remainder,Televisió Sant Cugat,es,,
tvsarawak.my,robots_unavailable,remainder,TVS (Malaysian TV channel),my,,
tvsd.com.br,robots_unavailable,remainder,TV Serra Dourada,br,pt,
tvsette.net,robots_unavailable,remainder,Q3979795,it,,
tvsiedlce.pl,robots_unavailable,remainder,Q9353871,pl,pl,
tvswinoujscie.pl,robots_unavailable,remainder,Q9356561,pl,pl,
tvu.ufrn.br,robots_unavailable,remainder,TV Universitária,br,pt,
tvuniversal.org,robots_unavailable,remainder,TV Universal,br,,
tvvenezuela.tv,robots_unavailable,remainder,TV Venezuela,ve,,
tvyayinakisi.com,robots_unavailable,remainder,TV8,tr,,
tw.iqiyi.com,robots_unavailable,remainder,iQIYI,cn,,
tw1.at,robots_unavailable,remainder,TW1,at,de,
tweednews.com.au,robots_unavailable,remainder,Tweed Daily News,au,,
twoj-styl.pl,robots_unavailable,remainder,Twój Styl,pl,pl,
twojeradio.fm,robots_unavailable,remainder,Q97373071,pl,,
twojkurier.pl,robots_unavailable,remainder,Twój Kurier Regionalny,pl,pl,
txapairratia.org,robots_unavailable,remainder,Radio Txapa,es,eu,
tygiel.eu,robots_unavailable,remainder,Tygiel,pl,pl,
tygodnikits.pl,robots_unavailable,remainder,Q16559987,pl,pl,
tyna.info.pl,robots_unavailable,remainder,Q9363505,pl,pl,
tyum-pravda.ru,robots_unavailable,remainder,Tyumen truth,ru,ru,
u.brf.be,robots_unavailable,remainder,Q2877460,be,,
u.uchile.cl,robots_unavailable,remainder,Comunicación y Medios,cl,es,
ua.appsyjournal.com,robots_unavailable,remainder,Q73903816,ua,,
ua.censor.net.ua,robots_unavailable,remainder,censor.net,ua,ru,
ua.korrespondent.net,robots_unavailable,remainder,Korrespondent,ua,ru,
ual.es,robots_unavailable,remainder,Revista Internacional de Doctrina y Jurisprudencia,es,es,
ualberta.ca,robots_unavailable,remainder,Journal of Pharmacy and Pharmaceutical Sciences,ca,en,
uamradio.uam.mx,robots_unavailable,remainder,UAM Radio,mx,,
uaslp.mx,robots_unavailable,remainder,XHUSP-FM,mx,,
uazuay.edu.ec,robots_unavailable,remainder,DICERE Journal of Law and International Studies,ec,en,
ub.edu,robots_unavailable,remainder,Revista de Historia Industrial,es,es,
ubiobio.cl,robots_unavailable,remainder,Revista Hábitat Sustentable,cl,es,
uc.pt,robots_unavailable,remainder,Revista Portuguesa de Historia,pt,pt,
uc3m.es,robots_unavailable,remainder,Revista de Historiografia,es,es,
ucbcanada.com,robots_unavailable,remainder,CKJJ-FM,ca,,
ucm.es,robots_unavailable,remainder,Complutum,es,es,
ucp.edu.pk,robots_unavailable,remainder,Paradigms,pk,en,
ucs.br,robots_unavailable,remainder,Rosa dos Ventos,br,pt,
ucuenca.edu.ec,robots_unavailable,remainder,Tsantsa: Revista de Investigaciones Artísticas,ec,es,
ucv.cl,robots_unavailable,remainder,Latin American journal of aquatic research,cl,en,
udec.cl,robots_unavailable,remainder,Gayana Botánica,cl,en,
udgvirtual.udg.mx,robots_unavailable,remainder,Apertura,mx,es,
uebermorgen.at,robots_unavailable,remainder,Q330877,at,de,
ueforum.se,robots_unavailable,remainder,Utställningskritik,se,sv,
uesit.org.ua,robots_unavailable,remainder,Ukrainian Journal of Educational Studies and Information Technology,ua,uk,
uexternado.edu.co,robots_unavailable,remainder,Derecho Penal y Criminología,co,es,
ufm1003.sg,robots_unavailable,remainder,UFM100.3,sg,zh,
uforadio.com.tw,robots_unavailable,remainder,UFO Network,tw,zh,
ufrb.edu.br,robots_unavailable,remainder,Griot: Revista de Filosofia,br,pt,
ufrgs.br,robots_unavailable,remainder,Rádio da Universidade Federal do Rio Grande do Sul,br,pt,
ufro.cl,robots_unavailable,remainder,Revista Perspectivas de la Comunicación,cl,es,
ufrontera.cl,robots_unavailable,remainder,Revista Perspectivas de la Comunicación,cl,es,
ufsm.br,robots_unavailable,remainder,Revista Eletrônica do Curso de Direito da UFSM,br,pt,
uftm.edu.br,robots_unavailable,remainder,Cadernos CIMEAC,br,pt,
ugr.es,robots_unavailable,remainder,ReiDoCrea,es,es,
ugra-tv.ru,robots_unavailable,remainder,Ugra TV,ru,ru,
uhj.history.org.ua,robots_unavailable,remainder,Ukrainian Historical Journal,ua,uk,
uiec.ru,robots_unavailable,remainder,Èkonomika Regiona,ru,ru,
ujk.kielce.pl,robots_unavailable,remainder,iNFOTEZY,pl,pl,
ujms.net,robots_unavailable,remainder,Upsala Journal of Medical Sciences,se,en,
ukhozifm.co.za,robots_unavailable,remainder,Ukhozi FM,za,,
ukm.my,robots_unavailable,remainder,International Journal of Islamic Thought,my,,
ukraina.radio.cz,robots_unavailable,remainder,Radio Prague International,cz,cs,
ukrainepravo.com,robots_unavailable,remainder,Ukraine Pravo,ua,,
ukrbotj.co.ua,robots_unavailable,remainder,Ukrainian Botanical Journal,ua,uk,
ulb.ac.be,robots_unavailable,remainder,Les Cahiers du Cédic,be,,
uldashfm.ru,robots_unavailable,remainder,Yuldash Radio,ru,ru,
ulises.online,robots_unavailable,remainder,Ulises,es,es,
ultimahora.com.mx,robots_unavailable,remainder,Última Hora,mx,,
ultimasnoticias.com.ve,robots_unavailable,remainder,Últimas Noticias,ve,,
ulumuna.or.id,robots_unavailable,remainder,Ulumuna,id,ar,
um.es,robots_unavailable,remainder,Panta rei,es,es,
umagazine.com.hk,robots_unavailable,remainder,U Magazine,hk,,
umbalk.org,robots_unavailable,remainder,Archives of the Balkan Medical Union,ro,en,
umk.pl,robots_unavailable,remainder,Litteraria Copernicana,pl,pl,
umuahia.familylovefm.com,robots_unavailable,remainder,"99.9 – Love FM, Aguiyi Ironsi layout, Umuahia",ng,,
una.ac.cr,robots_unavailable,remainder,Revista Bibliotecas,cr,es,
unav.es,robots_unavailable,remainder,Nuestro Tiempo,es,es,
underdusken.no,robots_unavailable,remainder,Under Dusken,no,nb,
undergrounditalia.com,robots_unavailable,remainder,Underground Italia,it,it,
uned.es,robots_unavailable,remainder,Pedagogía Social: Revista Interuniversitaria,es,es,
uni.uhk.cz,robots_unavailable,remainder,"Modern Africa : politics, history and society",cz,en,
uniabeu.edu.br,robots_unavailable,remainder,Revista e-scrita : Revista do Curso de Letras da UNIABEU,br,pt,
uniandes.edu.ec,robots_unavailable,remainder,Mikarimin,ec,es,
uniaovitoria.jovempanfm.uol.com.br,robots_unavailable,remainder,Jovem Pan FM União da Vitória,br,pt,
uniavisen.dk,robots_unavailable,remainder,Uniavisen,dk,en,
unicamp.br,robots_unavailable,remainder,Q136724773,br,pt,
unifi.it,robots_unavailable,remainder,Webbia,it,it,
unifor.br,robots_unavailable,remainder,Revista Ciências Administrativas,br,pt,
unilibrecali.edu.co,robots_unavailable,remainder,Entramado,co,es,
uninter.com,robots_unavailable,remainder,Revista Uninter de Comunicação,br,pt,
unipedtidsskrift.net,robots_unavailable,remainder,Uniped-Tidsskrift for universitets- og høgskolepedagogikk,no,,
unipub.uni-graz.at,robots_unavailable,remainder,Österreichisches Religionspädagogisches Forum,at,de,
unisa.ac.za,robots_unavailable,remainder,Africanus,za,en,
units.it,robots_unavailable,remainder,Etica e Politica/Ethics and Politics,it,it,
univ-sba.dz,robots_unavailable,remainder,Dialogue Méditerranéen,dz,,
univates.br,robots_unavailable,remainder,Revista Estudo & Debate,br,pt,
universal881.com,robots_unavailable,remainder,XHRED-FM,mx,,
universidadefm.ufma.br,robots_unavailable,remainder,Q10366187,br,pt,
unknown-dostoevsky.ru,robots_unavailable,remainder,Neizvestnyj Dostoevskij,ru,ru,
unradio.unal.edu.co,robots_unavailable,remainder,UN Radio,co,,
untvweb.com,robots_unavailable,remainder,DWAO-TV,ph,,
uo.edu.cu,robots_unavailable,remainder,Anuario de la Facultad de Ciencias Económicas y Empresariales,cu,es,
uoguelph.ca,robots_unavailable,remainder,Canadian Journal of Botany,ca,en,
uotechnology.edu.iq,robots_unavailable,remainder,Engineering and Technology Journal,iq,ar,
up.edu.pe,robots_unavailable,remainder,Apuntes: Revista de Ciencias Sociales,pe,es,
up.krakow.pl,robots_unavailable,remainder,Yearbook of the History of the Polish Press,pl,pl,
up931.com,robots_unavailable,remainder,CIHI-FM,ca,,
up993.com,robots_unavailable,remainder,CIUP-FM,ca,,
upch.edu.pe,robots_unavailable,remainder,Revista Médica Herediana,pe,es,
upcommons.upc.edu,robots_unavailable,remainder,Journal of Industrial Engineering and Management,es,en,
upg-bulletin-se.ro,robots_unavailable,remainder,Economic Insights: Trends and Challenges,ro,en,
upradio.be,robots_unavailable,remainder,Q16682098,be,,
uptc.edu.co,robots_unavailable,remainder,Perspectiva Geográfica,co,es,
upv.edu.ph,robots_unavailable,remainder,DYUP-AM,ph,,
upv.es,robots_unavailable,remainder,Universidad Politécnica Televisión,es,es,
uradio.ifengus.com,robots_unavailable,remainder,XEWW-AM,mx,,
uran.pl,robots_unavailable,remainder,Q11765954,pl,pl,
urania.edu.pl,robots_unavailable,remainder,Urania,pl,pl,
urbancreativity.org,robots_unavailable,remainder,Street Art & Urban Creativity,pt,en,
urbantv.co.ug,robots_unavailable,remainder,Urban TV,ug,,
urheilukanava.fi,robots_unavailable,remainder,Urheilukanava,fi,fi,
urologiacolombiana.com,robots_unavailable,remainder,Colombian Urology Journal,co,es,
us.azteca.com,robots_unavailable,remainder,Azteca América,mx,,
usareally.com,robots_unavailable,remainder,USA Really,ru,,
userena.cl,robots_unavailable,remainder,"Logos: Revista de Lingüística, Literatura y Filosofía",cl,es,
usherbrooke.ca,robots_unavailable,remainder,Revue québécoise de droit international,ca,fr,
usm.my,robots_unavailable,remainder,International Journal of Asia: Pacific Studies,my,en,
usp.br,robots_unavailable,remainder,Significação,br,pt,
uss.cl,robots_unavailable,remainder,TS Cuadernos de Trabajo Social,cl,es,
ustv.com.tw,robots_unavailable,remainder,Unique Broadcasting Inc,tw,zh,
uta.cl,robots_unavailable,remainder,Chungara,cl,en,
utalca.cl,robots_unavailable,remainder,Revista Interamericana de Ambiente y Turismo,cl,es,
ute.edu.ec,robots_unavailable,remainder,Enfoqute,ec,es,
utm.edu.ec,robots_unavailable,remainder,ECA Sinergia,ec,es,
utpjournalsreview.com,robots_unavailable,remainder,Canadian Journal of History,ca,en,
utrechtlawreview.org,robots_unavailable,remainder,Utrecht Law Review,nl,en,
utstallningskritik.se,robots_unavailable,remainder,Utställningskritik,se,sv,
utsvertigo.com,robots_unavailable,remainder,Vertigo,au,en,
utvaction.in,robots_unavailable,remainder,UTV Action,in,,
utvghana.com,robots_unavailable,remainder,UTV Ghana,gh,,
utvmovies.com,robots_unavailable,remainder,UTV Movies,in,,
utvworldmovies.com,robots_unavailable,remainder,UTV World Movies,in,,
uusielama.net,robots_unavailable,remainder,Uusi Elämä,fi,fi,
uusijuttu.fi,robots_unavailable,remainder,Q130349424,fi,fi,
uygurarastirmalari.com,robots_unavailable,remainder,Uluslararası Uygur Araştırmaları Dergisi,tr,tr,
uykusuzdukkan.com.tr,robots_unavailable,remainder,Uykusuz,tr,tr,
v-chelny.ru,robots_unavailable,remainder,Q4110175,ru,ru,
v6news.tv,robots_unavailable,remainder,V6 News,in,,
va.se,robots_unavailable,remainder,Veckans Affärer,se,sv,
vaasanylioppilaslehti.fi,robots_unavailable,remainder,Vaasan ylioppilaslehti,fi,fi,
vagabond.se,robots_unavailable,remainder,Vagabond,se,sv,
vakmajom.hu,robots_unavailable,remainder,Q124731274,hu,hu,
valedoxingu.com.br,robots_unavailable,remainder,TV Vale do Xingu,br,pt,
valleyheritageradio.ca,robots_unavailable,remainder,CJHR-FM,ca,,
valleyvoice.com.au,robots_unavailable,remainder,The valley and East Coast voice,au,en,
valor.com.br,robots_unavailable,remainder,Valor Econômico,br,pt,
vancouver.citynews.ca,robots_unavailable,remainder,CKWX,ca,,
vangemagazine.com,robots_unavailable,remainder,Vange Magazine,ca,en,
varnamfm.com,robots_unavailable,remainder,Varnam FM,lk,,
vartoslo.no,robots_unavailable,remainder,Q28719548,no,no,
varttiek.fi,robots_unavailable,remainder,Q18662739,fi,fi,
vastgotabladet.se,robots_unavailable,remainder,Q10718126,se,sv,
vastranyland.fi,robots_unavailable,remainder,Västra Nyland,fi,sv,
vavilov.elpub.ru,robots_unavailable,remainder,Vavilovskij  Žurnal Genetiki i Selekcii,ru,ru,
vavradyo.com.tr,robots_unavailable,remainder,VAV Radyo,tr,tr,
vb.by,robots_unavailable,remainder,Vecherniy Brest,by,ru,
vdi.igh.ru,robots_unavailable,remainder,Journal of Ancient History,ru,ru,
vdiras.ru,robots_unavailable,remainder,Journal of Ancient History,ru,ru,
vectron.mathem.pub.ro,robots_unavailable,remainder,Differential Geometry-Dynamical Systems,ro,en,
venus.maringa.pr.gov.br,robots_unavailable,remainder,Q124935712,br,pt,
veorus.ru,robots_unavailable,remainder,Scientific works of the Free Economic Society of Russia,ru,ru,
veplustv.com,robots_unavailable,remainder,Ve Plus TV,ve,,
verdalingen.no,robots_unavailable,remainder,Verdalingen,no,no,
verdiclassics.tv,robots_unavailable,remainder,Verdi Classics,es,ca,
verkkouutiset.fi,robots_unavailable,remainder,Verkkouutiset,fi,fi,
veronastoria.it,robots_unavailable,remainder,Studi Veronesi,it,it,
vers.iraqjournals.com,robots_unavailable,remainder,Iraqi Journal of Veterinary Sciences,iq,,
versa.iol.pt,robots_unavailable,remainder,Versa,pt,pt,
versita.com,robots_unavailable,remainder,Discourse and Communication for Sustainable Education,lv,en,
verslib.re,robots_unavailable,remainder,Vers Libre,no,,
veselka.by,robots_unavailable,remainder,Wiasiołka,by,be,
veseloeradio.ru,robots_unavailable,remainder,Umor FM,by,ru,
vesmir.cz,robots_unavailable,remainder,Vesmír,cz,cs,
vestavind-sveio.no,robots_unavailable,remainder,Vestavind,no,nn,
vesteraalensavis.no,robots_unavailable,remainder,Vesteraalens Avis,no,no,
vesthimmerlandsavis.dk,robots_unavailable,remainder,Q16324988,dk,da,
vestnik-donnasa.ru,robots_unavailable,remainder,Proceeding of the Donbas National Academy of Civil Engineering and Architecture,ru,ru,
vestnik-grekova.ru,robots_unavailable,remainder,Vestnik khirurgii imeni I. I. Grekova,ru,ru,
vestnik-ugrovedenia.ru,robots_unavailable,remainder,Bulletin of Ugric Studies,ru,en,
vestnik.donnasa.ru,robots_unavailable,remainder,Proceeding of the Donbas National Academy of Civil Engineering and Architecture,ru,ru,
vestnik.guu.ru,robots_unavailable,remainder,Saint Petersburg University Bulletin,ru,ru,
vestnik.mgimo.ru,robots_unavailable,remainder,Vestnik MGIMO-Universiteta,ru,en,
vestnik.mininuniver.ru,robots_unavailable,remainder,Vestnik of Minin University,ru,ru,
vestnik.nvsu.ru,robots_unavailable,remainder,Vestnik Nizhnevartovskogo Gosudarstvennogo Universiteta,ru,ru,
vestnik.omua.ru,robots_unavailable,remainder,Vestnik Omskoj Ûridičeskoj Akademii,ru,ru,
vestnik.rudn.ru,robots_unavailable,remainder,Vestnik Rossijskogo Universiteta Družby Narodov: Seriâ Sociologiâ,ru,ru,
vestnik.sibpsa.ru,robots_unavailable,remainder,Journal Siberian Fire and Rescue Bulletin,ru,en,
vestnik.spbu.ru,robots_unavailable,remainder,Saint Petersburg University Bulletin,ru,ru,
vestnik.susu.ac.ru,robots_unavailable,remainder,Vestnik Ûžno-Uralʹskogo Gosudarstvennogo Universiteta: Seriâ Ènergetika,ru,ru,
vestnikdnu.dp.ua,robots_unavailable,remainder,Studies in history and philosophy of science and technology,ua,uk,
vestnikieran.instituteofeurope.ru,robots_unavailable,remainder,Scientific and Analytical Herald of the Institute of Europe RAS,ru,ru,
veterinaryworld.org,robots_unavailable,remainder,Veterinary world,in,en,
vetogate.com,robots_unavailable,remainder,Veto,eg,ar,
vgoroden.ru,robots_unavailable,remainder,V gorode N,ru,ru,
vh1.dk,robots_unavailable,remainder,VH1 Denmark,dk,da,
vh1brasil.com.br,robots_unavailable,remainder,VH1 Brasil,br,pt,
viacom18.com,robots_unavailable,remainder,Viacom18,in,,
viajartv.tv,robots_unavailable,remainder,Viajar,ar,,
viaplaygroup.com,robots_unavailable,remainder,Viaplay Group,se,,
viasat.su,robots_unavailable,remainder,Q4050625,ru,,
viasathistory.se,robots_unavailable,remainder,Viasat History,se,sv,
vibe.stingray.com,robots_unavailable,remainder,Stingray Vibe,ca,,
vibe105to.com,robots_unavailable,remainder,CHRY-FM,ca,,
vibect1051.com,robots_unavailable,remainder,The Vibe CT 105.1 FM,tt,,
vibilagare.se,robots_unavailable,remainder,Vi Bilägare,se,sv,
video.milanofinanza.it,robots_unavailable,remainder,Class Life Channel,it,it,
viella.it,robots_unavailable,remainder,Africa: Rivista trimestrale di studi e documentazione,it,it,
vier.be,robots_unavailable,remainder,Play,be,,
vies-consacrees.be,robots_unavailable,remainder,Q3557865,be,fr,
vietras.ru,robots_unavailable,remainder,Viprosy istorii estestviznaniya i tehniki,ru,ru,
viewjournal.eu,robots_unavailable,remainder,VIEW Journal of European Television History and Culture,nl,en,
viewmag.com,robots_unavailable,remainder,View Magazine,ca,en,
vikna.if.ua,robots_unavailable,remainder,Vikna,ua,uk,
vilarealfm.com.br,robots_unavailable,remainder,Q48871565,br,pt,
vimsmit.com,robots_unavailable,remainder,International Journal of Enteric Pathogens,ir,ru,
vintagefm.com.au,robots_unavailable,remainder,Vintage FM,au,,
vinte.praza.gal,robots_unavailable,remainder,Vinte (magazine),es,gl,
vintv.net,robots_unavailable,remainder,Vîn TV,iq,,
violetaradio.org,robots_unavailable,remainder,XHCDMX-FM,mx,,
vipatv.svt.se,robots_unavailable,remainder,Vipåtv,se,sv,
vir.nw.ru,robots_unavailable,remainder,"Trudy po Prikladnoi Botanike, Genetike i Selektsii",ru,ru,
virginmediatelevision.ie,robots_unavailable,remainder,Virgin Media Four,ie,,
virginradio.it,robots_unavailable,remainder,Q135224751,it,it,
virginradiojakarta.com,robots_unavailable,remainder,Virgin Radio Jakarta,id,id,
virginradiolb.com,robots_unavailable,remainder,Virgin Radio Lebanon,lb,,
virtual-economics.eu,robots_unavailable,remainder,Virtual Economics,pl,en,
visaemdebate.incqs.fiocruz.br,robots_unavailable,remainder,"Vigilância Sanitária em Debate: Sociedade, Ciência & Tecnologia",br,pt,
visao.sapo.pt,robots_unavailable,remainder,Jornal de Letras,pt,pt,
visionaustralia.org.au,robots_unavailable,remainder,3BPH,au,,
visiontv.ca,robots_unavailable,remainder,VisionTV,ca,,
visjonnorge.com,robots_unavailable,remainder,TV Visjon Norge,no,,
visnik.knteu.kiev.ua,robots_unavailable,remainder,Herald of KNUTE,ua,en,
visnyk-irpin.com.ua,robots_unavailable,remainder,Q12074983,ua,uk,
visnyk-mmi.kpi.ua,robots_unavailable,remainder,Vìsnik Nacìonalʹnogo Tehnìčnogo Unìversitetu Ukraïni Kiïvsʹkij Polìtehničnij Institut. Serìâ Mašinobuduvannâ,ua,uk,
vista.art.br,robots_unavailable,remainder,Vista Skateboard Art,br,pt,
visualcommunication.pl,robots_unavailable,remainder,Q9368936,pl,pl,
vitral.org,robots_unavailable,remainder,Vitral,cu,es,
viva.tv,robots_unavailable,remainder,VIVA Austria,at,,
viva1019.com,robots_unavailable,remainder,CFDA-FM,ca,,
viva1029.com,robots_unavailable,remainder,CJOI-FM,ca,,
viva1053.com,robots_unavailable,remainder,CHRM-FM,ca,,
viva1055.com,robots_unavailable,remainder,CKLD-FM,ca,,
viva965.com,robots_unavailable,remainder,CHOA-FM,ca,,
vivacite.be,robots_unavailable,remainder,Q3561395,be,fr,
vivadrummondville.com,robots_unavailable,remainder,CHRD-FM,ca,,
vivafm.it,robots_unavailable,remainder,Q17266100,it,it,
vivatv.ch,robots_unavailable,remainder,Viva Schweiz,ch,,
vivatv.hu,robots_unavailable,remainder,VIVA Hungary,hu,hu,
vividhbharti.org,robots_unavailable,remainder,Vividh Bharati,in,hi,
vk-gazeta.ru,robots_unavailable,remainder,Vazhsky Region,ru,ru,
vl.com.tw,robots_unavailable,remainder,Videoland Television Network,tw,zh,
vl.no,robots_unavailable,remainder,Vårt Land,no,no,
vm.ru,robots_unavailable,remainder,Vechernyaya Moskva,ru,ru,
vmastv.co,robots_unavailable,remainder,Ve Plus TV,co,,
vmeste-rf.tv,robots_unavailable,remainder,Vmeste-RF,ru,,
vniimp.ru,robots_unavailable,remainder,Teoriâ i Praktika Pererabotki Mâsa,ru,ru,
vodnihospodarstvi.cz,robots_unavailable,remainder,Q138672971,cz,cs,
vogue.es,robots_unavailable,remainder,Vogue Spain,es,es,
vogue.it,robots_unavailable,remainder,L’Uomo Vogue,it,en,
vogue.mx,robots_unavailable,remainder,Vogue Mexico & Latin America,mx,es,
voicesradio.ca,robots_unavailable,remainder,Aboriginal Voices,ca,,
voilaquebec.com,robots_unavailable,remainder,Voilà Québec,ca,en,
voix.lu,robots_unavailable,remainder,La Voix du Luxembourg,lu,fr,
vokrugsveta.ru,robots_unavailable,remainder,Q4369554,ru,ru,
vorterix.com,robots_unavailable,remainder,Vorterix,ar,,
vostokoriens.jes.su,robots_unavailable,remainder,Oriens,ru,ru,
voxfm.org.au,robots_unavailable,remainder,VOX FM,au,,
vozbcn.com,robots_unavailable,remainder,La Voz de Barcelona,es,es,
vozdabahia.com.br,robots_unavailable,remainder,Voz da Bahia,br,pt,
vozdemichoacan.com.mx,robots_unavailable,remainder,La Voz de Michoacán,mx,es,
vppress.ru,robots_unavailable,remainder,Vecherny Petersburg,ru,ru,
vpravda.ru,robots_unavailable,remainder,Volgogradskaya Pravda,ru,ru,
vr-elibrary.de,robots_unavailable,remainder,zeitgeschichte,at,de,
vremennik.biz,robots_unavailable,remainder,Vizantiysky Vremennik,ru,ru,
vremya.ru,robots_unavailable,remainder,Vremya Novostei,ru,ru,
vremyan.ru,robots_unavailable,remainder,Q61754623,ru,ru,
vrhrc.tums.ac.ir,robots_unavailable,remainder,Journal of family & reproductive health,ir,en,
vs-prigo.cz,robots_unavailable,remainder,Danube,pl,en,
vs.hu,robots_unavailable,remainder,VS.hu,hu,hu,
vsp.spr-journal.ru,robots_unavailable,remainder,Voprosy Sovremennoj Pediatrii,ru,ru,
vtelevision.es,robots_unavailable,remainder,V Televisión,es,es,
vtg.mod.gov.rs,robots_unavailable,remainder,Military Technical Courier,rs,en,
vtimes.io,robots_unavailable,remainder,VTimes,ru,ru,
vtm.be,robots_unavailable,remainder,VTM 2,be,,
vtmkzoom.be,robots_unavailable,remainder,VTM Kids,be,,
vwt.at,robots_unavailable,remainder,WT Fachjournal für Wirtschaftsprüfer und Steuerberater,at,de,
vz.ru,robots_unavailable,remainder,Vzglyad,ru,ru,
vz.ua,robots_unavailable,remainder,Vzglyad,ua,ru,
w.commentariaclassica.altervista.org,robots_unavailable,remainder,Commentaria Classica,it,,
w24.at,robots_unavailable,remainder,W24,at,de,
w3.sdu.edu.tr,robots_unavailable,remainder,SDU Journal of Science,tr,en,
waifmbidayuh.rtm.gov.my,robots_unavailable,remainder,Wai FM,my,,
waifmiban.rtm.gov.my,robots_unavailable,remainder,Wai FM,my,,
wanaturalists.org.au,robots_unavailable,remainder,The Western Australian Naturalist,au,en,
wanganuichronicle.co.nz,robots_unavailable,remainder,Whanganui Chronicle,nz,en,
waojournal.org,robots_unavailable,remainder,The World Allergy Organization Journal,nl,en,
waptvchannel.com,robots_unavailable,remainder,Wap TV,ng,,
warnerbrosdiscovery.no,robots_unavailable,remainder,TVNorge,no,no,
wasedasports.com,robots_unavailable,remainder,Waseda Sports,jp,ja,
waspada.co.id,robots_unavailable,remainder,Waspada,id,id,
waszeradiofm.pl,robots_unavailable,remainder,Q140301141,pl,pl,
watchrewind.com,robots_unavailable,remainder,Rewind,ca,,
waterdevelop.com,robots_unavailable,remainder,Water Resources and Development,ir,en,
wawa.com.pl,robots_unavailable,remainder,Radio Wawa,pl,pl,
wazobiafm.com,robots_unavailable,remainder,Wazobia FM 94.1,ng,,
wbditalia.com,robots_unavailable,remainder,Frisbee,it,,
wbhr.cz,robots_unavailable,remainder,West Bohemian Historical Review,cz,en,
wbs.co.jp,robots_unavailable,remainder,Wakayama Broadcasting System,jp,ja,
wbw.ch,robots_unavailable,remainder,"Werk, Bauen + Wohnen",ch,de,
wciom.ru,robots_unavailable,remainder,Monitoring Obŝestvennogo Mneniâ: Ekonomičeskie i Socialʹnye Peremeny,ru,ru,
web.ftrai.org,robots_unavailable,remainder,Human-Centric Computing and Information Sciences,kr,en,
web.larioja.org,robots_unavailable,remainder,Q113687101,es,es,
web.thieme.com,robots_unavailable,remainder,Journal of Neurosciences in Rural Practice,in,en,
web.usm.my,robots_unavailable,remainder,Kajian Malaysia: journal of Malaysian studies,my,en,
webcitation.org,robots_unavailable,remainder,Flamingo Televisión,ve,,
webology.itgo.com,robots_unavailable,remainder,Webology,ir,en,
webroser.com,robots_unavailable,remainder,Webroser,tr,,
website.uob.edu.pk,robots_unavailable,remainder,Al-Burz,pk,en,
webview.isho.jp,robots_unavailable,remainder,Seitai No Kagaku,jp,ja,
wedotv.com,robots_unavailable,remainder,wedo big stories,ch,,
weekly.chinacdc.cn,robots_unavailable,remainder,China CDC Weekly,cn,en,
weeklyblitz.net,robots_unavailable,remainder,Weekly Blitz,bd,en,
wellnews.ru,robots_unavailable,remainder,WellNews,ru,ru,
weltanschauungsfragen.at,robots_unavailable,remainder,Weltanschauungen - Texte zur religiösen Vielfalt,at,de,
werbewoche.ch,robots_unavailable,remainder,Werbewoche,ch,de,
wespennest.at,robots_unavailable,remainder,Wespennest,at,de,
westcentralonline.com,robots_unavailable,remainder,CFYM,ca,,
westmountexaminer.com,robots_unavailable,remainder,Westmount Examiner,ca,,
westportnews.co.nz,robots_unavailable,remainder,Westport News,nz,en,
whakatanebeacon.co.nz,robots_unavailable,remainder,Whakatane Beacon,nz,,
whb.cn,robots_unavailable,remainder,Wen Hui Bao,cn,zh,
wheelsmag.com.au,robots_unavailable,remainder,Wheels,au,,
whistleradio.com,robots_unavailable,remainder,CIWS-FM,ca,,
whitecourtstar.com,robots_unavailable,remainder,Whitecourt Star,ca,en,
wiadomosciturystyczne.pl,robots_unavailable,remainder,Q9372408,pl,pl,
wien.arbeiterkammer.at,robots_unavailable,remainder,Wirtschaftspolitik - Standpunkte,at,de,
wikikatat.mx,robots_unavailable,remainder,XHSIAE-FM,mx,,
wild953.com,robots_unavailable,remainder,CKWD-FM,ca,,
wildfmgensan.hpage.asia,robots_unavailable,remainder,DXRT,ph,,
wiler-nachrichten.ch,robots_unavailable,remainder,Wiler Nachrichten,ch,,
willax.tv,robots_unavailable,remainder,Willax Televisión,pe,,
willy.radio,robots_unavailable,remainder,Willy,be,,
wimjournal.com,robots_unavailable,remainder,Walawalkar International Medical Journal,in,en,
winetitles.com.au,robots_unavailable,remainder,Australian and New Zealand Wine Industry Journal,au,en,
winradio.com.ph,robots_unavailable,remainder,DWKY,ph,,
wionews.com,robots_unavailable,remainder,WION,in,,
wired.it,robots_unavailable,remainder,Wired Italia,it,it,
wjnm.org,robots_unavailable,remainder,World Journal of Nuclear Medicine,in,en,
wjtcm.net,robots_unavailable,remainder,World Journal of Traditional Chinese Medicine,in,en,
wladzasadzenia.pl,robots_unavailable,remainder,Władza Sądzenia,pl,pl,
wlrfm.com,robots_unavailable,remainder,WLR FM,ie,en,
wmn.ph,robots_unavailable,remainder,Q,ph,,
wna-news.com,robots_unavailable,remainder,Iraqi National News Agency,iq,,
wnet.fm,robots_unavailable,remainder,Radio Wnet,pl,,
wnus.edu.pl,robots_unavailable,remainder,Przeszlosc demograficzna Polski,pl,en,
woman.elperiodico.com,robots_unavailable,remainder,Woman Madame Figaro,es,es,
woodstocksentinelreview.com,robots_unavailable,remainder,Woodstock Sentinel-Review,ca,,
woohoo.com.br,robots_unavailable,remainder,Woohoo,br,pt,
worldcat.org,robots_unavailable,remainder,"Onira, Botanical Leaflets",cl,en,
worldfamilyrm.org,robots_unavailable,remainder,Radio Maria,it,,
worldradio.ch,robots_unavailable,remainder,World Radio Switzerland,ch,,
worldscientific.com,robots_unavailable,remainder,Research and Practice in Technology Enhanced Learning,sg,en,
wowlehti.fi,robots_unavailable,remainder,WoW,fi,fi,
wowow.co.jp,robots_unavailable,remainder,WOWOW,jp,ja,
wpolsce.pl,robots_unavailable,remainder,WPolsce.pl,pl,pl,
wradio690.com,robots_unavailable,remainder,XEWW-AM,mx,,
wrs.upv.es,robots_unavailable,remainder,World Rabbit Science,es,en,
wrzesnia.pl,robots_unavailable,remainder,Wieści z Ratusza,pl,pl,
wsieci.pl,robots_unavailable,remainder,Sieci,pl,pl,
wspolczesnagospodarka.pl,robots_unavailable,remainder,Q11838020,pl,pl,
wszechswiat.agh.edu.pl,robots_unavailable,remainder,Wszechświat,pl,pl,
wtk.pl,robots_unavailable,remainder,Telewizja WTK,pl,pl,
wtn.pl,robots_unavailable,remainder,Zapiski Kujawsko-Dobrzyńskie,pl,pl,
wtvperth.com.au,robots_unavailable,remainder,West TV,au,,
wuj.pl,robots_unavailable,remainder,Studies in Polish Linguistics,pl,en,
wuwr.pl,robots_unavailable,remainder,Prace Kulturoznawcze,pl,pl,
ww.ucol.mx,robots_unavailable,remainder,Avances en investigacion agropecuaria,mx,es,
www0.sun.ac.za,robots_unavailable,remainder,Die Matie,za,,
www1.tau.ac.il,robots_unavailable,remainder,Estudios Interdisciplinarios de America Latina y el Caribe,il,es,
www1.up.edu.pe,robots_unavailable,remainder,Journal of Business,pe,es,
www12.senado.leg.br,robots_unavailable,remainder,Agência Senado,br,pt,
www2.city.kyoto.lg.jp,robots_unavailable,remainder,Kyoto City Statistical Yearbook,jp,ja,
www2.ifrn.edu.br,robots_unavailable,remainder,Holos,br,pt,
www2.lingue.unibo.it,robots_unavailable,remainder,Studi celtici,it,it,
www2.med.muni.cz,robots_unavailable,remainder,Scripta Medica,cz,en,
www2.pucpr.br,robots_unavailable,remainder,Revista de Filosofia (Curitiba),br,pt,
www2.radioecca.org,robots_unavailable,remainder,Radio ECCA,es,es,
www2.uel.br,robots_unavailable,remainder,Revista do Direito Público,br,pt,
www2.um.edu.uy,robots_unavailable,remainder,Memoria Investigaciones en Ingeniería,uy,es,
www2.wpro.who.int,robots_unavailable,remainder,Western Pacific Surveillance and Response Journal,ph,en,
www3.est.edu.br,robots_unavailable,remainder,Estudos Teológicos,br,en,
www3.interscience.wiley.com,robots_unavailable,remainder,Canadian Journal of Administrative Sciences,ca,en,
www3.izabelahendrix.edu.br,robots_unavailable,remainder,Revista Tecer,br,pt,
www3.oup.co.uk,robots_unavailable,remainder,Australasian Journal of Philosophy,au,en,
www4.ujaen.es,robots_unavailable,remainder,Boletín de Literatura Oral,es,es,
www4.unifsa.com.br,robots_unavailable,remainder,Revista FSA,br,pt,
www5.bahiana.edu.br,robots_unavailable,remainder,Brazilian Journal of Medicine and Human Health,br,en,
www5.pmfi.pr.gov.br,robots_unavailable,remainder,Q124934860,br,pt,
www6.nhk.or.jp,robots_unavailable,remainder,NHK BS Premium,jp,ja,
wxdg.cbpt.cnki.net,robots_unavailable,remainder,Q136306387,cn,,
wychowawca.pl,robots_unavailable,remainder,Wychowawca,pl,pl,
wydawnictwa.pzh.gov.pl,robots_unavailable,remainder,Roczniki Państwowego Zakładu Higieny,pl,pl,
wydawnictwo.chat.edu.pl,robots_unavailable,remainder,Q17619390,pl,pl,
wydawnictwo.uni.lodz.pl,robots_unavailable,remainder,Q9295323,pl,pl,
wyyjzz.com,robots_unavailable,remainder,Literature & Art Studies,cn,zh,
x929.ca,robots_unavailable,remainder,CFEX-FM,ca,,
xdkb.net,robots_unavailable,remainder,Modern Express Post,cn,,
xfm.dk,robots_unavailable,remainder,XFM,dk,da,
xhunesfm.unes.edu.mx,robots_unavailable,remainder,XHUNES-FM,mx,,
xhunestv.unes.edu.mx,robots_unavailable,remainder,XHUNES-TDT,mx,,
xichu.net,robots_unavailable,remainder,Suqian News and Media Center,cn,,
xingkong.com.cn,robots_unavailable,remainder,Xing Kong,hk,zh,
xinmin.cn,robots_unavailable,remainder,Xinmin Evening News,cn,zh,
xinminweekly.com.cn,robots_unavailable,remainder,Xinmin Weekly,cn,zh,
xjtvs.com.cn,robots_unavailable,remainder,Xinjiang Radio & Television,cn,zh,
xl103calgary.com,robots_unavailable,remainder,CFXL-FM,ca,,
xlair.be,robots_unavailable,remainder,XL AIR,be,nl,
xmtv.cn,robots_unavailable,remainder,Xiamen Media Group,cn,zh,
xn--80aayaafbgfl1abffemldw.xn--p1ai,robots_unavailable,remainder,Q84570010,ru,ru,
xn--b1akda1aagn5c3eg.xn--p1ai,robots_unavailable,remainder,Q124515561,ru,ru,
xtrb.cn,robots_unavailable,remainder,Xingtai Daily,cn,zh,
xuebao.jgsu.edu.cn,robots_unavailable,remainder,Journal of Jinggangshan University (Social Science Edition),cn,zh,
xunta.es,robots_unavailable,remainder,Diario Oficial de Galicia,es,pt,
xwcbzzs.com,robots_unavailable,remainder,Q137675122,cn,,
xxcb.cn,robots_unavailable,remainder,Xiaoxiang Morning Herald,cn,zh,
yabantv.com,robots_unavailable,remainder,Yaban TV,tr,,
yasstribune.com.au,robots_unavailable,remainder,Yass Tribune,au,,
yb983.com,robots_unavailable,remainder,Yanbian Broadcasting and Television,cn,,
yeatsjournal.or.kr,robots_unavailable,remainder,The Yeats Journal of Korea,kr,ko,
yediot.co.il,robots_unavailable,remainder,Yedioth Ahronoth,il,he,
yekum.org,robots_unavailable,remainder,Q112863775,il,,
yeniasir.com.tr,robots_unavailable,remainder,Yeni Asır,tr,tr,
yeongnam.com,robots_unavailable,remainder,Yeongnam Ilbo,kr,ko,
yerkramas.org,robots_unavailable,remainder,Yerkramas,ru,ru,
yes.co.il,robots_unavailable,remainder,Yes,il,he,
yhbtv.com,robots_unavailable,remainder,Q65050196,cn,,
yhcqw.com,robots_unavailable,remainder,Yanhuang Chunqiu,cn,zh,
yibenmanhua.com,robots_unavailable,remainder,Yiben Manhua,cn,zh,
yicai.com,robots_unavailable,remainder,China Business News,cn,,
ylcountry.com,robots_unavailable,remainder,CKHL-FM,ca,,
yndaily.yunnan.cn,robots_unavailable,remainder,Yunnan Daily,cn,zh,
yogunbakimderg.com,robots_unavailable,remainder,Turkish Journal of Intensive Care,tr,,
yokosukafm.com,robots_unavailable,remainder,Q11543505,jp,,
yorku.ca,robots_unavailable,remainder,Existere,ca,en,
youku.com,robots_unavailable,remainder,Youku,cn,zh,
yourottawaregion.com,robots_unavailable,remainder,Renfrew Mercury,ca,,
yoyotv.ebc.net.tw,robots_unavailable,remainder,YoYo TV,tw,zh,
ysia.ru,robots_unavailable,remainder,Yakut-Sakha Information Agency,ru,ru,
ystadsallehanda.se,robots_unavailable,remainder,Ystads Allehanda,se,sv,
ytemagazine.com,robots_unavailable,remainder,Your Trading Edge,au,en,
yucatan.gob.mx,robots_unavailable,remainder,Q125952562,mx,es,
yumc.yonsei.ac.kr,robots_unavailable,remainder,Yonsei Medical Journal,kr,en,
yumurcak.tv,robots_unavailable,remainder,Yumurcak TV,tr,,
yydbzz.com,robots_unavailable,remainder,Herald of Medicine,cn,en,
zabrab75.ru,robots_unavailable,remainder,The Zanbaikalian worker,ru,ru,
zagle.com.pl,robots_unavailable,remainder,Q9397180,pl,pl,
zagraevsky.com,robots_unavailable,remainder,Art Newspaper,ru,,
zagrostv.com,robots_unavailable,remainder,Zagros TV,iq,,
zahracleaning.com,robots_unavailable,remainder,Zahrat Al Khaleej,ae,en,
zaikainiigata.com,robots_unavailable,remainder,Q11634639,jp,,
zamanaustralia.com.au,robots_unavailable,remainder,Zaman,tr,tr,
zancojournal.su.edu.krd,robots_unavailable,remainder,Zanco Journal of Pure and Applied Sciences,iq,,
zarch.unizar.es,robots_unavailable,remainder,ZARCH. Journal of interdisciplinary studies in Architecture and Urbanism,es,en,
zavoddbk.org,robots_unavailable,remainder,Dubrovnik Annals,hr,en,
zawod-architekt.pl,robots_unavailable,remainder,Q9387620,pl,pl,
zbc.co.zw,robots_unavailable,remainder,ZBC TV,zw,,
zbnews.net,robots_unavailable,remainder,Q140868382,cn,zh,
zed99.com,robots_unavailable,remainder,CIZZ-FM,ca,,
zeeaflam.com,robots_unavailable,remainder,Zee Aflam,ae,,
zeemundo.com,robots_unavailable,remainder,Zee Mundo,es,es,
zeenews.india.com,robots_unavailable,remainder,Zee 24 Taas,in,,
zeetalkies.tv,robots_unavailable,remainder,Zee Talkies,in,,
zeeworld.tv,robots_unavailable,remainder,Zee World,za,,
zeeyuva.com,robots_unavailable,remainder,Zee Yuva,in,,
zenon.dainst.org,robots_unavailable,remainder,Deutsches Archaeologisches Institut. Roemische Abteilung. Mitteilungen,it,en,
zerohora.com,robots_unavailable,remainder,Zero Hora,br,pt,
zeromagazine.nu,robots_unavailable,remainder,Zero Music Magazine,se,sv,
zeromagazine.se,robots_unavailable,remainder,Zero Music Magazine,se,sv,
zeszyty-naukowe.awl.edu.pl,robots_unavailable,remainder,Scientific Journal of the Military University of Land Forces,pl,en,
zeszytyliterackie.pl,robots_unavailable,remainder,Zeszyty Literackie,pl,pl,
zeszytyodnowy.eu,robots_unavailable,remainder,Zeszyty Odnowy w Duchu Świętym,pl,pl,
zetgold.pl,robots_unavailable,remainder,Radio Zet Gold,pl,pl,
zfhe.at,robots_unavailable,remainder,Zeitschrift für Hochschulentwicklung,at,de,
zfn.edu.pl,robots_unavailable,remainder,Philosophical Problems in Science,pl,en,
zgqb.cbpt.cnki.net,robots_unavailable,remainder,China Numismatics,cn,zh,
zh.zhhlzzs.com,robots_unavailable,remainder,Chinese Journal of Nursing,cn,en,
zham.ru,robots_unavailable,remainder,Zham,ru,en,
zhongwen.astro.com.my,robots_unavailable,remainder,Astro Hua Hee Dai,my,,
zhr.pl,robots_unavailable,remainder,Q11692358,pl,pl,
zhros.ru,robots_unavailable,remainder,Grain Economy of Russia,ru,ru,
zhyxzz.yiigle.com,robots_unavailable,remainder,National Medical Journal of China,cn,zh,
zielonysztandar.com.pl,robots_unavailable,remainder,Zielony Sztandar,pl,pl,
ziemiakaliska.com.pl,robots_unavailable,remainder,Q9391093,pl,pl,
zive.cz,robots_unavailable,remainder,Živě.cz,cz,cs,
ziwaphi.com,robots_unavailable,remainder,Ziwaphi,za,,
zixun.hunantv.com,robots_unavailable,remainder,Hunan Television,cn,,
zjms-hmu.org,robots_unavailable,remainder,Zanco Journal of Medical Sciences,iq,en,
zlv.lu,robots_unavailable,remainder,Zeitung vum Lëtzebuerger Vollek,lu,de,
zman.co.il,robots_unavailable,remainder,Zman Israel,il,he,
zn.ua,robots_unavailable,remainder,Zerkalo Nedeli,ua,ru,
znak.com,robots_unavailable,remainder,Znak.com,ru,,
znanie-sila.su,robots_unavailable,remainder,Znanie – Sila,ru,ru,
zona31.com.ar,robots_unavailable,remainder,Q6171503,ar,,
zonafranca.unr.edu.ar,robots_unavailable,remainder,Zona Franca,ar,es,
zonalatina.cl,robots_unavailable,remainder,Zona Latina,cl,,
zoojournras.ru,robots_unavailable,remainder,Zoologicheskii Zhurnal,ru,ru,
zoomtventertainment.com,robots_unavailable,remainder,Zoom,in,,
zorilebucovinei.com,robots_unavailable,remainder,Zorile Bucovinei,ua,,
zoritabasarana.ru,robots_unavailable,remainder,Q4449210,ru,ru,
zorya.poltava.ua,robots_unavailable,remainder,Q12107094,ua,uk,
zrdc.ac.cn,robots_unavailable,remainder,Zoological Research: Diversity and Conservation,cn,en,
zrockbg.com,robots_unavailable,remainder,Z-Rock,bg,,
ztanews.ir,robots_unavailable,remainder,ztanews,ir,fa,
ztr.skwp.pl,robots_unavailable,remainder,Zeszyty Teoretyczne Rachunkowości,pl,pl,
ztv.se,robots_unavailable,remainder,ZTV,se,sv,
zueriost.ch,robots_unavailable,remainder,Q1805939,ch,,
zueritipp.ch,robots_unavailable,remainder,Züritipp,ch,,
zugerwoche.ch,robots_unavailable,remainder,Zuger Woche,ch,,
zuqiubao.info,robots_unavailable,remainder,Soccer News,cn,,
zurzeit.at,robots_unavailable,remainder,Zur Zeit,at,de,
zwiastun.pl,robots_unavailable,remainder,Zwiastun Ewangelicki,pl,pl,
zymk.cn,robots_unavailable,remainder,Zhiyinmanke,cn,zh,
zzl.ipiss.com.pl,robots_unavailable,remainder,Q9387148,pl,pl,
zzrbnews.com,robots_unavailable,remainder,Zhengzhou Daily,cn,,
ажуда.рф,robots_unavailable,remainder,Q131151573,ru,ru,
красная-звезда.рф,robots_unavailable,remainder,Krasnaya Zvezda,ru,ru,
листок.рф,robots_unavailable,remainder,Lestok,ru,ru,
021.rs,robots_unavailable,shortlist,Radio 021,rs,sr,
100fm.co.il,robots_unavailable,shortlist,Radios 100FM,il,he,
168.am,robots_unavailable,shortlist,Q16364089,am,hy,
1br.lv,robots_unavailable,shortlist,Q16350294,lv,lv,
1plus1.ua,robots_unavailable,shortlist,1+1,ua,uk,
1tvmedia.com,robots_unavailable,shortlist,1TV,af,,
218tv.net,robots_unavailable,shortlist,218TV,ly,,
24.kz,robots_unavailable,shortlist,Khabar 24,kz,kk,
24sata.rs,robots_unavailable,shortlist,24 sata,rs,sr,
24ur.com,robots_unavailable,shortlist,OTO,si,,
24vesti.mk,robots_unavailable,shortlist,24 Vesti,mk,,
2tv.ge,robots_unavailable,shortlist,Second Channel,ge,ka,
34.ua,robots_unavailable,shortlist,Channel 34,ua,uk,
7art.ru,robots_unavailable,shortlist,7Art,by,ru,
843fm.co.jp,robots_unavailable,shortlist,FM Toyohashi,jp,ja,
89.165.118.117,robots_unavailable,shortlist,Asrar,ir,fa,
8channel.tv,robots_unavailable,shortlist,Q4126761,by,,
947fm.bb,robots_unavailable,shortlist,CBC Radio,bb,,
a1.bg,robots_unavailable,shortlist,Mах Sport,bg,bg,
aajtak.intoday.in,robots_unavailable,shortlist,Delhi Aaj Tak,in,hi,
abagar1.com,robots_unavailable,shortlist,Q28104814,bg,bg,
abcnyheter.no,robots_unavailable,shortlist,ABC Nyheter,no,no,
abiturient.az,robots_unavailable,shortlist,Q16415703,az,az,
abn-tv.co.jp,robots_unavailable,shortlist,Asahi Broadcasting Nagano,jp,ja,
abp.gouv.bj,robots_unavailable,shortlist,Agence Bénin Presse,bj,,
abrasradio.info,robots_unavailable,shortlist,Q139620581,ba,,
acadsci.fi,robots_unavailable,shortlist,Annales Academiae Scientiarum Fennicae. Mathematica,fi,fi,
accelerandobjmd.weebly.com,robots_unavailable,shortlist,Accelerando: BJMD,rs,sr,
accentmagasin.se,robots_unavailable,shortlist,Accent,se,sv,
acta.chem-soc.si,robots_unavailable,shortlist,Acta Chimica Slovenica,si,en,
acta.sapientia.ro,robots_unavailable,shortlist,Acta universitatis sapientiae. Mathematica,pl,ro,
action24.gr,robots_unavailable,shortlist,Action 24,gr,el,
adamtsair.co.il,robots_unavailable,shortlist,Adam Tsair,il,he,
adventuretv.pl,robots_unavailable,shortlist,Adventure,pl,pl,
aerapa.conference.ubbcluj.ro,robots_unavailable,shortlist,Aerul şi Apa: Componente ale Mediului,ro,ro,
africawebradio.bj,robots_unavailable,shortlist,Q139816904,bj,,
aftabeyazd.ir,robots_unavailable,shortlist,Aftab Yazd,ir,fa,
agpgabon.ga,robots_unavailable,shortlist,Gabon Press Agency,ga,,
agpguinee.com,robots_unavailable,shortlist,Guinean Press Agency,gn,,
agrotv.bg,robots_unavailable,shortlist,Agro TV,bg,bg,
agry.um.ac.ir,robots_unavailable,shortlist,Journal of Agroecology,ir,fa,
air-g.co.jp,robots_unavailable,shortlist,FM Hokkaido Broadcasting,jp,ja,
ajakiri.ut.ee,robots_unavailable,shortlist,Universitas Tartuensis,ee,et,
ajunews.com,robots_unavailable,shortlist,Aju Business Daily,kr,ko,
akad.ee,robots_unavailable,shortlist,Akadeemia,ee,et,
akademikern.se,robots_unavailable,shortlist,Akademikern,se,sv,
akademos.asm.md,robots_unavailable,shortlist,"Akademos: Revista de Știință, Inovare, Cultură și Artă",md,ro,
al-ahvaz.ir,robots_unavailable,shortlist,Al-Ahvaz TV,ir,fa,
al-azhaar.org,robots_unavailable,shortlist,Al-Azhaar,pk,ur,
al-tayar.net,robots_unavailable,shortlist,Al-tayar,sd,ar,
aladwajournal.com,robots_unavailable,shortlist,Al-Adwa,pk,ur,
alava.net,robots_unavailable,shortlist,Q114452038,es,eu,
alayam.com,robots_unavailable,shortlist,Al Ayam,bh,ar,
albertslundradio.dk,robots_unavailable,shortlist,Q12300892,dk,da,
alborz.irib.ir,robots_unavailable,shortlist,IRIB Alborz,ir,fa,
albtoday.com,robots_unavailable,shortlist,Albania Today,al,en,
alcudiaradio.com,robots_unavailable,shortlist,Alcúdia Ràdio,es,ca,
alekinoplus.pl,robots_unavailable,shortlist,Ale Kino+,pl,pl,
alfaradio.by,robots_unavailable,shortlist,Alfa Radio,by,ru,
alhaqaiq.info,robots_unavailable,shortlist,alhaqaiq,mr,,
alkawthartv.ir,robots_unavailable,shortlist,Al-Kawthar TV,ir,fa,
alltomhistoria.se,robots_unavailable,shortlist,Allt om Historia,dk,da,
alphatv.gr,robots_unavailable,shortlist,Alpha TV,gr,el,
alqalamjournalpu.com,robots_unavailable,shortlist,Al-Qalam,pk,ur,
alrasmia.ly,robots_unavailable,shortlist,Libya Alrasmia Channel,ly,,
alternativtv.az,robots_unavailable,shortlist,ARB Ulduz,az,az,
altfordamerne.dk,robots_unavailable,shortlist,Alt for Damerne,dk,da,
alwatannews.net,robots_unavailable,shortlist,Al-Watan,bh,ar,
amagerbladet.dk,robots_unavailable,shortlist,Q12301217,dk,da,
amelia.se,robots_unavailable,shortlist,Amelia,se,sv,
ami.arhivpro.hr,robots_unavailable,shortlist,Histria Archaeologica,hr,hr,
ana-mpa.gr,robots_unavailable,shortlist,Athens-Macedonian News Agency,gr,el,
analize-journal.ro,robots_unavailable,shortlist,Analize: Journal of Gender and Feminist Studies,ro,ro,
anasozu.com,robots_unavailable,shortlist,Ana Sözü,md,,
andhrabhoomi.net,robots_unavailable,shortlist,Andhra Bhoomi,in,te,
andorradifusio.ad,robots_unavailable,shortlist,Andorra Televisió,ad,,
andoyposten.no,robots_unavailable,shortlist,Andøyposten,no,no,
animelehti.fi,robots_unavailable,shortlist,Anime,fi,fi,
ann.ugal.ro,robots_unavailable,shortlist,"Analele Universităţii ""Dunărea de Jos"" Galaţi: Fascicula III, Electrotehnică, Electronică, Automatică, Informatică",ro,ro,
anstuocmath.ro,robots_unavailable,shortlist,Analele Stiintifice ale Universitatii Ovidius Constanta: Seria Matematica,ro,ro,
anstv.ws,robots_unavailable,shortlist,ANS TV,az,,
antena3.ro,robots_unavailable,shortlist,Antena 3 CNN,ro,ro,
antenai.ro,robots_unavailable,shortlist,Antena Internaţional,ro,ro,
antenna.gr,robots_unavailable,shortlist,ANT1,cy,el,
antropoloskodrustvosrbije.com,robots_unavailable,shortlist,Glasnik Antropološkog Društva Srbije,rs,sr,
anubih.ba,robots_unavailable,shortlist,Godišnjak Centra za balkanološka ispitivanja,ba,,
ap3.ee,robots_unavailable,shortlist,Äripäev,ee,et,
apertura.hu,robots_unavailable,shortlist,Apertura,hu,hu,
apostrophe.ua,robots_unavailable,shortlist,Apostroph TV,ua,uk,
aqiqat.kazgazeta.kz,robots_unavailable,shortlist,Aqïqat,kz,kk,
aqzhelken.kazgazeta.kz,robots_unavailable,shortlist,Aq Jelken,kz,kk,
arabistyka.uw.edu.pl,robots_unavailable,shortlist,Arab Studies and Islamic Studies,pl,pl,
aranzadi-zientziak.org,robots_unavailable,shortlist,"Munibe, Antropologia-Arkeologia",es,eu,
aranzadi.eus,robots_unavailable,shortlist,"Munibe, Antropologia-Arkeologia",es,eu,
aravot.am,robots_unavailable,shortlist,Aravot,am,hy,
arbetarbladet.se,robots_unavailable,shortlist,Arbetarbladet,se,sv,
archaeology.asm.md,robots_unavailable,shortlist,Revista Arheologică,md,ro,
arcticyearbook.com,robots_unavailable,shortlist,Arctic Yearbook,is,is,
ardabil.irib.ir,robots_unavailable,shortlist,IRIB Sabalan,ir,fa,
arezo.news,robots_unavailable,shortlist,Arezo TV,af,,
arhiv.gov.mk,robots_unavailable,shortlist,Makedonski arhivist,mk,mk,
arkadikitv.gr,robots_unavailable,shortlist,Arkadiki Radiofonia Tileorasi,gr,el,
armeniatv.am,robots_unavailable,shortlist,Armenia TV,am,hy,
armyinform.com.ua,robots_unavailable,shortlist,ArmyInform,ua,uk,
armymedia.bg,robots_unavailable,shortlist,Q12275576,bg,bg,
artf.ni.ac.rs,robots_unavailable,shortlist,Artefact,rs,sr,
asahi.co.jp,robots_unavailable,shortlist,Asahi Television Broadcasting Corporation,jp,ja,
asak.or.kr,robots_unavailable,shortlist,Journal of American Studies,kr,ko,
asianews.it,robots_unavailable,shortlist,AsiaNews,va,it,
asnosas.gal,robots_unavailable,shortlist,Q136452243,es,gl,
asongartv.com,robots_unavailable,shortlist,Asonga TV,gq,,
aspects.org.ua,robots_unavailable,shortlist,Aspekti Publìčnogo Upravlìnnâ,ua,uk,
assayha.net,robots_unavailable,shortlist,Assayha,sd,ar,
astrj.pollub.pl,robots_unavailable,shortlist,Advances in Science and Technology Research Journal,pl,pl,
astro.nau.edu.ua,robots_unavailable,shortlist,Astronomical School’s Report,ua,uk,
astronomia.media.pl,robots_unavailable,shortlist,Astronomia,pl,pl,
asyikfm.rtm.gov.my,robots_unavailable,shortlist,Asyik FM,my,ms,
ata.gov.al,robots_unavailable,shortlist,Albanian Telegraphic Agency,al,,
atmia.put.poznan.pl,robots_unavailable,shortlist,Archives of Mechanical Technology and Materials,pl,pl,
au.archives.gov.ua,robots_unavailable,shortlist,Archives of Ukraine,ua,uk,
auriga.cat,robots_unavailable,shortlist,Q11284275,es,ca,
automobil.org,robots_unavailable,shortlist,Automobil,se,sv,
automobil.se,robots_unavailable,shortlist,Automobil,se,sv,
av.zrc-sazu.si,robots_unavailable,shortlist,Arheoloski Vestnik,si,sl,
avadhnama.com,robots_unavailable,shortlist,Avadhnama,in,ur,
avangard.am,robots_unavailable,shortlist,Q20517511,am,hy,
avantaje.ro,robots_unavailable,shortlist,Avantaje,ro,ro,
ave-maria.by,robots_unavailable,shortlist,Q13027898,by,be,
avgi.gr,robots_unavailable,shortlist,I Avgi,gr,el,
avisahemnes.no,robots_unavailable,shortlist,Avisa Hemnes,no,nb,
avozdevilalba.gal,robots_unavailable,shortlist,A Voz de Vilalba,es,gl,
avtoradio.bg,robots_unavailable,shortlist,Q82701151,bg,bg,
awp.is,robots_unavailable,shortlist,Associated Whistleblowing Press,be,is,
axnspin.com,robots_unavailable,shortlist,AXN Spin,ba,,
azerbaijantoday.az,robots_unavailable,shortlist,Q90105925,az,en,
azertag.az,robots_unavailable,shortlist,Azerbaijan State News Agency,az,az,
azonnali.hu,robots_unavailable,shortlist,azonnali.hu,hu,hu,
aztecahonduras.com,robots_unavailable,shortlist,Azteca Honduras,hn,,
babruisk.info,robots_unavailable,shortlist,Q134611521,by,ru,
bahps.org,robots_unavailable,shortlist,Acta Baltica Historiae et Philosophiae Scientiarum,ee,en,
bajroshakti.com,robots_unavailable,shortlist,Daily Bajroshakti,bd,bn,
balafontv.net,robots_unavailable,shortlist,Balafon TV,cm,,
balgarskiezik.eu,robots_unavailable,shortlist,Q12274279,bg,bg,
balkanjournal.org,robots_unavailable,shortlist,Journal of Balkan Studies,mk,en,
baltijapublishing.lv,robots_unavailable,shortlist,Baltic Journal of Economic Studies,lv,lv,
barometern.se,robots_unavailable,shortlist,Barometern,se,sv,
basparesh.ippi.ac.ir,robots_unavailable,shortlist,Baspārish,ir,fa,
batborsen.no,robots_unavailable,shortlist,Båtbørsen,no,no,
bayfm.co.jp,robots_unavailable,shortlist,Bay FM,jp,ja,
bcn.es,robots_unavailable,shortlist,Arxius de Miscel·lània Zoològica,es,ca,
bd-pratidin.com,robots_unavailable,shortlist,Bangladesh Pratidin,bd,bn,
befm.or.kr,robots_unavailable,shortlist,Busan English Broadcasting,kr,ko,
belarus2.by,robots_unavailable,shortlist,Belarus 2,by,ru,
belarus24.by,robots_unavailable,shortlist,Belarus 24,by,ru,
beldumka.belta.by,robots_unavailable,shortlist,Belaruskaya dumka,by,ru,
belpatriot.by,robots_unavailable,shortlist,Q89268322,by,ru,
belta.by,robots_unavailable,shortlist,Belarusian Telegraph Agency,by,en,
belvedere-meridionale.hu,robots_unavailable,shortlist,Belvedere Meridionale,hu,hu,
bendrinekalba.lt,robots_unavailable,shortlist,Bendrinė Kalba,lt,lt,
berezil.kh.ua,robots_unavailable,shortlist,Berezil,ua,uk,
beritaharian.sg,robots_unavailable,shortlist,Berita Harian,sg,ms,
bestfm.com.my,robots_unavailable,shortlist,Best 104,my,ms,
beznen.ru,robots_unavailable,shortlist,Bezneñ gäcit,ru,tt,
bg.up.krakow.pl,robots_unavailable,shortlist,Biblioteka i Edukacja,pl,pl,
bgu.ac.il,robots_unavailable,shortlist,Iyunim,il,he,
bhdani.ba,robots_unavailable,shortlist,Dani,ba,,
bhol.co.il,robots_unavailable,shortlist,Bhol,il,he,
bhutannewsservice.com,robots_unavailable,shortlist,Bhutan News Service,bt,,
bibliotekarzpodlaski.ksiaznicapodlaska.pl,robots_unavailable,shortlist,Bibliotekarz Podlaski Ogólnopolskie Naukowe Pismo Bibliotekoznawcze i Bibliologiczne,pl,be,
bilsport.se,robots_unavailable,shortlist,Bilsport,se,sv,
biografistykapedagogiczna.pl,robots_unavailable,shortlist,Biografistyka Pedagogiczna,pl,pl,
biosfera.bio.unsoed.ac.id,robots_unavailable,shortlist,Majalah Ilmiah Biologi Biosfera: A Scientific Journal,id,id,
biuletynwat.pl,robots_unavailable,shortlist,Bulletin of the Military University of Technology,pl,pl,
blazermagazine.co.il,robots_unavailable,shortlist,Blazer,il,he,
blog.nli.org.il,robots_unavailable,shortlist,HaMussach,il,he,
blt.se,robots_unavailable,shortlist,Blekinge Läns Tidning,se,sv,
bna.bh,robots_unavailable,shortlist,Bahrain News Agency,bh,ar,
bns.lv,robots_unavailable,shortlist,Baltic News Service,ee,lv,
bnt.bg,robots_unavailable,shortlist,BNT 2,bg,bg,
bobrlife.by,robots_unavailable,shortlist,Q6466011,by,be,
bolasport.com,robots_unavailable,shortlist,Bola (tabloid),id,id,
boomfm.lv,robots_unavailable,shortlist,Q121762226,lv,lv,
bornholmstidende.dk,robots_unavailable,shortlist,Bornholms Tidende,dk,da,
botkozlem.elte.hu,robots_unavailable,shortlist,Botanikai Közlemények,hu,hu,
boulevard-des-infos.com,robots_unavailable,shortlist,Boulevard des Infos,bj,fr,
boxelet.com,robots_unavailable,shortlist,Afghan TV,af,,
braslav-star.by,robots_unavailable,shortlist,Q85411781,by,ru,
briai.ku.lt,robots_unavailable,shortlist,Acta Historica Universitatis Klaipedensis,lt,en,
bs.tze.org.ua,robots_unavailable,shortlist,Bozhyi Siyach,ua,uk,
bs4.jp,robots_unavailable,shortlist,BS Nippon,jp,ja,
btp.vgtu.lt,robots_unavailable,shortlist,Business: Theory and Practice,lt,lt,
btv.bg,robots_unavailable,shortlist,bTV,bg,bg,
btv.lt,robots_unavailable,shortlist,BTV,lt,lt,
bucchake-housing.co.jp,robots_unavailable,shortlist,Bucchake Housing,jp,ja,
bud-arch.pollub.pl,robots_unavailable,shortlist,Budownictwo i Architektura,pl,pl,
budlive.cz,robots_unavailable,shortlist,BUDLive,cz,cs,
buletindepsihiatrie.ro,robots_unavailable,shortlist,Bulletin of Integrative Psychiatry,ro,ro,
bulletin.mfd.org.mk,robots_unavailable,shortlist,Makedonsko Farmacevtski Bilten,mk,,
bunkanews.jp,robots_unavailable,shortlist,Bunka Tsushinsha,jp,ja,
busan.com,robots_unavailable,shortlist,Busan Ilbo,kr,ko,
busanmbc.co.kr,robots_unavailable,shortlist,Busan Munhwa Broadcasting Corporation,kr,ko,
butov.az,robots_unavailable,shortlist,Q12837927,az,az,
c8tv.hu,robots_unavailable,shortlist,C8,cz,hu,
cableondasports.com,robots_unavailable,shortlist,Q20015470,pa,,
caluna.no,robots_unavailable,shortlist,Caluna,no,no,
camjol.info,robots_unavailable,shortlist,Ciencia e Interculturalidad,ni,es,
campushd.tv,robots_unavailable,shortlist,CampusTV,hn,,
canal12.com.ni,robots_unavailable,shortlist,Nicavisión,ni,,
canal33.ro,robots_unavailable,shortlist,CANAL 33,ro,ro,
canalplus.pl,robots_unavailable,shortlist,Canal+ Premium,pl,pl,
cananewsonline.com,robots_unavailable,shortlist,Caribbean News Agency,bb,,
cappfm.com,robots_unavailable,shortlist,Q109312593,bj,fr,
cargraphic.co.jp,robots_unavailable,shortlist,Car Graphic,jp,ja,
cartoonnetwork.hu,robots_unavailable,shortlist,Cartoon Network,cz,hu,
cartoonnetwork.jp,robots_unavailable,shortlist,Cartoon Network Japan,jp,ja,
catholicnews.by,robots_unavailable,shortlist,Q107286947,by,ru,
catsfm.my,robots_unavailable,shortlist,Cats FM,my,ms,
cavallfort.cat,robots_unavailable,shortlist,Cavall Fort,es,ca,
cbcsport.az,robots_unavailable,shortlist,CBC Sport,az,az,
ccdailynews.com,robots_unavailable,shortlist,ChungCheong Daily News,kr,ko,
cctoday.co.kr,robots_unavailable,shortlist,Chungcheong Today,kr,ko,
cdn.com.do,robots_unavailable,shortlist,CDN 37 - News TV Station,do,,
ce.uw.pl,robots_unavailable,shortlist,European Studies,pl,pl,
celsona.com,robots_unavailable,shortlist,Celsona Informació,es,ca,
centernews.com.ua,robots_unavailable,shortlist,Center News,ua,uk,
cgasa.ir,robots_unavailable,shortlist,Categories and General Algebraic Structures with Applications,ir,fa,
ch16.co.il,robots_unavailable,shortlist,Chanel 16,il,he,
channel-one.al,robots_unavailable,shortlist,Channel One TV,al,,
channel5belize.com,robots_unavailable,shortlist,Great Belize Television,bz,,
chashnikinews.by,robots_unavailable,shortlist,Q86053952,by,ru,
chausynews.by,robots_unavailable,shortlist,Q111986929,by,ru,
chd.sagepub.com,robots_unavailable,shortlist,Childhood,ye,en,
chefstidningen.se,robots_unavailable,shortlist,Chefstidningen,se,sv,
cherikovnews.by,robots_unavailable,shortlist,Q94413171,by,ru,
chibanippo.co.jp,robots_unavailable,shortlist,Chiba Nipposha,jp,ja,
chosonsinbo.com,robots_unavailable,shortlist,Choson Sinbo,jp,ja,
chronicle.gi,robots_unavailable,shortlist,Gibraltar Chronicle,gi,en,
chungnamilbo.co.kr,robots_unavailable,shortlist,Chungnam Ilbo,kr,ko,
cinestaronline.ro,robots_unavailable,shortlist,CineStar,ro,ro,
cinetv.ru,robots_unavailable,shortlist,Q4345341,cy,ru,
citizen-news.net,robots_unavailable,shortlist,The Citizen,ss,en,
citypress.gr,robots_unavailable,shortlist,City Press,gr,el,
citytoday.news,robots_unavailable,shortlist,Hai Bangalore,in,kn,
cjm.asm.md,robots_unavailable,shortlist,"Chemistry Journal of Moldova: General, Industrial and Ecological Chemistry",md,en,
classfm.hu,robots_unavailable,shortlist,Class FM,hu,hu,
cld.si,robots_unavailable,shortlist,Q61359919,si,sl,
clubfm.in,robots_unavailable,shortlist,Club FM,in,ml,
cmc.com.hr,robots_unavailable,shortlist,Croatian Music Channel,hr,hr,
codigocero.com,robots_unavailable,shortlist,Código Cero,es,gl,
colexio.lasallesantiago.gal,robots_unavailable,shortlist,Q65248431,es,gl,
colorsmarathi.com,robots_unavailable,shortlist,Colors Marathi,in,mr,
colorstamil.in,robots_unavailable,shortlist,Colors Tamil,in,ta,
comedycentral.hu,robots_unavailable,shortlist,Comedy Central Hungary,hu,hu,
comedycentral.pl,robots_unavailable,shortlist,Comedy Central Poland,pl,pl,
comedycentral.se,robots_unavailable,shortlist,Comedy Central Sweden,se,sv,
contrafort.md,robots_unavailable,shortlist,Contrafort,md,ro,
corp.asahi.co.jp,robots_unavailable,shortlist,Asahi Broadcasting Group Holdings,jp,ja,
countryradio.cz,robots_unavailable,shortlist,Country radio,cz,cs,
crtv.cm,robots_unavailable,shortlist,CRTV-Télé,cm,,
csfilm.cz,robots_unavailable,shortlist,CS Film,cz,cs,
csmystery.joj.cz,robots_unavailable,shortlist,CS History,cz,cs,
csp.isp.hr,robots_unavailable,shortlist,Journal of Contemporary History,hr,hr,
ctv.co.jp,robots_unavailable,shortlist,Chūkyō Television Broadcasting,jp,ja,
cuacfm.org,robots_unavailable,shortlist,Cuac FM,es,gl,
cwiszn.pl,robots_unavailable,shortlist,Cwiszn,pl,yi,
czasopisma.ispan.pl,robots_unavailable,shortlist,Biuletyn Historii Sztuki,pl,pl,
d-p.by,robots_unavailable,shortlist,Q85430553,by,ru,
daejonilbo.com,robots_unavailable,shortlist,Daejeon Ilbo,kr,ko,
dagbladene.dk,robots_unavailable,shortlist,Q12306998,dk,da,
dagen.no,robots_unavailable,shortlist,Dagen,no,no,
dagensmedicin.dk,robots_unavailable,shortlist,Dagens Medicin,dk,da,
dagogtid.no,robots_unavailable,shortlist,Dag og Tid,no,nn,
dagsavisen.no,robots_unavailable,shortlist,Dagsavisen,no,no,
dailyaeen.com.pk,robots_unavailable,shortlist,Daily Aeen,pk,ur,
dailyafghanistan.com,robots_unavailable,shortlist,Daily Afghanistan,af,,
dailychhattisgarh.com,robots_unavailable,shortlist,Daily Chhattisgarh,in,hi,
dailynewsactivist.com,robots_unavailable,shortlist,Daily News Activist,in,hi,
dainikasam.assamtribune.com,robots_unavailable,shortlist,Dainik Asam,in,as,
dainikjanata.net,robots_unavailable,shortlist,Dainik Janata,bd,bn,
dainiktarget.com,robots_unavailable,shortlist,Dainik Target,bd,bn,
dancefm.ro,robots_unavailable,shortlist,Dance FM,ro,ro,
daneshmandonline.ir,robots_unavailable,shortlist,Daneshmand,ir,fa,
danmedbul.dk,robots_unavailable,shortlist,Danish medical bulletin,dk,da,
danskeselskab.dk,robots_unavailable,shortlist,Danske Magazin,dk,da,
darikradio.bg,robots_unavailable,shortlist,Darik Radio,bg,bg,
data.lnb.lv,robots_unavailable,shortlist,Latvijas Kareivis,lv,lv,
datefm.co.jp,robots_unavailable,shortlist,FM Sendai,jp,ja,
davar1.co.il,robots_unavailable,shortlist,Davar,il,he,
db.lv,robots_unavailable,shortlist,Q21663616,lv,lv,
dbalears.cat,robots_unavailable,shortlist,DBalears,es,ca,
dca.au.dk,robots_unavailable,shortlist,Danish Journal of Plant and Soil Science,dk,da,
ddd.uab.cat,robots_unavailable,shortlist,Faventia (Online Edition): revista de filologia classica,es,ca,
dea.digar.ee,robots_unavailable,shortlist,Eesti Ekspress,ee,et,
decyzje.pl,robots_unavailable,shortlist,Decyzje,pl,pl,
defenceandstrategy.eu,robots_unavailable,shortlist,Obrana a strategie,cz,cs,
deia.com,robots_unavailable,shortlist,Deia,es,eu,
dekat.co.za,robots_unavailable,shortlist,De Kat,za,af,
delvilag.hu,robots_unavailable,shortlist,Délmagyarország,hu,hu,
dema.mil.kr,robots_unavailable,shortlist,Defense Media Agency,kr,ko,
demografia.rcm.upr.edu,robots_unavailable,shortlist,Q124801962,pr,en,
demokrata.hu,robots_unavailable,shortlist,Magyar Demokrata,hu,hu,
demokraten.no,robots_unavailable,shortlist,Demokraten,no,no,
denik.cz,robots_unavailable,shortlist,Deník.cz,cz,cs,
dentalforum.ump.edu.pl,robots_unavailable,shortlist,Dental Forum,pl,pl,
diakronika.ppj.unp.ac.id,robots_unavailable,shortlist,Diakronika,id,id,
diam.uab.ro,robots_unavailable,shortlist,Buletinul Cercurilor Științifice Studențești,ro,ro,
diametros.iphils.uj.edu.pl,robots_unavailable,shortlist,Diametros: internetowe czasopismo filozoficzne,pl,pl,
diaridegirona.cat,robots_unavailable,shortlist,Diari de Girona,es,ca,
diarieljardi.cat,robots_unavailable,shortlist,Diari el Jardí de Sant Gervasi i Sarrià,es,ca,
diema.bg,robots_unavailable,shortlist,Diema,bg,bg,
diemafamily.novatv.bg,robots_unavailable,shortlist,Diema Family,bg,bg,
diemasport.bg,robots_unavailable,shortlist,Diema Sport,bg,bg,
digar.nlib.ee,robots_unavailable,shortlist,Looming,ee,et,
digisport.hu,robots_unavailable,shortlist,Digi Sport,hu,hu,
digisport.ro,robots_unavailable,shortlist,Digi Sport,ro,ro,
digitalb.al,robots_unavailable,shortlist,Digiplus,al,,
dinakaran.com,robots_unavailable,shortlist,Dinakaran,in,ta,
discoverychannel.pl,robots_unavailable,shortlist,Discovery Life,pl,pl,
disney.bg,robots_unavailable,shortlist,Disney Channel,bg,bg,
disney.fi,robots_unavailable,shortlist,Disney XD,ee,fi,
dissarch.elte.hu,robots_unavailable,shortlist,Dissertationes Archaeologicae: Ex Instituto Archaeologico Universitatis de Rolando Eötvös Nominatae,hu,hu,
divk.inovacionicentar.rs,robots_unavailable,shortlist,Integritet i Vek Konstrukcija,rs,sr,
dk4.dk,robots_unavailable,shortlist,dk4,dk,da,
dnc.nsk.hr,robots_unavailable,shortlist,Narodne novine,hr,hr,
doctv.ir,robots_unavailable,shortlist,IRIB Mostanad,ir,fa,
dokshitsy.by,robots_unavailable,shortlist,Q13032461,by,be,
dom.lndb.lv,robots_unavailable,shortlist,Latvijas Avīze,lv,lv,
domoplus.pl,robots_unavailable,shortlist,Canal+ Domo,pl,pl,
drogichin.by,robots_unavailable,shortlist,Q137474882,by,ru,
drustvena-istrazivanja.pilar.hr,robots_unavailable,shortlist,Drustvena Istrazivanja,hr,hr,
dtxpolska.pl,robots_unavailable,shortlist,DTX,pl,pl,
dubrovno.by,robots_unavailable,shortlist,Q85476391,by,ru,
dunamsz.hu,robots_unavailable,shortlist,Duna Média,hu,hu,
dunyatv.az,robots_unavailable,shortlist,Dünya TV,az,az,
dv.ee,robots_unavailable,shortlist,Delovõje Vedomosti,ee,ru,
dv.is,robots_unavailable,shortlist,DV,is,is,
dv.kg,robots_unavailable,shortlist,Q104889693,kg,,
dziennikzachodni.pl,robots_unavailable,shortlist,Dziennik Zachodni,pl,pl,
dziq.am,robots_unavailable,shortlist,DZIQ,ph,hy,
e-jlia.com,robots_unavailable,shortlist,Journal of Liberty and International Affairs,mk,en,
e-journals.ku.lt,robots_unavailable,shortlist,Computational Science and Techniques,lt,en,
e-jurnal.lppmunsera.org,robots_unavailable,shortlist,KAIBON ABHINAYA JURNAL PENGABDIAN MASYARAKAT,id,id,
e-sciencecentral.org,robots_unavailable,shortlist,International Journal of Korean History,kr,ko,
eaglefm.com.np,robots_unavailable,shortlist,Eagle FM,np,ne,
eap.ee,robots_unavailable,shortlist,Estonian Journal of Archaeology,ee,en,
eastcoast.fm,robots_unavailable,shortlist,East Coast FM,fm,,
ebc.co.jp,robots_unavailable,shortlist,Ehime Broadcasting,jp,ja,
ebela.in,robots_unavailable,shortlist,Ebela,in,bn,
echapolesia.pl,robots_unavailable,shortlist,Q9250151,by,pl,
echaprzeszlosci.pl,robots_unavailable,shortlist,Echa Przeszlosci,pl,pl,
echodnia.eu,robots_unavailable,shortlist,Echo Dnia,pl,pl,
ecodiari.cat,robots_unavailable,shortlist,Ecodiari,es,ca,
econg.um.ac.ir,robots_unavailable,shortlist,Journal of Economic Geology,ir,fa,
economic.upit.ro,robots_unavailable,shortlist,Buletin ştiinţific: Universitatea din Piteşti. Seria Ştiinţe Economice,ro,ro,
ecranbenin.net,robots_unavailable,shortlist,Écran Bénin,bj,,
edinstvo.by,robots_unavailable,shortlist,Q110560448,by,ru,
eduzin.cz,robots_unavailable,shortlist,EDUzín,cz,cs,
eejp.univer.kharkov.ua,robots_unavailable,shortlist,East European Journal of Physics,ua,uk,
efeipro.lv,robots_unavailable,shortlist,Q4037939,lv,lv,
egoitza.gipuzkoa.eus,robots_unavailable,shortlist,Q137918562,es,eu,
eguzki.eus,robots_unavailable,shortlist,Eguzki Irratia,es,eu,
ehrhiti.lv,robots_unavailable,shortlist,European Hit Radio,lt,lv,
ei.libis.lt,robots_unavailable,shortlist,Lietuvos Archaeologija,lt,lt,
eia.libis.lt,robots_unavailable,shortlist,Baltistica,lt,en,
ejbe.org,robots_unavailable,shortlist,Eurasian Journal of Business and Economics,kg,en,
ejist.ro,robots_unavailable,shortlist,European Journal of Interdisciplinary Studies,ro,ro,
ejournal.diit.edu.ua,robots_unavailable,shortlist,Antropologìčnì Vimìri Fìlosofsʹkih Doslìdžen',ua,uk,
ejournal.undip.ac.id,robots_unavailable,shortlist,Jurnal Sejarah Citra Lekha,id,id,
ejournal2.undip.ac.id,robots_unavailable,shortlist,IHiS (Indonesian Historical Studies),id,id,
ejournals.lib.auth.gr,robots_unavailable,shortlist,Q16534467,gr,el,
eki.ee,robots_unavailable,shortlist,Ninniku,ee,et,
eknigibg.net,robots_unavailable,shortlist,Ikonomika i Kompûtʺrni Nauki,bg,bg,
ekof.bg.ac.rs,robots_unavailable,shortlist,Ekonomski Anali,rs,sr,
ekonomiaspoleczna.msap.pl,robots_unavailable,shortlist,Ekonomia Społeczna,pl,pl,
ekonomija.unizd.hr,robots_unavailable,shortlist,Oeconomica Jadertina,hr,hr,
ekuriren.se,robots_unavailable,shortlist,Eskilstuna-Kuriren,se,sv,
el19digital.com,robots_unavailable,shortlist,El 19,ni,,
elculture.gr,robots_unavailable,shortlist,elculture,gr,el,
elmondahir.cat,robots_unavailable,shortlist,El món d'ahir,es,ca,
elperiodico.hn,robots_unavailable,shortlist,El Periódico,hn,,
elshinta.co.id,robots_unavailable,shortlist,Elshinta TV,id,id,
elsiglo.com,robots_unavailable,shortlist,El Siglo,pa,es,
elthraki.gr,robots_unavailable,shortlist,Q12876921,gr,el,
eltriangle.eu,robots_unavailable,shortlist,El Triangle,es,ca,
emet73.ru,robots_unavailable,shortlist,Ömet,ru,tt,
empirix.no,robots_unavailable,shortlist,Empirix,no,no,
emporda.info,robots_unavailable,shortlist,Empordà,es,ca,
emu.dk,robots_unavailable,shortlist,Noter,dk,da,
en.dailyaeen.com.pk,robots_unavailable,shortlist,Daily Aeen,pk,ur,
en.davar1.co.il,robots_unavailable,shortlist,Davar,il,he,
enderrock.cat,robots_unavailable,shortlist,Enderrock,es,ca,
endokrynologia.polska.viamedica.pl,robots_unavailable,shortlist,Endokrynologia Polska,pl,pl,
energiteknikk.net,robots_unavailable,shortlist,Energiteknikk,no,no,
english.kbs.co.kr,robots_unavailable,shortlist,KBS 2TV,kr,ko,
english.yonhapnews.co.kr,robots_unavailable,shortlist,Vantage Point: Developments in North Korea,kp,ko,
envigogika.cuni.cz,robots_unavailable,shortlist,Envigogika,cz,cs,
epa.oszk.hu,robots_unavailable,shortlist,Fordulat,hu,hu,
epaper.protidinerbangladesh.com,robots_unavailable,shortlist,Protidiner Bangladesh,bd,bn,
epf.uni-mb.si,robots_unavailable,shortlist,Naše Gospodarstvo,si,sl,
epy.dreamhosters.com,robots_unavailable,shortlist,Estudios paraguayos,py,es,
erev-rav.com,robots_unavailable,shortlist,Erev Rav,il,he,
erlik.no,robots_unavailable,shortlist,'=Oslo,no,no,
err.ee,robots_unavailable,shortlist,Estonian Public Broadcasting,ee,et,
es.ince.md,robots_unavailable,shortlist,Economy and Sociology,md,en,
esplugues.digital,robots_unavailable,shortlist,Esplugues.digital,es,ca,
estudiosgallegos.revistas.csic.es,robots_unavailable,shortlist,Cuadernos de Estudios Gallegos,es,gl,
etela.com,robots_unavailable,shortlist,Etelä-Uusimaa,fi,fi,
ethnology.asm.md,robots_unavailable,shortlist,Revista de Etnologie și Culturologie,md,ro,
etv2.err.ee,robots_unavailable,shortlist,ETV2,ee,et,
etvpluss.err.ee,robots_unavailable,shortlist,ETV+,ee,et,
euroeconomica-danubius.ro,robots_unavailable,shortlist,EuroEconomica,ro,ro,
euroman.dk,robots_unavailable,shortlist,Euroman,dk,da,
europeanhitradio.lt,robots_unavailable,shortlist,European Hit Radio,lt,lt,
events.ir,robots_unavailable,shortlist,Events Iran,ir,fa,
eviathema.gr,robots_unavailable,shortlist,Eviathema.gr,gr,el,
evropa2.cz,robots_unavailable,shortlist,Evropa 2,cz,cs,
expo.se,robots_unavailable,shortlist,Expo,se,sv,
expres.ua,robots_unavailable,shortlist,Ekspres,ua,uk,
express.lu,robots_unavailable,shortlist,Ardenner express,lu,lb,
exronika.com,robots_unavailable,shortlist,Epistīmonika Chronika,gr,el,
extra.com.py,robots_unavailable,shortlist,Diario Extra,py,,
extrag.ie,robots_unavailable,shortlist,Q115954829,ie,ga,
fa.uni-lj.si,robots_unavailable,shortlist,"AR: Arhitektura, Raziskave",si,sl,
falkopingstidning.se,robots_unavailable,shortlist,Falköpings Tidning,se,sv,
fararu.com,robots_unavailable,shortlist,Fararu,ir,fa,
farsnews.ir,robots_unavailable,shortlist,Fars News Agency,ir,fa,
fashionjournal.co.kr,robots_unavailable,shortlist,Journal of Fashion business,kr,ko,
favorittv.ro,robots_unavailable,shortlist,Favorit TV,ro,ro,
faxenyt.dk,robots_unavailable,shortlist,Faxenyt,dk,da,
fbnc.vn,robots_unavailable,shortlist,FBNC,vn,vi,
fbs.co.jp,robots_unavailable,shortlist,Fukuoka Broadcasting Corporation,jp,ja,
feasta.ie,robots_unavailable,shortlist,Feasta,ie,ga,
femaleradio.co.id,robots_unavailable,shortlist,FeMale Radio,id,id,
fentv.bg,robots_unavailable,shortlist,Fen TV,bg,bg,
fib.se,robots_unavailable,shortlist,Folket i Bild/Kulturfront,se,sv,
fides.katolinen.fi,robots_unavailable,shortlist,Fides,fi,fi,
figyelonet.hu,robots_unavailable,shortlist,Figyelő,hu,hu,
filmihullu.fi,robots_unavailable,shortlist,Filmihullu,fi,fi,
filmmagasinet.no,robots_unavailable,shortlist,FilmMagasinet,no,no,
filmnow.ro,robots_unavailable,shortlist,Film Now,ro,ro,
filmplusz.hu,robots_unavailable,shortlist,Film+,hu,hu,
filternyheter.no,robots_unavailable,shortlist,Filter Nyheter,no,nb,
financejournal.ro,robots_unavailable,shortlist,Finanțe: Provocările viitorului,ro,ro,
finnishcanadian.com,robots_unavailable,shortlist,Kanadan Sanomat,ca,fi,
fitv.co.fk,robots_unavailable,shortlist,Falkland Islands Television,fk,,
fizickakultura.com,robots_unavailable,shortlist,Fizička Kultura,rs,sr,
flintas.lt,robots_unavailable,shortlist,Flintas,lt,lt,
fm-akita.co.jp,robots_unavailable,shortlist,FM Akita,jp,ja,
fm-kyoto.jp,robots_unavailable,shortlist,FM Kyoto,jp,ja,
fm807.jp,robots_unavailable,shortlist,FM Tokushima,jp,ja,
fmitami.jp,robots_unavailable,shortlist,FM Itami,jp,ja,
fmk.singidunum.ac.rs,robots_unavailable,shortlist,AM: Art + Media,rs,sr,
fmkoza.jp,robots_unavailable,shortlist,FM KOZA,jp,ja,
fmlibertetd.org,robots_unavailable,shortlist,Q140299769,td,,
fmnagasaki.co.jp,robots_unavailable,shortlist,FM Nagasaki,jp,ja,
fmnaha.jp,robots_unavailable,shortlist,FM Naha,jp,ja,
fmokinawa.co.jp,robots_unavailable,shortlist,FM Okinawa,jp,ja,
fn.hu,robots_unavailable,shortlist,Figyelő,hu,hu,
foenix1976.dk,robots_unavailable,shortlist,Foenix,dk,da,
folketidende.dk,robots_unavailable,shortlist,Lolland-Falsters Folketidende,dk,da,
forbes.hu,robots_unavailable,shortlist,Forbes,hu,hu,
fordulat.net,robots_unavailable,shortlist,Fordulat,hu,hu,
forskning.no,robots_unavailable,shortlist,forskning.no,no,no,
forsvaretsforum.no,robots_unavailable,shortlist,Forsvarets forum,no,no,
fourfourtwo.co.kr,robots_unavailable,shortlist,FourFourTwo,kr,ko,
fpapilots.fi,robots_unavailable,shortlist,Liikennelentäjä,fi,fi,
fpn119.co.kr,robots_unavailable,shortlist,Fire Prevention News,kr,ko,
frekvence1.cz,robots_unavailable,shortlist,Frekvence 1,cz,cs,
fronesis.nu,robots_unavailable,shortlist,Fronesis,se,sv,
fuengirola.fi,robots_unavailable,shortlist,Fuengirola.fi,es,fi,
fujitv.co.jp,robots_unavailable,shortlist,Fuji Television,jp,ja,
fukushima-tv.co.jp,robots_unavailable,shortlist,Fukushima Television Broadcasting,jp,ja,
fyens.dk,robots_unavailable,shortlist,Fyns Amts Avis,dk,da,
galago.se,robots_unavailable,shortlist,Galago,se,sv,
galiciaconfidencial.com,robots_unavailable,shortlist,Q20541350,es,gl,
galiciaconfidencial.gal,robots_unavailable,shortlist,Q20541350,es,gl,
gamereactor.dk,robots_unavailable,shortlist,Gamereactor Denmark,dk,da,
gamerzmall.co.kr,robots_unavailable,shortlist,GAMER’Z,kr,ko,
ganto.co,robots_unavailable,shortlist,Q129676451,id,id,
gaora.co.jp,robots_unavailable,shortlist,Gaora Sports,jp,ja,
gazeta-shqip.com,robots_unavailable,shortlist,Gazeta Shqip,al,sq,
gazeta55.net,robots_unavailable,shortlist,Gazeta 55,al,sq,
gazetaeao.ru,robots_unavailable,shortlist,Birobidzhaner Shtern,ru,yi,
gazetaph.ro,robots_unavailable,shortlist,Gazeta de Prahova,ro,ro,
gazetaukrainska.com,robots_unavailable,shortlist,Q12163789,it,uk,
gbm.bio.uaic.ro,robots_unavailable,shortlist,"Analele Ştiinţifice Ale Universităţii Alexandru Ioan Cuza din Iași,Sectiunea II A : Genetica si Biologie Moleculara",ro,ro,
gciencia.com,robots_unavailable,shortlist,Q61380818,es,gl,
gd.se,robots_unavailable,shortlist,Gefle Dagblad,se,sv,
genusplus.cz,robots_unavailable,shortlist,Genus Plus,cz,cs,
geodetski-vestnik.com,robots_unavailable,shortlist,Geodetski vestnik,si,sl,
geoforum.dk,robots_unavailable,shortlist,Geoforum Perspektiv,dk,da,
georeview.ro,robots_unavailable,shortlist,GEOREVIEW: Scientific Annals of Stefan cel Mare University of Suceava. Geography Series,ro,ro,
glas-javnosti.rs,robots_unavailable,shortlist,Glas javnosti,rs,sr,
glasnik.suggsbih.ba,robots_unavailable,shortlist,Geodetski Glasnik,ba,bs,
glassrpske.com,robots_unavailable,shortlist,Glas Srpske,ba,sr,
globalnewsagency.kr,robots_unavailable,shortlist,Global News Agency,kr,ko,
globalradio.in,robots_unavailable,shortlist,Global Radio 91.2 FM,in,ml,
glz.co.il,robots_unavailable,shortlist,IDF Radio,il,he,
gorka.by,robots_unavailable,shortlist,Q52766526,by,ru,
gorkhapatraonline.com,robots_unavailable,shortlist,Gorkhapatra,np,ne,
gorkiv.by,robots_unavailable,shortlist,Q111986791,by,ru,
grani.org.ua,robots_unavailable,shortlist,Granì,ua,uk,
grannar.no,robots_unavailable,shortlist,Grannar,no,no,
greenwave.ge,robots_unavailable,shortlist,Radio Green Wave,ge,ka,
groruddalen.no,robots_unavailable,shortlist,Akers Avis Groruddalen,no,nb,
gsh.al,robots_unavailable,shortlist,Gazeta Shqiptare,al,sq,
gtv.id,robots_unavailable,shortlist,GTV,id,id,
gugakfm.co.kr,robots_unavailable,shortlist,Gugak FM,kr,ko,
gut.or.kr,robots_unavailable,shortlist,Intestinal research,kr,ko,
gz.diarioliberdade.org,robots_unavailable,shortlist,Q10267573,es,gl,
gztzara.by,robots_unavailable,shortlist,Q85506138,by,ru,
hai.grid.id,robots_unavailable,shortlist,Hai,id,id,
hallabol.ca,robots_unavailable,shortlist,Halla Bol! Kids TV,ca,hi,
halozattv.hu,robots_unavailable,shortlist,Hálózat TV,hu,hu,
hamedan.irib.ir,robots_unavailable,shortlist,IRIB Hamedan,ir,fa,
hammaslaakarilehti.fi,robots_unavailable,shortlist,Finnish Dental Journal,fi,fi,
hammihanonline.ir,robots_unavailable,shortlist,Ham-Mihan,ir,fa,
hangotidningen.fi,robots_unavailable,shortlist,Hangötidningen-Hangonlehti,fi,fi,
haravgi.com.cy,robots_unavailable,shortlist,Haravgi,cy,,
harianterbit.com,robots_unavailable,shortlist,Q136566598,id,id,
hashulchan.co.il,robots_unavailable,shortlist,Q12410335,il,he,
havaalimag.com,robots_unavailable,shortlist,Havaali,ir,fa,
haygithimnadram.am,robots_unavailable,shortlist,Q114760288,am,hy,
hazmanhazeh.org.il,robots_unavailable,shortlist,Q112863779,il,he,
hbo.bg,robots_unavailable,shortlist,HBO Bulgaria,bg,bg,
hbo.hu,robots_unavailable,shortlist,HBO Hungary,hu,hu,
helahalsingland.se,robots_unavailable,shortlist,Hela Hälsingland,se,sv,
hellycherry.com,robots_unavailable,shortlist,Helly Cherry,rs,sr,
hemmets.se,robots_unavailable,shortlist,Hemmets Veckotidning,se,sv,
hemtrevligt.se,robots_unavailable,shortlist,Icakuriren,se,sv,
herognu.dk,robots_unavailable,shortlist,Her & Nu,dk,da,
herotv.fi,robots_unavailable,shortlist,Hero,fi,fi,
hetivalasz.hu,robots_unavailable,shortlist,Heti Válasz,hu,hu,
hifmradio.com,robots_unavailable,shortlist,Hi FM,om,,
high-voltage.cz,robots_unavailable,shortlist,high-voltage.cz,cz,cs,
hina.hr,robots_unavailable,shortlist,Croatian News Agency,hr,hr,
hindi.moneycontrol.com,robots_unavailable,shortlist,CNBC Awaaz,in,hi,
hiperboreeajournal.com,robots_unavailable,shortlist,Hiperboreea,ro,ro,
historiallinenaikakauskirja.fi,robots_unavailable,shortlist,Finnish Historical Review,fi,fi,
hit967.ae,robots_unavailable,shortlist,Hit 96.7,ae,ml,
hitel.elender.hu,robots_unavailable,shortlist,Hitel,hu,hu,
hitradio.com.na,robots_unavailable,shortlist,Hitradio Namibia,na,,
hittv.kz,robots_unavailable,shortlist,HitTV,kz,kk,
hjotidning.se,robots_unavailable,shortlist,Hjo tidning,se,sv,
hls.journal.fi,robots_unavailable,shortlist,Historiska och litteraturhistoriska studier,fi,sv,
hnfradio.se,robots_unavailable,shortlist,Helsingborgs närradio,se,sv,
hocipo.hu,robots_unavailable,shortlist,Hócipő,hu,hu,
hostultra.com,robots_unavailable,shortlist,Jornal O Cidadão,cv,pt,
hot.net.il,robots_unavailable,shortlist,Hot,il,he,
hotfm.audio,robots_unavailable,shortlist,Hot FM (Malaysia),my,ms,
hpi.aletaha.ac.ir,robots_unavailable,shortlist,journal of History of Islamic Philosophy,ir,fa,
hrri.erf.hr,robots_unavailable,shortlist,Hrvatska revija za rehabilitacijska Istraživanja,hr,hr,
hrvatskitelekom.hr,robots_unavailable,shortlist,Q15995288,hr,hr,
ht.se,robots_unavailable,shortlist,Hudiksvalls Tidning,se,sv,
hui.uaic.ro,robots_unavailable,shortlist,Historia Universitatis Iassiensis,ro,ro,
human.ba,robots_unavailable,shortlist,Human Research in Rehabilitation,ba,en,
humfm.com,robots_unavailable,shortlist,Hum FM,ae,hi,
hungaricana.hu,robots_unavailable,shortlist,Hungaricana,hu,hu,
hvt-journal.com,robots_unavailable,shortlist,Heart Vessels and Transplantation,kg,,
hypar.ru,robots_unavailable,shortlist,Khypar,ru,cv,
iaepan.vot.pl,robots_unavailable,shortlist,Archeologia Polski,pl,pl,
iba.org.il,robots_unavailable,shortlist,Channel 1,il,he,
ichijinsha.co.jp,robots_unavailable,shortlist,Comic Yuri Hime S,jp,ja,
ictimairadio.az,robots_unavailable,shortlist,İctimai Radio,az,az,
ictv.ua,robots_unavailable,shortlist,ICTV2,ua,uk,
idaegu.com,robots_unavailable,shortlist,Daegu Ilbo,kr,ko,
idea.grid.id,robots_unavailable,shortlist,Idea,id,id,
idehist.uu.se,robots_unavailable,shortlist,Lychnos,se,sv,
idomin.com,robots_unavailable,shortlist,Kyeongnam Domin Ilbo,kr,ko,
iepjournal.com,robots_unavailable,shortlist,International Economic Policy,ua,uk,
ies.ee,robots_unavailable,shortlist,Baltic Journal of European Studies,ee,en,
ifm.kr,robots_unavailable,shortlist,Kyung-In Broadcasting System,kr,ko,
igihe.com,robots_unavailable,shortlist,Igihe,rw,en,
ih-revista.edu.al,robots_unavailable,shortlist,Studime historike,al,sq,
iiass.com,robots_unavailable,shortlist,Innovative Issues and Approaches in Social Sciences,si,en,
ijkh.khistory.org,robots_unavailable,shortlist,International Journal of Korean History,kr,ko,
imedia.news,robots_unavailable,shortlist,Q124488378,va,,
imerisia.gr,robots_unavailable,shortlist,Q12877652,gr,el,
imim.pl,robots_unavailable,shortlist,Archives of Metallurgy and Materials,pl,pl,
in.bgu.ac.il,robots_unavailable,shortlist,Q55651689,il,he,
incheonilbo.com,robots_unavailable,shortlist,Incheon Ilbo,kr,ko,
indigotv.com.ua,robots_unavailable,shortlist,Indigo TV,ua,uk,
inews.id,robots_unavailable,shortlist,iNews,id,id,
inextlive.com,robots_unavailable,shortlist,Inext,in,hi,
inf.grid.by,robots_unavailable,shortlist,Informatika,by,ru,
inforpress.publ.cv,robots_unavailable,shortlist,Inforpress,cv,,
inter-fm.com,robots_unavailable,shortlist,Inter FM,md,,
international.markiza.sk,robots_unavailable,shortlist,Markíza International,sk,sk,
intertat.tatar,robots_unavailable,shortlist,Intertat,ru,tt,
investor.id,robots_unavailable,shortlist,BeritaSatu,id,id,
ipis.zabrze.pl,robots_unavailable,shortlist,Archives of Environmental Protection,pl,pl,
iran-newspaper.com,robots_unavailable,shortlist,Iran,ir,fa,
irib.ir,robots_unavailable,shortlist,Islamic Republic of Iran Broadcasting,ir,fa,
iribuhd.ir,robots_unavailable,shortlist,IRIB UHD,ir,fa,
irjournal.org,robots_unavailable,shortlist,Intestinal research,kr,ko,
irlv.lv,robots_unavailable,shortlist,Ir,lv,lv,
irrienlagunak.eus,robots_unavailable,shortlist,Irria,es,eu,
irs-az.com,robots_unavailable,shortlist,IRS Heritage,az,,
is.fi,robots_unavailable,shortlist,Ilta-Sanomat,fi,fi,
isabadell.cat,robots_unavailable,shortlist,iSabadell,es,ca,
ishq.com,robots_unavailable,shortlist,Ishq 104.8 FM,in,hi,
isi.mod.gov.rs,robots_unavailable,shortlist,Vojno-istoriski glasnik,rs,sr,
iskp.co.rs,robots_unavailable,shortlist,Baština,rs,sr,
israeldefense.co.il,robots_unavailable,shortlist,IsraelDefense,il,he,
israelhayom.co.il,robots_unavailable,shortlist,Ma'ariv La'noar,il,he,
istorstudio.kubg.edu.ua,robots_unavailable,shortlist,Kyiv Historical Studies,ua,uk,
istpravda.com.ua,robots_unavailable,shortlist,Istorychna Pravda,ua,uk,
ita-savo.fi,robots_unavailable,shortlist,Itä-Savo,fi,fi,
iti.mta.hu,robots_unavailable,shortlist,Irodalomtörténeti Közlemények,hu,hu,
itk.iti.mta.hu,robots_unavailable,shortlist,Irodalomtörténeti Közlemények,hu,hu,
iu-cg.org,robots_unavailable,shortlist,Igra Ustvarjalnosti,si,sl,
jaa.khazar.org,robots_unavailable,shortlist,Journal of Azerbaijan Archaeology,az,az,
jagatdarpan.weebly.com,robots_unavailable,shortlist,Jagat Darpan,in,gu,
jahr-bioethics-journal.com,robots_unavailable,shortlist,European Journal of Bioethics,hr,hr,
jaihindnewspaper.com,robots_unavailable,shortlist,Jai Hind,in,gu,
jamanak.com,robots_unavailable,shortlist,Jamanak,tr,hy,
janathavani.com,robots_unavailable,shortlist,Janathavani,in,kn,
jansatta.com,robots_unavailable,shortlist,Jansatta,in,hi,
janwani.in,robots_unavailable,shortlist,Dainik Janwani,in,hi,
jaspe.ac.me,robots_unavailable,shortlist,Journal of Anthropology of Sport and Physical Education,me,,
jayapanguspress.penerbit.org,robots_unavailable,shortlist,Ganaya Jurnal Ilmu Sosial dan Humaniora,id,id,
jazzquad.ru,robots_unavailable,shortlist,Jazz-квадрат,by,ru,
jazztelevizio.hu,robots_unavailable,shortlist,Jazz TV,hu,hu,
jbmb.or.kr,robots_unavailable,shortlist,BMB Reports,kr,ko,
jbnews.com,robots_unavailable,shortlist,Joongbu Daily,kr,ko,
jcep.iaut.ac.ir,robots_unavailable,shortlist,Ikufīziyuluzhī-i Giyāhān-i Zirā̒ī,ir,fa,
jcp.sci.am,robots_unavailable,shortlist,Q13053358,am,hy,
jef.ee,robots_unavailable,shortlist,Journal of Ethnology and Folkloristics,ee,en,
jfh.iaut.ac.ir,robots_unavailable,shortlist,Bihdāsht-i Mavādd-i Ghaz̠āyī,ir,fa,
jhsw.tums.ac.ir,robots_unavailable,shortlist,Journal of Health and Safety at Work,ir,fa,
jiinsi.com,robots_unavailable,shortlist,JIINSI,kr,ko,
jjtvn.ir,robots_unavailable,shortlist,IRIB Jame Jam,ir,fa,
jkan.or.kr,robots_unavailable,shortlist,Journal of Korean Academy of Nursing,kr,ko,
jnilbo.com,robots_unavailable,shortlist,Jeonnam Ilbo,kr,ko,
johorfm.rtm.gov.my,robots_unavailable,shortlist,Johor FM,my,ms,
joj.sk,robots_unavailable,shortlist,TV JOJ,sk,sk,
jojfamily.blesk.cz,robots_unavailable,shortlist,JOJ Family,cz,cs,
joongboo.com,robots_unavailable,shortlist,Joongbu Ilbo,kr,ko,
journal-ene.gr,robots_unavailable,shortlist,Ellīniko Periodiko tīs Nosīleutikīs Epistīmīs,gr,el,
journal.fi,robots_unavailable,shortlist,Informaatiotutkimus,fi,fi,
journal.qau.edu.ye,robots_unavailable,shortlist,Queen Arwa University journal,ye,,
journal.uinjkt.ac.id,robots_unavailable,shortlist,Buletin Al-Turas,id,id,
journalbio.eenu.edu.ua,robots_unavailable,shortlist,Lesya Ukrainka Eastern European National University Scientific Bulletin: Series: Biological Sciences,ua,uk,
journalisten.dk,robots_unavailable,shortlist,Journalisten,dk,da,
journalisti.fi,robots_unavailable,shortlist,Journalisti,fi,fi,
journals.civilizationuniv.edu.ye,robots_unavailable,shortlist,Civilization University journal,ye,,
journals.cultcenter.net,robots_unavailable,shortlist,Kultura (Skopje),mk,,
journals.squ.edu.om,robots_unavailable,shortlist,Journal of Agricultural and Marine Sciences,om,,
journals.uni-lj.si,robots_unavailable,shortlist,Acta Neophilologica,si,sl,
journals.univ-danubius.ro,robots_unavailable,shortlist,Acta Universitatis Danubius: Communicatio,ro,ro,
journals.vgtu.lt,robots_unavailable,shortlist,Journal of Business Economics and Management,lt,en,
journals.vu.lt,robots_unavailable,shortlist,Nonlinear Analysis,lt,lt,
journals.ysu.am,robots_unavailable,shortlist,Armenian Folia Anglistika,am,en,
journaltahalil.com,robots_unavailable,shortlist,Journal Tahalil,mr,,
joutsenolehti.fi,robots_unavailable,shortlist,Joutseno,fi,fi,
jrtmed.uccm.md,robots_unavailable,shortlist,"Journal of Research on Trade, Management and Economic Development",md,ro,
juara.net,robots_unavailable,shortlist,Bola (tabloid),id,id,
jugasankha.in,robots_unavailable,shortlist,Dainik Jugashankha,in,bn,
jumhuriyat.tj,robots_unavailable,shortlist,Jumhuriyat,tj,tg,
jumorfm.ee,robots_unavailable,shortlist,Q113320012,ee,et,
juridicainternational.eu,robots_unavailable,shortlist,Juridica International,ee,en,
jurisprudencija.mruni.eu,robots_unavailable,shortlist,Jurisprudence,lt,,
jury.se,robots_unavailable,shortlist,Jury : tidskrift för deckarvänner,se,sv,
just.ee,robots_unavailable,shortlist,Õiguskeel,ee,et,
jv.dk,robots_unavailable,shortlist,JydskeVestkysten,dk,da,
kadifm.com,robots_unavailable,shortlist,Q133838686,gn,,
kaleidoscopehistory.hu,robots_unavailable,shortlist,Kaleidoscope History,hu,hu,
kalimantanpost.com,robots_unavailable,shortlist,Q113653579,id,id,
kan.org.il,robots_unavailable,shortlist,Kan Reka,il,he,
kanal-1.dk,robots_unavailable,shortlist,Kanal 1,dk,da,
kanal-a.si,robots_unavailable,shortlist,Kanal A,si,sl,
kanal11.ee,robots_unavailable,shortlist,Duo 4,ee,et,
kanal12.ee,robots_unavailable,shortlist,Duo 5,ee,et,
kanal5.com.mk,robots_unavailable,shortlist,Kanal 5 plus,mk,,
kansantahto.fi,robots_unavailable,shortlist,Kansan Tahto,fi,fi,
karavaliale.net,robots_unavailable,shortlist,Karavali Ale,in,kn,
katedry.osu.cz,robots_unavailable,shortlist,Historica (Ostrava),cz,cs,
kazradio.kz,robots_unavailable,shortlist,Kazakh radio,kz,kk,
kbsworld.kbs.co.kr,robots_unavailable,shortlist,KBS Korea,kr,ko,
kcna.kp,robots_unavailable,shortlist,Korean Central News Agency,kp,ko,
kepeztv.az,robots_unavailable,shortlist,Kəpəz TV,az,az,
keralakaumudi.com,robots_unavailable,shortlist,Kerala Kaumudi,in,ml,
kerkyraikiapopsi.gr,robots_unavailable,shortlist,Kerkyraiki Apopsi,gr,el,
kesknadal.ee,robots_unavailable,shortlist,Kesknädal,ee,et,
kfb.co.jp,robots_unavailable,shortlist,Fukushima Broadcasting,jp,ja,
khabar.kz,robots_unavailable,shortlist,Khabar Agency,kz,kk,
khumuunbichig.montsame.mn,robots_unavailable,shortlist,Khumuun Bichig,mn,mn,
kig.kartografija.hr,robots_unavailable,shortlist,Kartografija i Geoinformacije,hr,hr,
kilignews.com,robots_unavailable,shortlist,Kilig News,do,es,
kinneret.ac.il,robots_unavailable,shortlist,Q86003068,il,he,
kinonova.bg,robots_unavailable,shortlist,Kino Nova,bg,bg,
kirj.ee,robots_unavailable,shortlist,Estonian Journal of Ecology,ee,en,
kirovsk.by,robots_unavailable,shortlist,Q111986872,by,ru,
kiskeufa.ru,robots_unavailable,shortlist,Kiske Ufa,ru,ba,
kjdaily.com,robots_unavailable,shortlist,Kwangju Daily,kr,ko,
kjp.or.kr,robots_unavailable,shortlist,Korean journal of pediatrics,kr,ko,
kki.gov.hu,robots_unavailable,shortlist,Külügyi Szemle,hu,hu,
kki.hu,robots_unavailable,shortlist,Külügyi Szemle,hu,hu,
kl.ee,robots_unavailable,shortlist,Looming,ee,et,
klfm.rtm.gov.my,robots_unavailable,shortlist,KL FM,my,ms,
klich.by,robots_unavailable,shortlist,Q111986702,by,ru,
klubradio.hu,robots_unavailable,shortlist,Klubrádió,hu,hu,
kmj.kucm.ac.kr,robots_unavailable,shortlist,Kosin Medical Journal,kr,ko,
knews.by,robots_unavailable,shortlist,Q111986971,by,ru,
knihovnarevue.nkp.cz,robots_unavailable,shortlist,Knihovna: knihovnická revue,cz,cs,
knn.co.kr,robots_unavailable,shortlist,Korea New Network,kr,ko,
knnews.co.kr,robots_unavailable,shortlist,Kyongnam Shinmun,kr,ko,
kohviradio.com,robots_unavailable,shortlist,Kohviradio,ee,,
koillis-savo.fi,robots_unavailable,shortlist,Koillis-Savo,fi,fi,
komchadluek.net,robots_unavailable,shortlist,Kom Chad Luek,th,th,
kookbang.dema.mil.kr,robots_unavailable,shortlist,Defence Daily,kr,ko,
koolfm.audio,robots_unavailable,shortlist,Kool FM (Malaysia),my,ms,
koran-sindo.com,robots_unavailable,shortlist,Koran Sindo,id,id,
kosinmedj.org,robots_unavailable,shortlist,Kosin Medical Journal,kr,ko,
kpwebben.se,robots_unavailable,shortlist,Kamratposten,se,sv,
krajobraz.kulturowy.us.edu.pl,robots_unavailable,shortlist,Dissertations of Cultural Landscape Commission,pl,pl,
krichevlive.by,robots_unavailable,shortlist,Q111986714,by,ru,
kriptogram.com,robots_unavailable,shortlist,Q20522824,si,,
kristalastro.com,robots_unavailable,shortlist,Kristal-Astro,bn,,
kritiikinuutiset.fi,robots_unavailable,shortlist,Kritiikin Uutiset,fi,fi,
kritikaonline.hu,robots_unavailable,shortlist,Kritika,hu,hu,
krjogja.com,robots_unavailable,shortlist,Kedaulatan Rakyat,id,id,
krugloe.by,robots_unavailable,shortlist,Q111986692,by,ru,
krymsvitlytsia.com.ua,robots_unavailable,shortlist,Crimean chamber,ua,uk,
ksilbo.co.kr,robots_unavailable,shortlist,ksilbo,kr,ko,
ksimm.or.kr,robots_unavailable,shortlist,Immune Network,kr,ko,
ktabkbih.net,robots_unavailable,shortlist,Catholic Press Agency of the Bishops' Conference of Bosnia and Herzegovina,ba,,
ktk.kz,robots_unavailable,shortlist,KTK,kz,kk,
ktv.co.id,robots_unavailable,shortlist,KTV,id,id,
kuku.ee,robots_unavailable,shortlist,Radio Kuku,ee,et,
kultura-info.by,robots_unavailable,shortlist,Q124173601,by,be,
kulugyiintezet.hu,robots_unavailable,shortlist,Külügyi Szemle,hu,hu,
kutonen.fi,robots_unavailable,shortlist,Kutonen,fi,fi,
kv.by,robots_unavailable,shortlist,Q111722519,by,ru,
kvasnyprumysl.eu,robots_unavailable,shortlist,Kvasný průmysl,cz,cs,
kwachanews.com,robots_unavailable,shortlist,Kwacha News,zm,en,
kwangju.co.kr,robots_unavailable,shortlist,Kwangju Ilbo,kr,ko,
kyrkaochfolk.se,robots_unavailable,shortlist,Kyrka och folk : månadsblad för evangelisk-luthersk tro och svenskt kyrkoliv,se,sv,
lacomarca.cat,robots_unavailable,shortlist,La Comarca d’Olot,es,ca,
laeknabladid.is,robots_unavailable,shortlist,Læknablaðið. The Islandic medical journal,is,is,
lagaceta.gob.ni,robots_unavailable,shortlist,La Gaceta,ni,es,
lahitieto.fi,robots_unavailable,shortlist,Koillis-Helsingin Lähitieto,fi,fi,
lamjol.info,robots_unavailable,shortlist,Revista Iberoamericana de Bioeconomía y Cambio Climàtico,ni,es,
lanation.bj,robots_unavailable,shortlist,La Nation,bj,fr,
lanchidradio.hu,robots_unavailable,shortlist,Lánchíd Radio,hu,hu,
land.se,robots_unavailable,shortlist,Land,se,sv,
lankapuvath.lk,robots_unavailable,shortlist,Lankapuvath,lk,si,
laprensani.com,robots_unavailable,shortlist,La Prensa,ni,es,
lasemaineafricaine.net,robots_unavailable,shortlist,La Semaine africaine,cg,fr,
latele.com.py,robots_unavailable,shortlist,La Tele (Paraguayan TV channel),py,,
latribuna.hn,robots_unavailable,shortlist,La Tribuna,hn,es,
latvijasavize.lv,robots_unavailable,shortlist,Latvijas Avīze,lv,lv,
latvijasradio.lsm.lv,robots_unavailable,shortlist,Latvijas Radio,lv,lv,
latvijasradio.lv,robots_unavailable,shortlist,Latvijas Radio,lv,lv,
lbi.ua,robots_unavailable,shortlist,LIGABusinessinform,ua,uk,
legaltimes.co.kr,robots_unavailable,shortlist,Legal Times,kr,ko,
lekovitesirovine.rs,robots_unavailable,shortlist,Lekovite Sirovine,rs,sr,
lemar.tv,robots_unavailable,shortlist,Lemar TV,af,,
lendjampost.com,robots_unavailable,shortlist,Q128639959,td,,
lentoposti.fi,robots_unavailable,shortlist,Lentoposti.fi,fi,fi,
lepel-kraj.by,robots_unavailable,shortlist,Q85596863,by,ru,
lequotidien.mr,robots_unavailable,shortlist,Q5972100,mr,fr,
lerevelateur224.com,robots_unavailable,shortlist,Le Révélateur 224,gn,fr,
lesahel.org,robots_unavailable,shortlist,Le Sahel,ne,,
leta.lv,robots_unavailable,shortlist,LETA,lv,lv,
levenementprecis.com,robots_unavailable,shortlist,L'Événement Précis,bj,fr,
lib.amu.edu.pl,robots_unavailable,shortlist,Biblioteka,pl,pl,
liberolehti.fi,robots_unavailable,shortlist,Libero,fi,fi,
libertas.sm,robots_unavailable,shortlist,Q119134436,sm,it,
libyaschannel.com,robots_unavailable,shortlist,Libya's Channel,ly,ar,
lidertv.com,robots_unavailable,shortlist,Lider TV,az,,
like-news.info,robots_unavailable,shortlist,Like news,ua,uk,
litclub.bg,robots_unavailable,shortlist,Literary Club,bg,bg,
litclub.com,robots_unavailable,shortlist,Literary Club,bg,bg,
litteraria-pragensia.ff.cuni.cz,robots_unavailable,shortlist,Litteraria Pragensia: studies in literature and culture,cz,cs,
litvestnik.com,robots_unavailable,shortlist,Q2650623,bg,bg,
liukstv.lt,robots_unavailable,shortlist,2TV,lt,lt,
livtv.fi,robots_unavailable,shortlist,Liv,fi,fi,
ljbc.tv,robots_unavailable,shortlist,Libyan Jamahiriya Broadcasting Corporation,ly,,
llti.lt,robots_unavailable,shortlist,Tautosakos Darbai,lt,lt,
lluban.by,robots_unavailable,shortlist,Q75535638,by,ru,
lnr.org.la,robots_unavailable,shortlist,Lao National Radio,la,,
loodusajakiri.ee,robots_unavailable,shortlist,Eesti Loodus,ee,et,
looming.ee,robots_unavailable,shortlist,Looming,ee,et,
lovefm.com,robots_unavailable,shortlist,LOVE FM,bz,,
loviisansanomat.net,robots_unavailable,shortlist,Loviisan Sanomat,fi,fi,
lr1.lsm.lv,robots_unavailable,shortlist,Latvijas Radio 1,lv,lv,
lsm.lv,robots_unavailable,shortlist,Lativan Public Service Media,lv,lv,
ltv.lsm.lv,robots_unavailable,shortlist,Latvijas Televīzija,lv,lv,
ltv.lv,robots_unavailable,shortlist,Latvijas Televīzija,lv,lv,
ludzaszeme.lv,robots_unavailable,shortlist,Ludzas Zeme,lv,lv,
luminaconsult.eu,robots_unavailable,shortlist,Lumina,be,ro,
luzes.gal,robots_unavailable,shortlist,Q61382035,es,gl,
lwow.home.pl,robots_unavailable,shortlist,Gazeta Lwowska,ua,pl,
lyckoslanten.se,robots_unavailable,shortlist,Lyckoslanten,se,sv,
lzinios.lt,robots_unavailable,shortlist,Lietuvos žinios,lt,lt,
m4sport.hu,robots_unavailable,shortlist,MTV4 Sport,hu,hu,
maajournal.com,robots_unavailable,shortlist,Mediterranean Archaeology and Archaeometry,gr,el,
madanizhomga.ru,robots_unavailable,shortlist,Q20587457,ru,tt,
magarif-uku.ru,robots_unavailable,shortlist,Q20587452,ru,tt,
magasineteuropa.dk,robots_unavailable,shortlist,Magasinet Europa,dk,da,
maiak.by,robots_unavailable,shortlist,Q104889640,by,ru,
majalahkartini.co.id,robots_unavailable,shortlist,Q12489702,id,id,
makan.org.il,robots_unavailable,shortlist,Makan 33,il,he,
makorrishon.co.il,robots_unavailable,shortlist,Makor Rishon,il,he,
malivision.com,robots_unavailable,shortlist,Malivision,ml,,
malyatko-tv.com.ua,robots_unavailable,shortlist,Malyatko TV,ua,uk,
mancs.hu,robots_unavailable,shortlist,Magyar Narancs,hu,hu,
marfanta.com,robots_unavailable,shortlist,Q125517482,es,ca,
mariaradio.hu,robots_unavailable,shortlist,Mária Rádió Magyarország,hu,hu,
markiza.sk,robots_unavailable,shortlist,Q657178,sk,sk,
masa.co.il,robots_unavailable,shortlist,Another Journey,il,he,
mashiv.org.il,robots_unavailable,shortlist,Mashiv HaRuach,il,he,
maskinbladet.dk,robots_unavailable,shortlist,Maskinbladet,dk,da,
mastlit.by,robots_unavailable,shortlist,Q3656361,by,be,
math.md,robots_unavailable,shortlist,Computer Science Journal of Moldova,md,en,
math.seua.am,robots_unavailable,shortlist,Q13053919,am,hy,
math.uvt.ro,robots_unavailable,shortlist,Annals of the West University of Timisoara: Mathematics and Computer Science,pl,ro,
matinlibre.com,robots_unavailable,shortlist,Matin Libre,bj,fr,
mattimar.ee,robots_unavailable,shortlist,Eesti Majanduspoliitilised Väitlused,ee,et,
medcon.ro,robots_unavailable,shortlist,ARS Medica Tomitana,ro,ro,
media.catholic.by,robots_unavailable,shortlist,Q6520849,by,be,
mediaguinee.org,robots_unavailable,shortlist,Mediaguinee,gn,fr,
mediaguru.cz,robots_unavailable,shortlist,Mediaguru,cz,cs,
mediaklikk.hu,robots_unavailable,shortlist,Dankó Rádió,hu,hu,
megatv.com.cy,robots_unavailable,shortlist,Logos Radio,cy,,
mei.aiou.edu.pk,robots_unavailable,shortlist,MA' ARIF-I-ISLAMI,pk,ur,
mekomit.co.il,robots_unavailable,shortlist,Local Call,il,he,
melakafm.rtm.gov.my,robots_unavailable,shortlist,Malacca FM,my,ms,
mentanarrit.fo,robots_unavailable,shortlist,Q2511003,fo,fo,
merce.hu,robots_unavailable,shortlist,Mérce,hu,hu,
mesogios.gr,robots_unavailable,shortlist,Q12880902,gr,el,
mf.uni-lj.si,robots_unavailable,shortlist,Isis,si,sl,
mglradio.com,robots_unavailable,shortlist,MGLRADIO 88.3,mn,,
milliy.tv,robots_unavailable,shortlist,Milliy TV,uz,,
mitrania.se,robots_unavailable,shortlist,Mitrania,se,sv,
mjssm.me,robots_unavailable,shortlist,Montenegrin Journal of Sports Science and Medicine,me,,
mladinska-knjiga.si,robots_unavailable,shortlist,Q12786983,si,sl,
mlyn.by,robots_unavailable,shortlist,Minskaya Prawda,by,ru,
mmj.mw,robots_unavailable,shortlist,Malawi Medical Journal,mw,en,
mojaslovenija.net,robots_unavailable,shortlist,Moja Slovenija,si,sl,
moldmedjournal.md,robots_unavailable,shortlist,The Moldovan Medical Journal,md,en,
moles.ee,robots_unavailable,shortlist,Molodjož Estonii,ee,ru,
mongoliajol.info,robots_unavailable,shortlist,Mongolian Journal of Chemistry,mn,en,
monumental.com.py,robots_unavailable,shortlist,Radio Monumental 1080 AM,py,,
moviezine.se,robots_unavailable,shortlist,MovieZine,se,sv,
mrb.ave-maria.by,robots_unavailable,shortlist,Q140354325,by,be,
mrt.com.mk,robots_unavailable,shortlist,Q14747908,mk,,
msn.kg,robots_unavailable,shortlist,Q63981498,kg,ru,
mti.hu,robots_unavailable,shortlist,Magyar Távirati Iroda,hu,hu,
mts.rs,robots_unavailable,shortlist,Open IPTV,rs,sr,
mtv.hu,robots_unavailable,shortlist,Magyar Televízió,hu,hu,
mtv.se,robots_unavailable,shortlist,MTV Sweden,se,sv,
mtva.hu,robots_unavailable,shortlist,Media Service Support and Asset Management Fund,hu,hu,
muallim.edu.az,robots_unavailable,shortlist,"""Azerbaijan muallimi"" newspaper",az,az,
muhu.ee,robots_unavailable,shortlist,Muhulane,ee,et,
musashino-fm.co.jp,robots_unavailable,shortlist,FM Musashino,jp,ja,
museucienciesjournals.cat,robots_unavailable,shortlist,Arxius de Miscel·lània Zoològica,es,ca,
mutiarafm.rtm.gov.my,robots_unavailable,shortlist,Mutiara FM,my,ms,
myawady.net.mm,robots_unavailable,shortlist,Myawady Daily,mm,my,
n-asveta.by,robots_unavailable,shortlist,Q13031747,by,be,
nababartaprasanga.com,robots_unavailable,shortlist,Dainik Nababarta Prasanga,in,bn,
nampa.org,robots_unavailable,shortlist,Namibia Press Agency,na,,
nanban.com.my,robots_unavailable,shortlist,Malaysia Nanban,my,ta,
nanduti.com.py,robots_unavailable,shortlist,Radio Ñandutí,py,,
nasepravda.cz,robots_unavailable,shortlist,Naše pravda,cz,cs,
nastgaz.by,robots_unavailable,shortlist,Nastaŭnickaja hazieta,by,be,
natal.by,robots_unavailable,shortlist,Q85621160,by,be,
nauka.bg,robots_unavailable,shortlist,Bʺlgarska nauka,bg,bg,
nayapatrikadaily.com,robots_unavailable,shortlist,Naya Patrika,np,ne,
nayka.com.ua,robots_unavailable,shortlist,Investytsiyi praktyka ta dosvid,ua,uk,
nedjelja.ba,robots_unavailable,shortlist,Katolički tjednik,ba,hr,
negerifm.rtm.gov.my,robots_unavailable,shortlist,Negeri FM,my,ms,
neovlivni.cz,robots_unavailable,shortlist,Neovlivní.cz,cz,cs,
nerit.gr,robots_unavailable,shortlist,"New Hellenic Radio, Internet and Television",gr,el,
netavisen-sjaelland.dk,robots_unavailable,shortlist,Q12328549,dk,da,
netroliferadio.cz,robots_unavailable,shortlist,Netro Life Radio,cz,cs,
nettv.com.mt,robots_unavailable,shortlist,NET,mt,,
neurologia.com.pl,robots_unavailable,shortlist,Aktualnosci Neurologiczne,pl,pl,
news.by,robots_unavailable,shortlist,National State Television and Radio Company of the Republic of Belarus,by,ru,
news.mn,robots_unavailable,shortlist,News.mn,mn,mn,
nexttv.co.il,robots_unavailable,shortlist,NEXT TV,il,he,
nippur.irb.hr,robots_unavailable,shortlist,Kemija u industriji,hr,hr,
nitsosot.co.il,robots_unavailable,shortlist,Nitsosot,il,he,
nordjyske.dk,robots_unavailable,shortlist,Nordjyske Stiftstidende,dk,da,
note.bs-tbs.co.jp,robots_unavailable,shortlist,BS-TBS,jp,ja,
novaya.by,robots_unavailable,shortlist,Q85621540,by,ru,
noviglas.eu,robots_unavailable,shortlist,Novi glas,it,sl,
novine.novilist.hr,robots_unavailable,shortlist,Novi list,hr,hr,
nrg.co.il,robots_unavailable,shortlist,nrg,il,he,
nsku.org.ua,robots_unavailable,shortlist,Krajeznavstvo,ua,uk,
nt-rc.si,robots_unavailable,shortlist,Novi Tednik,si,sl,
ntv.mn,robots_unavailable,shortlist,NTV,mn,mn,
ntv.org.np,robots_unavailable,shortlist,NTV Plus,np,ne,
observer.org.sz,robots_unavailable,shortlist,Swazi Observer,sz,,
ofoghtv.ir,robots_unavailable,shortlist,IRIB Ofogh,ir,fa,
ogled.org,robots_unavailable,shortlist,[O]gled magazine,hr,hr,
ojs.elte.hu,robots_unavailable,shortlist,"Könyv, Könyvtár, Könyvtáros",hu,hu,
ojs.mruni.eu,robots_unavailable,shortlist,Health Policy and Management,lt,lt,
ojs.statsbiblioteket.dk,robots_unavailable,shortlist,Passage,be,da,
ojs.tripaledu.com,robots_unavailable,shortlist,Journal of Economics and Financial Analysis,tm,en,
ojs.tsv.fi,robots_unavailable,shortlist,Agricultural and Food Science,fi,fi,
ojs.zrs-kp.si,robots_unavailable,shortlist,Annales Kinesiologiae,si,sl,
okanal.oslobodjenje.ba,robots_unavailable,shortlist,O Kanal,ba,,
oktv.cz,robots_unavailable,shortlist,OK TV,cz,cs,
omadaalithias.gr,robots_unavailable,shortlist,Q134363319,gr,el,
omamedia.ru,robots_unavailable,shortlist,Kipinä,ru,fi,
omaninfo.om,robots_unavailable,shortlist,Oman TV,om,,
omannews.gov.om,robots_unavailable,shortlist,Oman News Agency,om,,
omidtv.ir,robots_unavailable,shortlist,IRIB Omid,ir,fa,
omjournal.org,robots_unavailable,shortlist,Oman Medical Journal,om,en,
oncenoticias.hn,robots_unavailable,shortlist,Q61883227,hn,,
one.com.mt,robots_unavailable,shortlist,One Radio,mt,,
oneman.gr,robots_unavailable,shortlist,OneMan,gr,el,
online.le.ee,robots_unavailable,shortlist,Lääne Elu,ee,et,
onlinekhabar.com,robots_unavailable,shortlist,Onlinekhabar,np,ne,
ont.by,robots_unavailable,shortlist,Obshchenatsional'noe Televidenie,by,ru,
openveterinaryjournal.com,robots_unavailable,shortlist,Open veterinary journal,ly,en,
opstamedicina.org,robots_unavailable,shortlist,Opšta Medicina,rs,sr,
oranews.tv,robots_unavailable,shortlist,RTV Ora News,al,,
orangetv.co.id,robots_unavailable,shortlist,OrangeTV,id,id,
organizacija.fov.uni-mb.si,robots_unavailable,shortlist,Organizacija,si,sl,
orgull.barcelona,robots_unavailable,shortlist,Q124704906,es,ca,
orshanka.by,robots_unavailable,shortlist,Q85398871,by,ru,
ortn.ne,robots_unavailable,shortlist,Office of Radio and Television of Niger,ne,,
osh.by,robots_unavailable,shortlist,Q101064541,by,ru,
oslobodjenje.ba,robots_unavailable,shortlist,Oslobođenje,ba,bs,
outlookafghanistan.net,robots_unavailable,shortlist,The Daily Outlook Afghanistan,af,,
p-shkola.by,robots_unavailable,shortlist,Q109174118,by,ru,
pahangfm.rtm.gov.my,robots_unavailable,shortlist,Pahang FM,my,ms,
panduanproperti.id,robots_unavailable,shortlist,Panduanproperti.id,id,id,
panjimasyarakat.com,robots_unavailable,shortlist,Q109433603,id,id,
parasitol.kr,robots_unavailable,shortlist,Korean Journal of Parasitology,kr,ko,
parlament.mt,robots_unavailable,shortlist,Parliament TV,mt,,
pashtotv.tv,robots_unavailable,shortlist,Pashto TV,af,,
pemudafm.com,robots_unavailable,shortlist,Q126000615,id,id,
petofilive.hu,robots_unavailable,shortlist,M2 Petőfi TV,hu,hu,
pf.uns.ac.rs,robots_unavailable,shortlist,Zbornik Radova: Pravni Fakultet u Novom Sadu,rs,sr,
pieci.lv,robots_unavailable,shortlist,Latvijas Radio 5,lv,lv,
pikaramagazine.com,robots_unavailable,shortlist,Pikara Magazine,es,eu,
pil.si,robots_unavailable,shortlist,Q12798812,si,sl,
piopio.dk,robots_unavailable,shortlist,Netavisen Pio,dk,da,
pjir.bzu.edu.pk,robots_unavailable,shortlist,Pakistan Journal of Islamic Research,pk,ur,
pniva.by,robots_unavailable,shortlist,Prydnyaprowskaya niva,by,ru,
polese.by,robots_unavailable,shortlist,Q111983046,by,ru,
pooyatv.ir,robots_unavailable,shortlist,IRIB Pooya & Nahal,ir,fa,
portaal.nlib.ee,robots_unavailable,shortlist,Sign Systems Studies,ee,en,
portaveu.cat,robots_unavailable,shortlist,Q11942463,es,ca,
posmetro.co,robots_unavailable,shortlist,Pos Metro Batam,id,id,
postawy.by,robots_unavailable,shortlist,Q85663754,by,ru,
power.tv3.ee,robots_unavailable,shortlist,Power Hit Radio,ee,et,
powerfm.bg,robots_unavailable,shortlist,Power FM,bg,bg,
ppa.sagepub.com,robots_unavailable,shortlist,Public Policy and Administration,lt,en,
praisefmsvg.com,robots_unavailable,shortlist,Praise FM,vc,,
praleska-red.by,robots_unavailable,shortlist,Q18690085,by,ru,
pramen-news.by,robots_unavailable,shortlist,Q100301853,by,ru,
pravybreh.cz,robots_unavailable,shortlist,Pravý Břeh,cz,cs,
praza.gal,robots_unavailable,shortlist,praza.gal,es,gl,
presek.si,robots_unavailable,shortlist,Presek,si,sl,
press.polytechnic.am,robots_unavailable,shortlist,Q47492335,am,hy,
pressonline.rs,robots_unavailable,shortlist,Press,rs,sr,
principal.cat,robots_unavailable,shortlist,Principal.cat,es,ca,
print.kompas.com,robots_unavailable,shortlist,Kompas,id,id,
pro-plus.si,robots_unavailable,shortlist,POP TV,si,sl,
pro.tsv.fi,robots_unavailable,shortlist,Finnish Historical Review,fi,fi,
proceedings.univ-danubius.ro,robots_unavailable,shortlist,EIRP Proceedings,ro,ro,
progoldtv.ro,robots_unavailable,shortlist,Acasă Gold,ro,ro,
protidinerbangladesh.com,robots_unavailable,shortlist,Protidiner Bangladesh,bd,bn,
psiholoska-obzorja.si,robots_unavailable,shortlist,Psihološka Obzorja,si,sl,
psych-ped.annales.umcs.pl,robots_unavailable,shortlist,Annales Universitatis Mariae Curie-Skłodowska sectio J – Paedagogia-Psychologia,pl,pl,
publicacions.academia.gal,robots_unavailable,shortlist,Q103904457,es,gl,
publicacionsperiodicas.academia.gal,robots_unavailable,shortlist,Q103904457,es,gl,
puri.ee,robots_unavailable,shortlist,Purjetaja,ee,et,
pyongyangtimes.com.kp,robots_unavailable,shortlist,The Pyongyang Times,kp,en,
qafqazinfo.az,robots_unavailable,shortlist,Qafqazinfo,az,ru,
quni.edu.ye,robots_unavailable,shortlist,Q133514431,ye,en,
qurantv.ir,robots_unavailable,shortlist,IRIB Quran,ir,fa,
r2.err.ee,robots_unavailable,shortlist,Raadio 2,ee,et,
r4.err.ee,robots_unavailable,shortlist,Raadio 4,ee,ru,
raadio7.ee,robots_unavailable,shortlist,Raadio 7,ee,et,
rab.co.jp,robots_unavailable,shortlist,Aomori Broadcasting Corporation,jp,ja,
racunalniske-novice.com,robots_unavailable,shortlist,Računalniške novice,si,sl,
radio-koege.dk,robots_unavailable,shortlist,Q12332739,dk,da,
radio-monaco.com,robots_unavailable,shortlist,Radio Monaco,mc,,
radio-varazdin.hr,robots_unavailable,shortlist,Radio Varaždin,hr,hr,
radio.hu,robots_unavailable,shortlist,Magyar Rádió,hu,hu,
radio.li,robots_unavailable,shortlist,Radio Liechtenstein,li,,
radio10.sr,robots_unavailable,shortlist,Radio 10,sr,,
radio101.com.mt,robots_unavailable,shortlist,Radio 101,mt,,
radiobalafon.net,robots_unavailable,shortlist,Balafon Radio,cm,,
radioklasik.rtm.gov.my,robots_unavailable,shortlist,Klasik Nasional FM,my,ms,
radiokultura.by,robots_unavailable,shortlist,Channel «Culture» of Belarusian Radio,by,ru,
radiolome.tg,robots_unavailable,shortlist,Q140444821,tg,,
radiomaria.cg,robots_unavailable,shortlist,Radio Maria Congo,cg,,
radiomaria.sk,robots_unavailable,shortlist,Q125776923,sk,sk,
radiomariakibeho.rw,robots_unavailable,shortlist,Radio Maria Rwanda,rw,,
radiomerge.fm,robots_unavailable,shortlist,Merge 104.8,om,,
radiondekeluka.org,robots_unavailable,shortlist,Radio Ndeke Luka,cf,,
radionepal.gov.np,robots_unavailable,shortlist,Radio Nepal,np,ne,
radionovanews.bg,robots_unavailable,shortlist,Radio NOVA NEWS,bg,bg,
radioorania.co.za,robots_unavailable,shortlist,Radio Orania,za,af,
radiopayam.ir,robots_unavailable,shortlist,IRIB Radio Payam,ir,fa,
radioplus.defimedia.info,robots_unavailable,shortlist,Radio Plus,mu,fr,
radioproto.com.cy,robots_unavailable,shortlist,Radio Proto,cy,,
radiorampur.org.np,robots_unavailable,shortlist,Radio Rampur,np,ne,
radioruraledekayes.net,robots_unavailable,shortlist,Kayes Rural Radio,ml,,
radiosubotica.co.rs,robots_unavailable,shortlist,Radio Subotica,rs,sr,
radioterhathum.com.np,robots_unavailable,shortlist,Radio Tehrathum,np,ne,
radiovalira.ad,robots_unavailable,shortlist,Ràdio Valira,ad,,
rba.co.rw,robots_unavailable,shortlist,Rwanda Broadcasting Agency,rw,,
rc.lt,robots_unavailable,shortlist,Radiocentras,lt,lt,
rei.pef.um.si,robots_unavailable,shortlist,Revija za Elementarno Izobraževanje,si,sl,
relaxfm.lt,robots_unavailable,shortlist,Q113623682,lt,lt,
reporter.si,robots_unavailable,shortlist,Q139885815,si,sl,
resiliencemaldives.org,robots_unavailable,shortlist,International Journal of Climate Resilience & Governance (Enviro),mv,en,
retp.eu,robots_unavailable,shortlist,Köz-gazdaság,hu,hu,
revije.ff.uni-lj.si,robots_unavailable,shortlist,Q19934243,si,sl,
revistainviable.gal,robots_unavailable,shortlist,Q130254920,es,gl,
revistas.intec.edu.do,robots_unavailable,shortlist,Ciencia Y Sociedad,do,es,
revistas.upr.edu,robots_unavailable,shortlist,Fórum Empresarial,pr,en,
revistes.uab.cat,robots_unavailable,shortlist,Faventia (Online Edition): revista de filologia classica,es,ca,
ribonut.co.il,robots_unavailable,shortlist,Q55649489,il,he,
rilindjademokratike.com,robots_unavailable,shortlist,Rilindja Demokratike,al,sq,
rizospastis.gr,robots_unavailable,shortlist,Rizospastis,gr,el,
rml.lv,robots_unavailable,shortlist,Q124884267,lv,lv,
rodniva.by,robots_unavailable,shortlist,Q111986684,by,ru,
rodong.rep.kp,robots_unavailable,shortlist,Rodong Sinmun,kp,ko,
rsp.hr,robots_unavailable,shortlist,Revija za socijalnu politiku,hr,hr,
rss.com.np,robots_unavailable,shortlist,Rastriya Samachar Samiti,np,ne,
rtb.gov.bn,robots_unavailable,shortlist,Radio Televisyen Brunei,bn,ms,
rtgguinee.info,robots_unavailable,shortlist,Radio télévision guinéenne,gn,,
rtlklub.hu,robots_unavailable,shortlist,Cool TV,hu,hu,
rtr.md,robots_unavailable,shortlist,RTR Moldova,md,,
rtv.co.id,robots_unavailable,shortlist,Rajawali Televisi,id,id,
rtvin.com,robots_unavailable,shortlist,TV In,me,,
rv.lv,robots_unavailable,shortlist,Rēzeknes Vēstis,lv,lv,
saaic.feaa.uaic.ro,robots_unavailable,shortlist,"Analele Ştiinţifice ale Universităţii ""Al.I. Cuza"" din Iaşi: Ştiinţe Economice",pl,ro,
saba.ye,robots_unavailable,shortlist,Saba News Agency,ye,ar,
sakigake.jp,robots_unavailable,shortlist,Akita Sakigake Shimpō,jp,ja,
salamattv.ir,robots_unavailable,shortlist,IRIB Salamat,ir,fa,
sanamed.rs,robots_unavailable,shortlist,Sanamed,rs,sr,
sap.waw.pl,robots_unavailable,shortlist,Archiwista Polski,pl,pl,
sarie.com,robots_unavailable,shortlist,Sarie,za,af,
sat.bntu.by,robots_unavailable,shortlist,Nauka i Tehnika,by,ru,
sat7.org,robots_unavailable,shortlist,Sat 7 Arabic,cy,,
sat7kids.com,robots_unavailable,shortlist,Sat 7 Kids,cy,,
satori.lv,robots_unavailable,shortlist,Q21772604,lv,lv,
sbp.bg,robots_unavailable,shortlist,Q106498127,bg,bg,
science.uard.bg,robots_unavailable,shortlist,Novo Znanie,bg,bg,
sd.usd.cas.cz,robots_unavailable,shortlist,Contemporary History,cz,cs,
selangorfm.rtm.gov.my,robots_unavailable,shortlist,Selangor FM,my,ms,
senno.by,robots_unavailable,shortlist,Q83615977,by,ru,
shalkarfm.kz,robots_unavailable,shortlist,Shalkar,kz,kk,
shklovinfo.by,robots_unavailable,shortlist,Q118291380,by,ru,
shoghakat.am,robots_unavailable,shortlist,Shoghakat TV,am,hy,
shumilino.by,robots_unavailable,shortlist,Q88866593,by,ru,
sirasatv.lk,robots_unavailable,shortlist,Sirasa TV,lk,si,
sita.sk,robots_unavailable,shortlist,Slovak News Agency,sk,sk,
skat.bg,robots_unavailable,shortlist,SKAT,bg,bg,
skaties.lv,robots_unavailable,shortlist,Latvijas Neatkarīgā Televīzija,lv,lv,
sky-radio.fm,robots_unavailable,shortlist,SKY Radio,ee,,
skyplus.fm,robots_unavailable,shortlist,Sky Plus,ee,,
slavgorod.by,robots_unavailable,shortlist,Q111986895,by,ru,
slavistika.sk,robots_unavailable,shortlist,Slavica Slovaca,sk,sk,
sledujfilmbox.cz,robots_unavailable,shortlist,FilmBox+ One,cz,cs,
slobodenpecat.mk,robots_unavailable,shortlist,Sloboden Pechat,mk,mk,
slovenci.rs,robots_unavailable,shortlist,Slovenika,rs,sr,
smichov.nova.cz,robots_unavailable,shortlist,Nova Fun,cz,cs,
sosialurin.fo,robots_unavailable,shortlist,Sosialurin,fo,fo,
spe.ut.ee,robots_unavailable,shortlist,Studia Philosophica Estonica,ee,en,
spogmairadio.com,robots_unavailable,shortlist,Spogmai FM,af,,
sport.novatv.bg,robots_unavailable,shortlist,Nova Sport,bg,bg,
sportaavize.lv,robots_unavailable,shortlist,Sporta Avīze,lv,lv,
sportpanorama.by,robots_unavailable,shortlist,Q4438122,by,ru,
spoudai.unipi.gr,robots_unavailable,shortlist,SPOUDAI - Journal of Economics and Business,gr,el,
sproc.org,robots_unavailable,shortlist,World Journal on Educational Technology,cy,,
sss-radio.ee,robots_unavailable,shortlist,Q113319212,ee,et,
sss.ut.ee,robots_unavailable,shortlist,Sign Systems Studies,ee,en,
star.gr,robots_unavailable,shortlist,Star Channel,gr,el,
starfm.tv3.ee,robots_unavailable,shortlist,Star FM,ee,et,
stjornmalogstjornsysla.is,robots_unavailable,shortlist,Stjórnmál og Stjórnsýsla,is,is,
stt.fi,robots_unavailable,shortlist,Finnish News Agency STT,fi,fi,
suldtv.mn,robots_unavailable,shortlist,Suld TV,mn,mn,
sun.com.na,robots_unavailable,shortlist,Namibian Sun,na,,
supertoons.bg,robots_unavailable,shortlist,SuperToons,bg,bg,
surabaya.inews.id,robots_unavailable,shortlist,iNews Surabaya,id,id,
suria.my,robots_unavailable,shortlist,Suria,my,ms,
syngenta.es,robots_unavailable,shortlist,Q31281370,es,gl,
syri.net,robots_unavailable,shortlist,Syri Television,al,,
taiz.edu.ye,robots_unavailable,shortlist,Q139935270,ye,,
taltv.rtn.ne,robots_unavailable,shortlist,Tal TV,ne,,
tamashatv.ir,robots_unavailable,shortlist,IRIB Tamasha,ir,fa,
tamilmurasu.com.sg,robots_unavailable,shortlist,Tamil Murasu,sg,ta,
tanjug.rs,robots_unavailable,shortlist,Tanjug,rs,sr,
tartip.tatar,robots_unavailable,shortlist,Tartip Radio,ru,tt,
tatobaynews.com,robots_unavailable,shortlist,Tatobay,af,ps,
tau.lt,robots_unavailable,shortlist,Q12674682,lt,lt,
tckh.dlu.edu.vn,robots_unavailable,shortlist,Dalat University Journal of Science,vn,vi,
tdm.com.mo,robots_unavailable,shortlist,Canal Macau,mo,,
telefuturo.com.py,robots_unavailable,shortlist,Telefuturo,py,,
telesahel.rtn.ne,robots_unavailable,shortlist,Q3546560,ne,,
telma.com.mk,robots_unavailable,shortlist,TV Telma,mk,,
temposdixital.gal,robots_unavailable,shortlist,Q12401016,es,gl,
thansettakij.com,robots_unavailable,shortlist,Thansettakij,th,th,
theubposts.com,robots_unavailable,shortlist,The UB Post,mn,en,
tidsskriftet-epsilon.dk,robots_unavailable,shortlist,Epsilon,dk,da,
tidsskriftetkulturstudier.dk,robots_unavailable,shortlist,Kulturstudier,dk,da,
tigosports.com.py,robots_unavailable,shortlist,Tigo Sports,py,,
timeout.co.il,robots_unavailable,shortlist,Q6884298,il,he,
tims.edu.rs,robots_unavailable,shortlist,TIMS: Acta,rs,sr,
tn.nova.cz,robots_unavailable,shortlist,Nova Sport,cz,cs,
tododeportestv.com,robots_unavailable,shortlist,Todo Deportes TV,hn,,
tolo.tv,robots_unavailable,shortlist,Tolo TV,af,,
top-channel.tv,robots_unavailable,shortlist,Top Channel,al,,
topalbaniaradio.com,robots_unavailable,shortlist,Top Albania Radio,al,sq,
trappetusind.dk,robots_unavailable,shortlist,Q108541648,dk,da,
tribunapracy.by,robots_unavailable,shortlist,Q6541380,by,ru,
trud.bg,robots_unavailable,shortlist,Trud,bg,bg,
tuairisc.ie,robots_unavailable,shortlist,Tuairisc.ie,ie,ga,
turkologiya.org,robots_unavailable,shortlist,Q4467669,az,en,
turystykakulturowa.org,robots_unavailable,shortlist,Cultural Tourism,pl,pl,
tv1.bg,robots_unavailable,shortlist,TV1,bg,bg,
tv1.ir,robots_unavailable,shortlist,IRIB TV1,ir,fa,
tv1.lt,robots_unavailable,shortlist,TV1,lt,lt,
tv2.ir,robots_unavailable,shortlist,IRIB TV2,ir,fa,
tv3.ir,robots_unavailable,shortlist,IRIB TV3,ir,fa,
tv3.lv,robots_unavailable,shortlist,3+,ee,lv,
tv3group.eu,robots_unavailable,shortlist,TV3 Group,lt,,
tv4.ir,robots_unavailable,shortlist,IRIB TV4,ir,fa,
tv5.co.th,robots_unavailable,shortlist,Thai Global Network,th,th,
tv5.ir,robots_unavailable,shortlist,IRIB TV5,ir,fa,
tv5.mn,robots_unavailable,shortlist,TV5,mn,mn,
tv6.live,robots_unavailable,shortlist,TV6,md,,
tv6.lv,robots_unavailable,shortlist,TV6,lv,lv,
tv6.tv3.lt,robots_unavailable,shortlist,TV6,lt,lt,
tv7.ir,robots_unavailable,shortlist,IRIB Amoozesh,ir,fa,
tvgalerie24.cz,robots_unavailable,shortlist,Galerie,cz,cs,
tvklan.al,robots_unavailable,shortlist,TV Klan,al,,
tvm.co.mz,robots_unavailable,shortlist,Televisão de Moçambique,mz,,
tvm.com.mt,robots_unavailable,shortlist,TVM,mt,,
tvmax-9.com,robots_unavailable,shortlist,TVMax,pa,,
tvmistral.sk,robots_unavailable,shortlist,Q46228224,sk,sk,
tvnasim.ir,robots_unavailable,shortlist,IRIB Nasim,ir,fa,
tvpink.si,robots_unavailable,shortlist,Pink SI,si,sl,
tvplus.mk,robots_unavailable,shortlist,TV Plus,mk,,
tvr.by,robots_unavailable,shortlist,Belarus 1,by,ru,
twellv.co.jp,robots_unavailable,shortlist,BS12 TwellV,jp,ja,
tydenikeuro.cz,robots_unavailable,shortlist,Euro,cz,cs,
tyk.ee,robots_unavailable,shortlist,Interlitteraria,ee,en,
uaiasi.ro,robots_unavailable,shortlist,Cercetari Agronomice in Moldova,pl,ro,
uard.bg,robots_unavailable,shortlist,Novo Znanie,bg,bg,
uifs1.zrc-sazu.si,robots_unavailable,shortlist,Acta Historiae Artis Slovenica,si,en,
uj.apertura.hu,robots_unavailable,shortlist,Apertura,hu,hu,
umaleht.ee,robots_unavailable,shortlist,Uma Leht,ee,et,
una.py,robots_unavailable,shortlist,Memorias del Instituto de Investigaciones en Ciencias de la Salud,py,es,
univ-ovidius.ro,robots_unavailable,shortlist,"Analele Universității ""Ovidius"" Constanța: Seria Chimie",pl,ro,
upet.ro,robots_unavailable,shortlist,Annals of the University of Petrosani: Economics,ro,ro,
upjs.sk,robots_unavailable,shortlist,Univerzál,sk,sk,
uprb.edu,robots_unavailable,shortlist,Milenio: Revista de Artes y Ciencias,pr,es,
uriminzokkiri.com,robots_unavailable,shortlist,Uriminzokkiri,kp,,
uriola.eus,robots_unavailable,shortlist,Prest!,es,eu,
urmia.irib.ir,robots_unavailable,shortlist,Azerbaijan TV,ir,fa,
usd.cas.cz,robots_unavailable,shortlist,Contemporary History,cz,cs,
uskolavrsac.in.rs,robots_unavailable,shortlist,Istraživanja u Pedagogiji,rs,sr,
ut.ee,robots_unavailable,shortlist,Sign Systems Studies,ee,en,
utmsjoe.mk,robots_unavailable,shortlist,UTMS Journal of Economics,mk,en,
valasz.hu,robots_unavailable,shortlist,Heti Válasz,hu,hu,
vapaasana.com,robots_unavailable,shortlist,Vapaa Sana,ca,fi,
varzeshtv.ir,robots_unavailable,shortlist,IRIB Varzesh,ir,fa,
vatantat.ru,robots_unavailable,shortlist,Vatanym Tatarstan,ru,tt,
vaticannews.va,robots_unavailable,shortlist,Vatican Media,va,,
vayar.mil.by,robots_unavailable,shortlist,Q120031064,by,ru,
vestnik.tgpu.tj,robots_unavailable,shortlist,Bulletin of the Pedagogical University,tj,tg,
vibulkij.com,robots_unavailable,shortlist,KC.Trio,th,th,
vihrealanka.fi,robots_unavailable,shortlist,Green Thread,fi,fi,
vikerraadio.err.ee,robots_unavailable,shortlist,Vikerraadio,ee,et,
visiondoble.net,robots_unavailable,shortlist,Visión Doble: revista de Crítica e Historia del Arte,pr,es,
vitterhetsakademien.se,robots_unavailable,shortlist,Fornvännen,se,sv,
vizkultura.hr,robots_unavailable,shortlist,Vizkultura,hr,hr,
vocero.com,robots_unavailable,shortlist,El Vocero,pr,es,
vof.se,robots_unavailable,shortlist,Folkvett : organ för Vetenskap och folkbildning,se,sv,
volksblatt.li,robots_unavailable,shortlist,Liechtensteiner Volksblatt,li,de,
vom.mn,robots_unavailable,shortlist,Voice of Mongolia,mn,mn,
vpbm.com.ua,robots_unavailable,shortlist,Bulletin of Problems Biology and Medicine,ua,uk,
vrgames.by,robots_unavailable,shortlist,Q140388015,by,ru,
vsfs.cz,robots_unavailable,shortlist,ACTA VŠFS,cz,cs,
w390w.gipuzkoa.net,robots_unavailable,shortlist,Argia,es,eu,
web.squ.edu.om,robots_unavailable,shortlist,Sultan Qaboos University medical journal,om,en,
wikibarta.wikimedia.org.bd,robots_unavailable,shortlist,WikiBarta,bd,bn,
wnus.usz.edu.pl,robots_unavailable,shortlist,Analiza i Egzystencja,pl,pl,
world-education-center.org,robots_unavailable,shortlist,Cypriot Journal of Educational Sciences,cy,,
wydawnictwo.uwm.edu.pl,robots_unavailable,shortlist,Echa Przeszlosci,pl,pl,
wyrwidab.come.uw.edu.pl,robots_unavailable,shortlist,EduAction : Electronic Education Magazine,pl,pl,
wzieu.pl,robots_unavailable,shortlist,Ekonomiczne Problemy Usług,pl,pl,
wzo.org.il,robots_unavailable,shortlist,Q6588699,il,he,
yaikrb.com,robots_unavailable,shortlist,Yaik,ru,ba,
yementv.tv,robots_unavailable,shortlist,Yemen TV,ye,,
yiddish.haifa.ac.il,robots_unavailable,shortlist,Khulyot,il,he,
ysu.am,robots_unavailable,shortlist,Q13052722,am,hy,
yuldash-sputnik.ru,robots_unavailable,shortlist,Q126726721,ru,tt,
zanjan.irib.ir,robots_unavailable,shortlist,Eshragh TV,ir,fa,
zara.by,robots_unavailable,shortlist,Q67199660,by,ru,
zartonkdaily.net,robots_unavailable,shortlist,Zartonk,lb,hy,
zbmu.ac.ir,robots_unavailable,shortlist,Faṣlnāmah-i Parastārī-i Diyābit,ir,fa,
zbornik.pf.uns.ac.rs,robots_unavailable,shortlist,Zbornik Radova: Pravni Fakultet u Novom Sadu,rs,sr,
zdjp.si,robots_unavailable,shortlist,Acta Histriae,si,sl,
zdravniskazbornica.si,robots_unavailable,shortlist,Isis,si,sl,
zeri-popullit.com,robots_unavailable,shortlist,Zëri i Popullit,al,sq,
zerockradio.com,robots_unavailable,shortlist,Q101951320,il,he,
zgodovinskicasopis.si,robots_unavailable,shortlist,Historical Review,si,en,
zipfm.lt,robots_unavailable,shortlist,Zip FM,lt,lt,
znp.pntu.edu.ua,robots_unavailable,shortlist,"Academic Journal Series: Industrial Machine Building, Civil Engineering",ua,uk,
zurnalai.vu.lt,robots_unavailable,shortlist,Problemos,lt,lt,
башкортостанкызы.рф,robots_unavailable,shortlist,Bashkortostan kyzy,ru,ba,
